2025-07-13 10:54:11,144 [INFO] Activator:176 - 


2025-07-13 10:54:11,148 [INFO] Activator:177 - !SESSION log4j initialized
2025-07-13 10:54:16,741 [INFO] LogOutputStream:77 - [STDOUT_REDIRECT] 
2025-07-13 10:54:17,552 [INFO] ApplicationProperties:184 - Using Application install path: C:\ST\STM32CubeIDE_1.18.0\STM32CubeIDE\plugins\com.st.stm32cube.common.mx_6.14.0.202502271554
2025-07-13 10:54:17,573 [INFO] DbMcusXml:78 - Set database path to: C:\ST\STM32CubeIDE_1.18.0\STM32CubeIDE\plugins\com.st.stm32cube.common.mx_6.14.0.202502271554\\db\/mcu/
2025-07-13 10:54:17,573 [INFO] ApiDb:274 - Set plugin database path to: C:\ST\STM32CubeIDE_1.18.0\STM32CubeIDE\plugins\com.st.stm32cube.common.mx_6.14.0.202502271554\\db\/plugins/boardmanager/
2025-07-13 10:54:17,574 [WARN] ApiDb:259 - Overriding images path with different value:  => C:\ST\STM32CubeIDE_1.18.0\STM32CubeIDE\plugins\com.st.stm32cube.common.mx_6.14.0.202502271554\\db\/plugins/mcufinder/images/
2025-07-13 10:54:17,581 [INFO] ApiDb:250 - Set database path to: C:\Users\Alireza\.stmcufinder\plugins\mcufinder//mcu/
2025-07-13 10:54:17,582 [INFO] DbMcusAds:125 - Set database path to: C:\Users\Alireza\.stmcufinder\plugins\mcufinder//mcu/
2025-07-13 10:54:17,585 [INFO] CrossReferenceDbSqlite:203 - Set database path to: C:\Users\Alireza\.stmcufinder\plugins\mcufinder//mcu/cs/
2025-07-13 10:54:17,729 [INFO] RulesReader:64 - Compatibility file has been processed (301 Rules)
2025-07-13 10:54:17,817 [INFO] DbMcusXml:78 - Set database path to: C:\ST\STM32CubeIDE_1.18.0\STM32CubeIDE\plugins\com.st.stm32cube.common.mx_6.14.0.202502271554\\db\/mcu/
2025-07-13 10:54:17,817 [INFO] ApiDb:274 - Set plugin database path to: C:\ST\STM32CubeIDE_1.18.0\STM32CubeIDE\plugins\com.st.stm32cube.common.mx_6.14.0.202502271554\\db\/plugins/boardmanager/
2025-07-13 10:54:17,817 [INFO] ApiDb:261 - Set plugin images path to: C:\ST\STM32CubeIDE_1.18.0\STM32CubeIDE\plugins\com.st.stm32cube.common.mx_6.14.0.202502271554\\db\/plugins/mcufinder/images/
2025-07-13 10:54:17,818 [WARN] DbFile:41 - Overriding database path with different value: C:\Users\Alireza\.stmcufinder\plugins\mcufinder/ => C:\Users\Alireza\.stmcufinder\plugins\mcufinder
2025-07-13 10:54:17,818 [INFO] ApiDb:250 - Set database path to: C:\Users\Alireza\.stmcufinder\plugins\mcufinder//mcu/
2025-07-13 10:54:17,818 [WARN] DbFile:41 - Overriding database path with different value: C:\Users\Alireza\.stmcufinder\plugins\mcufinder/ => C:\Users\Alireza\.stmcufinder\plugins\mcufinder
2025-07-13 10:54:17,818 [INFO] DbMcusAds:125 - Set database path to: C:\Users\Alireza\.stmcufinder\plugins\mcufinder//mcu/
2025-07-13 10:54:17,818 [WARN] DbFile:41 - Overriding database path with different value: C:\Users\Alireza\.stmcufinder\plugins\mcufinder/ => C:\Users\Alireza\.stmcufinder\plugins\mcufinder
2025-07-13 10:54:17,818 [WARN] DbFile:41 - Overriding database path with different value: C:\Users\Alireza\.stmcufinder\plugins\mcufinder/ => C:\Users\Alireza\.stmcufinder\plugins\mcufinder
2025-07-13 10:54:17,818 [INFO] CrossReferenceDbSqlite:203 - Set database path to: C:\Users\Alireza\.stmcufinder\plugins\mcufinder//mcu/cs/
2025-07-13 10:54:17,917 [INFO] MainPanel:272 - HeapMemory: 268435456
2025-07-13 10:54:18,048 [INFO] DbMcusXml:78 - Set database path to: C:\ST\STM32CubeIDE_1.18.0\STM32CubeIDE\plugins\com.st.stm32cube.common.mx_6.14.0.202502271554\\db\/mcu/
2025-07-13 10:54:18,049 [INFO] ApiDb:274 - Set plugin database path to: C:\ST\STM32CubeIDE_1.18.0\STM32CubeIDE\plugins\com.st.stm32cube.common.mx_6.14.0.202502271554\\db\/plugins/boardmanager/
2025-07-13 10:54:18,049 [INFO] ApiDb:261 - Set plugin images path to: C:\ST\STM32CubeIDE_1.18.0\STM32CubeIDE\plugins\com.st.stm32cube.common.mx_6.14.0.202502271554\\db\/plugins/mcufinder/images/
2025-07-13 10:54:18,049 [WARN] DbFile:41 - Overriding database path with different value: C:\Users\Alireza\.stmcufinder\plugins\mcufinder/ => C:\Users\Alireza\.stmcufinder\plugins\mcufinder
2025-07-13 10:54:18,049 [INFO] ApiDb:250 - Set database path to: C:\Users\Alireza\.stmcufinder\plugins\mcufinder//mcu/
2025-07-13 10:54:18,049 [WARN] DbFile:41 - Overriding database path with different value: C:\Users\Alireza\.stmcufinder\plugins\mcufinder/ => C:\Users\Alireza\.stmcufinder\plugins\mcufinder
2025-07-13 10:54:18,050 [INFO] DbMcusAds:125 - Set database path to: C:\Users\Alireza\.stmcufinder\plugins\mcufinder//mcu/
2025-07-13 10:54:18,050 [WARN] DbFile:41 - Overriding database path with different value: C:\Users\Alireza\.stmcufinder\plugins\mcufinder/ => C:\Users\Alireza\.stmcufinder\plugins\mcufinder
2025-07-13 10:54:18,050 [WARN] DbFile:41 - Overriding database path with different value: C:\Users\Alireza\.stmcufinder\plugins\mcufinder/ => C:\Users\Alireza\.stmcufinder\plugins\mcufinder
2025-07-13 10:54:18,050 [INFO] CrossReferenceDbSqlite:203 - Set database path to: C:\Users\Alireza\.stmcufinder\plugins\mcufinder//mcu/cs/
2025-07-13 10:54:18,073 [INFO] ApplicationProperties:184 - Using Application install path: C:\ST\STM32CubeIDE_1.18.0\STM32CubeIDE\plugins\com.st.stm32cube.common.mx_6.14.0.202502271554
2025-07-13 10:54:18,075 [INFO] PluginManage:196 - Search for loadable plugins [exclusion list=, ]
2025-07-13 10:54:18,077 [INFO] PluginManage:310 - Check plugin analytics
2025-07-13 10:54:18,365 [INFO] AnalyticsPlugin:253 - Accepted Software Licenses: STM32CubeMX.6.13.0
2025-07-13 10:54:18,365 [INFO] AnalyticsPlugin:255 - Accepted CMSIS Pack Licenses: 
2025-07-13 10:54:18,365 [INFO] AnalyticsPlugin:257 - Accepted Firmware Licenses: FW.F4.1.28.0
2025-07-13 10:54:18,368 [INFO] PluginManage:359 - Loaded plugin analytics (category:tool,tabindex:-1)
2025-07-13 10:54:18,369 [INFO] PluginManage:310 - Check plugin cadmodel
2025-07-13 10:54:18,375 [INFO] CADModel:105 - Init CAD model plugin
2025-07-13 10:54:18,376 [INFO] PluginManage:359 - Loaded plugin cadmodel (category:power,tabindex:5)
2025-07-13 10:54:18,376 [INFO] PluginManage:310 - Check plugin clock
2025-07-13 10:54:18,386 [INFO] PluginManage:359 - Loaded plugin clock (category:base,tabindex:2)
2025-07-13 10:54:18,386 [INFO] PluginManage:310 - Check plugin ddr
2025-07-13 10:54:18,388 [INFO] PluginManage:359 - Loaded plugin ddr (category:tool,tabindex:6)
2025-07-13 10:54:18,389 [INFO] PluginManage:310 - Check plugin filemanager
2025-07-13 10:54:18,539 [INFO] PluginManage:359 - Loaded plugin filemanager (category:base,tabindex:10)
2025-07-13 10:54:18,539 [INFO] PluginManage:310 - Check plugin ipmanager
2025-07-13 10:54:18,547 [INFO] PluginManage:359 - Loaded plugin ipmanager (category:base,tabindex:5)
2025-07-13 10:54:18,547 [INFO] PluginManage:310 - Check plugin lpbam
2025-07-13 10:54:18,556 [INFO] PluginManage:359 - Loaded plugin lpbam (category:base,tabindex:0)
2025-07-13 10:54:18,556 [INFO] PluginManage:310 - Check plugin memorymap
2025-07-13 10:54:18,572 [INFO] PluginManage:359 - Loaded plugin memorymap (category:base,tabindex:4)
2025-07-13 10:54:18,573 [INFO] PluginManage:310 - Check plugin pinoutandconfiguration
2025-07-13 10:54:18,583 [INFO] PluginManage:359 - Loaded plugin pinoutandconfiguration (category:base,tabindex:1)
2025-07-13 10:54:18,583 [INFO] PluginManage:310 - Check plugin pinoutconfig
2025-07-13 10:54:18,689 [WARN] SupportedApi:132 - Cannot load RTOS API schema: s4s-elt-must-match.1: The content of 'definitions' must match (annotation?, (simpleType | complexType)?, (unique | key | keyref)*)). A problem was found starting at: attribute.
2025-07-13 10:54:18,851 [INFO] PluginManage:359 - Loaded plugin pinoutconfig (category:base,tabindex:0)
2025-07-13 10:54:18,851 [INFO] PluginManage:310 - Check plugin power
2025-07-13 10:54:18,864 [INFO] PluginManage:359 - Loaded plugin power (category:power,tabindex:4)
2025-07-13 10:54:18,864 [INFO] PluginManage:310 - Check plugin projectmanager
2025-07-13 10:54:18,882 [INFO] PluginManage:359 - Loaded plugin projectmanager (category:projectmanager,tabindex:4)
2025-07-13 10:54:18,882 [INFO] PluginManage:310 - Check plugin rif
2025-07-13 10:54:18,891 [INFO] PluginManage:359 - Loaded plugin rif (category:base,tabindex:3)
2025-07-13 10:54:18,891 [INFO] PluginManage:310 - Check plugin thirdparty
2025-07-13 10:54:19,030 [WARN] IntegrityCheckThread:84 - waiting for thirdparty lock release [integrity check]
2025-07-13 10:54:19,030 [INFO] PluginManage:359 - Loaded plugin thirdparty (category:base,tabindex:-1)
2025-07-13 10:54:19,031 [INFO] IntegrityCheckThread:86 - entering critical section [integrity check]
2025-07-13 10:54:19,031 [INFO] PluginManage:310 - Check plugin tools
2025-07-13 10:54:19,031 [INFO] ThirdPartyUpdaterWithRetryManager:70 - Updater plugin not ready yet. [1/15]
2025-07-13 10:54:19,034 [INFO] PluginManage:359 - Loaded plugin tools (category:base,tabindex:7)
2025-07-13 10:54:19,034 [INFO] PluginManage:310 - Check plugin tutovideos
2025-07-13 10:54:19,091 [ERROR] ConfigurationRetriever:142 - IOException on connection: Connect timed out
2025-07-13 10:54:19,189 [INFO] PluginManage:359 - Loaded plugin tutovideos (category:base,tabindex:-1)
2025-07-13 10:54:19,189 [INFO] PluginManage:310 - Check plugin updater
2025-07-13 10:54:19,209 [INFO] PluginManage:359 - Loaded plugin updater (category:base,tabindex:12)
2025-07-13 10:54:19,209 [INFO] PluginManage:310 - Check plugin userauth
2025-07-13 10:54:19,212 [INFO] UserAuth:118 - Init User Auth plugin
2025-07-13 10:54:19,213 [INFO] PluginManage:359 - Loaded plugin userauth (category:base,tabindex:14)
2025-07-13 10:54:19,214 [INFO] PluginManage:283 - PluginManage : Loaded plugins [18]
2025-07-13 10:54:19,374 [INFO] PinOutPanel:1589 - setPackage(No Configuration,No Configuration)
2025-07-13 10:54:19,439 [INFO] CADModel:165 - CPN selected for project level
2025-07-13 10:54:19,439 [INFO] CADModel:114 - Register for checkConnection events
2025-07-13 10:54:19,457 [INFO] IPUIPlugin:80 - create IPUIPlugin
2025-07-13 10:54:19,457 [INFO] PluginManager:220 - loadIPPluginJar : add adc
2025-07-13 10:54:19,460 [INFO] IPUIPlugin:80 - create IPUIPlugin
2025-07-13 10:54:19,460 [INFO] PluginManager:220 - loadIPPluginJar : add aes
2025-07-13 10:54:19,462 [INFO] IPUIPlugin:80 - create IPUIPlugin
2025-07-13 10:54:19,462 [INFO] PluginManager:220 - loadIPPluginJar : add can
2025-07-13 10:54:19,463 [INFO] IPUIPlugin:80 - create IPUIPlugin
2025-07-13 10:54:19,463 [INFO] PluginManager:220 - loadIPPluginJar : add comp
2025-07-13 10:54:19,465 [INFO] IPUIPlugin:80 - create IPUIPlugin
2025-07-13 10:54:19,466 [INFO] PluginManager:220 - loadIPPluginJar : add cryp
2025-07-13 10:54:19,468 [INFO] IPUIPlugin:80 - create IPUIPlugin
2025-07-13 10:54:19,468 [INFO] PluginManager:220 - loadIPPluginJar : add ddr_ctrl_phy
2025-07-13 10:54:19,470 [INFO] IPUIPlugin:80 - create IPUIPlugin
2025-07-13 10:54:19,471 [INFO] PluginManager:220 - loadIPPluginJar : add dfsdm
2025-07-13 10:54:19,475 [INFO] IPUIPlugin:80 - create IPUIPlugin
2025-07-13 10:54:19,475 [INFO] PluginManager:220 - loadIPPluginJar : add dma
2025-07-13 10:54:19,478 [INFO] IPUIPlugin:80 - create IPUIPlugin
2025-07-13 10:54:19,478 [INFO] PluginManager:220 - loadIPPluginJar : add dma3
2025-07-13 10:54:19,481 [INFO] IPUIPlugin:80 - create IPUIPlugin
2025-07-13 10:54:19,481 [INFO] PluginManager:220 - loadIPPluginJar : add extmemmanager
2025-07-13 10:54:19,482 [INFO] IPUIPlugin:80 - create IPUIPlugin
2025-07-13 10:54:19,482 [INFO] PluginManager:220 - loadIPPluginJar : add fatfs
2025-07-13 10:54:19,486 [INFO] IPUIPlugin:80 - create IPUIPlugin
2025-07-13 10:54:19,486 [INFO] PluginManager:220 - loadIPPluginJar : add fmc
2025-07-13 10:54:19,491 [INFO] IPUIPlugin:80 - create IPUIPlugin
2025-07-13 10:54:19,492 [INFO] PluginManager:220 - loadIPPluginJar : add freertos
2025-07-13 10:54:19,493 [INFO] IPUIPlugin:80 - create IPUIPlugin
2025-07-13 10:54:19,493 [INFO] PluginManager:220 - loadIPPluginJar : add genericplugin
2025-07-13 10:54:19,495 [INFO] IPUIPlugin:80 - create IPUIPlugin
2025-07-13 10:54:19,495 [INFO] PluginManager:220 - loadIPPluginJar : add gfxmmu
2025-07-13 10:54:19,498 [INFO] IPUIPlugin:80 - create IPUIPlugin
2025-07-13 10:54:19,499 [INFO] PluginManager:220 - loadIPPluginJar : add gic
2025-07-13 10:54:19,502 [INFO] IPUIPlugin:80 - create IPUIPlugin
2025-07-13 10:54:19,502 [INFO] PluginManager:220 - loadIPPluginJar : add gpio
2025-07-13 10:54:19,505 [INFO] IPUIPlugin:80 - create IPUIPlugin
2025-07-13 10:54:19,505 [INFO] PluginManager:220 - loadIPPluginJar : add gtzc
2025-07-13 10:54:19,507 [INFO] IPUIPlugin:80 - create IPUIPlugin
2025-07-13 10:54:19,507 [INFO] PluginManager:220 - loadIPPluginJar : add hash
2025-07-13 10:54:19,509 [INFO] IPUIPlugin:80 - create IPUIPlugin
2025-07-13 10:54:19,509 [INFO] PluginManager:220 - loadIPPluginJar : add i2c
2025-07-13 10:54:19,511 [INFO] IPUIPlugin:80 - create IPUIPlugin
2025-07-13 10:54:19,511 [INFO] PluginManager:220 - loadIPPluginJar : add i2s
2025-07-13 10:54:19,513 [INFO] IPUIPlugin:80 - create IPUIPlugin
2025-07-13 10:54:19,513 [INFO] PluginManager:220 - loadIPPluginJar : add i3c
2025-07-13 10:54:19,515 [INFO] IPUIPlugin:80 - create IPUIPlugin
2025-07-13 10:54:19,515 [INFO] PluginManager:220 - loadIPPluginJar : add ipddr
2025-07-13 10:54:19,521 [INFO] IPUIPlugin:80 - create IPUIPlugin
2025-07-13 10:54:19,521 [INFO] PluginManager:220 - loadIPPluginJar : add linkedlist
2025-07-13 10:54:19,523 [INFO] IPUIPlugin:80 - create IPUIPlugin
2025-07-13 10:54:19,523 [INFO] PluginManager:220 - loadIPPluginJar : add lorawan
2025-07-13 10:54:19,525 [INFO] IPUIPlugin:80 - create IPUIPlugin
2025-07-13 10:54:19,525 [INFO] PluginManager:220 - loadIPPluginJar : add ltdc
2025-07-13 10:54:19,529 [INFO] IPUIPlugin:80 - create IPUIPlugin
2025-07-13 10:54:19,529 [INFO] PluginManager:220 - loadIPPluginJar : add mdma
2025-07-13 10:54:19,534 [INFO] IPUIPlugin:80 - create IPUIPlugin
2025-07-13 10:54:19,534 [INFO] PluginManager:220 - loadIPPluginJar : add nvic
2025-07-13 10:54:19,537 [INFO] IPUIPlugin:80 - create IPUIPlugin
2025-07-13 10:54:19,537 [INFO] PluginManager:220 - loadIPPluginJar : add opamp
2025-07-13 10:54:19,540 [INFO] IPUIPlugin:80 - create IPUIPlugin
2025-07-13 10:54:19,540 [INFO] PluginManager:220 - loadIPPluginJar : add openamp
2025-07-13 10:54:19,543 [INFO] IPUIPlugin:80 - create IPUIPlugin
2025-07-13 10:54:19,544 [INFO] PluginManager:220 - loadIPPluginJar : add pdm2pcm
2025-07-13 10:54:19,549 [INFO] IPUIPlugin:80 - create IPUIPlugin
2025-07-13 10:54:19,552 [INFO] PluginManager:220 - loadIPPluginJar : add plateformsettings
2025-07-13 10:54:19,554 [INFO] IPUIPlugin:80 - create IPUIPlugin
2025-07-13 10:54:19,554 [INFO] PluginManager:220 - loadIPPluginJar : add quadspi
2025-07-13 10:54:19,556 [INFO] IPUIPlugin:80 - create IPUIPlugin
2025-07-13 10:54:19,557 [INFO] PluginManager:220 - loadIPPluginJar : add radio
2025-07-13 10:54:19,563 [INFO] IPUIPlugin:80 - create IPUIPlugin
2025-07-13 10:54:19,563 [INFO] PluginManager:220 - loadIPPluginJar : add resmgrutility
2025-07-13 10:54:19,567 [INFO] IPUIPlugin:80 - create IPUIPlugin
2025-07-13 10:54:19,567 [INFO] PluginManager:220 - loadIPPluginJar : add sai
2025-07-13 10:54:19,570 [INFO] IPUIPlugin:80 - create IPUIPlugin
2025-07-13 10:54:19,570 [INFO] PluginManager:220 - loadIPPluginJar : add spi
2025-07-13 10:54:19,575 [INFO] IPUIPlugin:80 - create IPUIPlugin
2025-07-13 10:54:19,576 [INFO] PluginManager:220 - loadIPPluginJar : add stm32_wpan
2025-07-13 10:54:19,578 [INFO] IPUIPlugin:80 - create IPUIPlugin
2025-07-13 10:54:19,578 [INFO] PluginManager:220 - loadIPPluginJar : add tim
2025-07-13 10:54:19,581 [INFO] IPUIPlugin:80 - create IPUIPlugin
2025-07-13 10:54:19,581 [INFO] PluginManager:220 - loadIPPluginJar : add touchsensing
2025-07-13 10:54:19,583 [INFO] IPUIPlugin:80 - create IPUIPlugin
2025-07-13 10:54:19,583 [INFO] PluginManager:220 - loadIPPluginJar : add tracer_emb
2025-07-13 10:54:19,585 [INFO] IPUIPlugin:80 - create IPUIPlugin
2025-07-13 10:54:19,585 [INFO] PluginManager:220 - loadIPPluginJar : add ts
2025-07-13 10:54:19,587 [INFO] IPUIPlugin:80 - create IPUIPlugin
2025-07-13 10:54:19,587 [INFO] PluginManager:220 - loadIPPluginJar : add tsc
2025-07-13 10:54:19,588 [INFO] IPUIPlugin:80 - create IPUIPlugin
2025-07-13 10:54:19,588 [INFO] PluginManager:220 - loadIPPluginJar : add ucpd
2025-07-13 10:54:19,590 [INFO] IPUIPlugin:80 - create IPUIPlugin
2025-07-13 10:54:19,590 [INFO] PluginManager:220 - loadIPPluginJar : add usart
2025-07-13 10:54:19,594 [INFO] IPUIPlugin:80 - create IPUIPlugin
2025-07-13 10:54:19,594 [INFO] PluginManager:220 - loadIPPluginJar : add usbx
2025-07-13 10:54:19,706 [FATAL] Updater:351 - Updater called before beeing initialized
2025-07-13 10:54:19,753 [INFO] RulesReader:64 - Compatibility file has been processed (301 Rules)
2025-07-13 10:54:19,767 [INFO] RulesReader:64 - Compatibility file has been processed (301 Rules)
2025-07-13 10:54:19,777 [INFO] CADModel:165 - CPN selected for project level
2025-07-13 10:54:19,777 [INFO] CADModel:114 - Register for checkConnection events
2025-07-13 10:54:19,777 [FATAL] Updater:351 - Updater called before beeing initialized
2025-07-13 10:54:19,777 [ERROR] CADModel:125 - Updater not yet initialized, retry later 
2025-07-13 10:54:19,907 [FATAL] Updater:351 - Updater called before beeing initialized
2025-07-13 10:54:19,909 [INFO] CADModel:165 - CPN selected for project level
2025-07-13 10:54:19,909 [INFO] CADModel:114 - Register for checkConnection events
2025-07-13 10:54:19,909 [FATAL] Updater:351 - Updater called before beeing initialized
2025-07-13 10:54:19,909 [ERROR] CADModel:125 - Updater not yet initialized, retry later 
2025-07-13 10:54:19,911 [FATAL] Updater:351 - Updater called before beeing initialized
2025-07-13 10:54:20,018 [FATAL] Updater:351 - Updater called before beeing initialized
2025-07-13 10:54:20,021 [INFO] DbMcusAds:53 - JSON generation date=Wed May 07 12:37:55 IRST 2025 (1746608875484)
2025-07-13 10:54:20,022 [FATAL] Updater:351 - Updater called before beeing initialized
2025-07-13 10:54:20,050 [WARN] DetailPanel:346 - Failed to get advertising image, set to default
2025-07-13 10:54:20,247 [FATAL] Updater:351 - Updater called before beeing initialized
2025-07-13 10:54:20,249 [FATAL] Updater:351 - Updater called before beeing initialized
2025-07-13 10:54:20,249 [FATAL] Updater:351 - Updater called before beeing initialized
2025-07-13 10:54:20,249 [WARN] DetailPanel:346 - Failed to get advertising image, set to default
2025-07-13 10:54:20,250 [FATAL] Updater:351 - Updater called before beeing initialized
2025-07-13 10:54:20,289 [ERROR] Updater:1198 - MainUpdater not yet initialized. External WinMGr cannot be set.
2025-07-13 10:54:20,296 [INFO] Updater:1134 - Updater Version found : 6.14.0
2025-07-13 10:54:20,311 [INFO] ApplicationProperties:184 - Using Application install path: C:\ST\STM32CubeIDE_1.18.0\STM32CubeIDE\plugins\com.st.stm32cube.common.mx_6.14.0.202502271554
2025-07-13 10:54:20,346 [INFO] MainUpdater:525 - Copy updater definitions from MX database
2025-07-13 10:54:21,093 [ERROR] ConfigurationRetriever:142 - IOException on connection: Connect timed out
2025-07-13 10:54:22,032 [INFO] ThirdPartyUpdaterWithRetryManager:70 - Updater plugin not ready yet. [2/15]
2025-07-13 10:54:22,719 [INFO] McuFinderGlobals:63 - Set McuFinder mode to 2 (CubeIDE integrated)
2025-07-13 10:54:22,765 [ERROR] CheckConnectionManager:249 - Problem, Http access forbiden
2025-07-13 10:54:22,768 [INFO] MainUpdater:2872 - connection check result : 22
2025-07-13 10:54:22,769 [INFO] MainUpdater:289 - Updater Check For Update Now.
2025-07-13 10:54:22,769 [INFO] MicroXplorer:498 - Change Database Version : DB.6.0.140
2025-07-13 10:54:22,784 [INFO] McuFinderGlobals:63 - Set McuFinder mode to 2 (CubeIDE integrated)
2025-07-13 10:54:22,784 [INFO] UserAuth:486 - Internet connection configuration mode: 2
2025-07-13 10:54:22,787 [INFO] UserAuth:486 - Internet connection configuration mode: 2
2025-07-13 10:54:22,950 [INFO] CheckServerUpdateThread:120 - End of CheckServer Thread
2025-07-13 10:54:23,094 [ERROR] ConfigurationRetriever:142 - IOException on connection: Connect timed out
2025-07-13 10:54:23,371 [ERROR] ConfigurationRetriever:142 - IOException on connection: Connect timed out
2025-07-13 10:54:24,308 [ERROR] CheckConnectionManager:249 - Problem, Http access forbiden
2025-07-13 10:54:24,310 [INFO] MainUpdater:2872 - connection check result : 22
2025-07-13 10:54:25,034 [WARN] MainUpdater:1193 - Updater busy. Cannot search thirdparties
2025-07-13 10:54:25,035 [INFO] ThirdPartyUpdaterWithRetryManager:96 - Updater plugin is busy. [1/15]
2025-07-13 10:54:25,708 [ERROR] CheckConnectionManager:249 - Problem, Http access forbiden
2025-07-13 10:54:25,710 [INFO] MainUpdater:2872 - connection check result : 22
2025-07-13 10:54:28,179 [WARN] PackLoader:240 - Cannot read IP mode file for STMicroelectronics.FP-SNS-MOTENVWB1.1.4.0
2025-07-13 10:54:28,188 [WARN] PackLoader:240 - Cannot read IP mode file for STMicroelectronics.FP-ATR-ASTRA1.2.0.2
2025-07-13 10:54:28,194 [WARN] PackLoader:240 - Cannot read IP mode file for STMicroelectronics.X-CUBE-SMBUS.2.1.0
2025-07-13 10:54:28,197 [WARN] PackLoader:240 - Cannot read IP mode file for STMicroelectronics.X-CUBE-ST60.1.0.0
2025-07-13 10:54:28,227 [WARN] PackLoader:240 - Cannot read IP mode file for STMicroelectronics.X-CUBE-AZRTOS-F7.1.1.0
2025-07-13 10:54:28,250 [WARN] PackLoader:240 - Cannot read IP mode file for Infineon.AIROC-Wi-Fi-Bluetooth-STM32.1.7.0
2025-07-13 10:54:28,261 [WARN] PackLoader:240 - Cannot read IP mode file for STMicroelectronics.X-CUBE-DISPLAY.3.0.0
2025-07-13 10:54:28,269 [WARN] PackLoader:240 - Cannot read IP mode file for STMicroelectronics.X-CUBE-NFC10.1.0.0
2025-07-13 10:54:28,277 [WARN] PackLoader:240 - Cannot read IP mode file for STMicroelectronics.X-CUBE-BLEMGR.4.0.0
2025-07-13 10:54:28,283 [WARN] PackLoader:240 - Cannot read IP mode file for emotas.I-CUBE-CANOPEN.1.3.0
2025-07-13 10:54:28,286 [WARN] ConditionMgr:438 - getConditionDescription Invalid condition id : Cortex-A Device cause : null
2025-07-13 10:54:28,296 [WARN] ConditionMgr:1044 - genDependencies : Invalid condition id : Cortex-A Device cause : null
2025-07-13 10:54:28,296 [WARN] ConditionMgr:1044 - genDependencies : Invalid condition id : Cortex-A Device cause : null
2025-07-13 10:54:28,296 [WARN] ConditionMgr:1044 - genDependencies : Invalid condition id : Cortex-A Device cause : null
2025-07-13 10:54:28,298 [WARN] PackLoader:240 - Cannot read IP mode file for STMicroelectronics.X-CUBE-AI.10.0.0
2025-07-13 10:54:28,301 [WARN] PackLoader:240 - Cannot read IP mode file for STMicroelectronics.FP-SNS-SMARTAG2.1.2.0
2025-07-13 10:54:28,304 [WARN] PackLoader:240 - Cannot read IP mode file for STMicroelectronics.FP-SNS-FLIGHT1.5.1.0
2025-07-13 10:54:28,312 [INFO] LogOutputStream:77 - [STDOUT_REDIRECT] 1 : Invalid condition id : UX_CORESTACK_Condition cause : null
2025-07-13 10:54:28,312 [INFO] LogOutputStream:77 - [STDOUT_REDIRECT] 1 : Invalid condition id : UX_CORESTACK_Condition cause : null
2025-07-13 10:54:28,313 [INFO] LogOutputStream:77 - [STDOUT_REDIRECT] 1 : Invalid condition id : UX_CORESTACK_Condition cause : null
2025-07-13 10:54:28,314 [INFO] LogOutputStream:77 - [STDOUT_REDIRECT] 1 : Invalid condition id : UX_CORESTACK_Condition cause : null
2025-07-13 10:54:28,315 [INFO] LogOutputStream:77 - [STDOUT_REDIRECT] 1 : Invalid condition id : UX_CORESTACK_Condition cause : null
2025-07-13 10:54:28,317 [WARN] PackLoader:240 - Cannot read IP mode file for STMicroelectronics.X-CUBE-AZRTOS-WL.2.0.0
2025-07-13 10:54:28,320 [WARN] PackLoader:240 - Cannot read IP mode file for STMicroelectronics.FP-SNS-MOTENV1.5.0.0
2025-07-13 10:54:28,329 [WARN] PackLoader:240 - Cannot read IP mode file for WES.I-CUBE-Cesium.1.3.0
2025-07-13 10:54:28,333 [WARN] PackLoader:240 - Cannot read IP mode file for STMicroelectronics.X-CUBE-BLE2.3.3.0
2025-07-13 10:54:28,338 [WARN] PackLoader:240 - Cannot read IP mode file for STMicroelectronics.X-CUBE-NFC9.1.0.0
2025-07-13 10:54:28,342 [WARN] PackLoader:240 - Cannot read IP mode file for STMicroelectronics.X-CUBE-BLE1.7.1.0
2025-07-13 10:54:28,345 [WARN] PackLoader:240 - Cannot read IP mode file for wolfSSL.I-CUBE-wolfMQTT.1.19.2
2025-07-13 10:54:28,347 [WARN] PackLoader:240 - Cannot read IP mode file for STMicroelectronics.X-CUBE-AI.10.1.0
2025-07-13 10:54:28,373 [ERROR] ConfigurationRetriever:142 - IOException on connection: Connect timed out
2025-07-13 10:54:28,386 [WARN] PackLoader:240 - Cannot read IP mode file for STMicroelectronics.X-CUBE-MEMS1.11.2.0
2025-07-13 10:54:28,479 [WARN] PackLoader:240 - Cannot read IP mode file for STMicroelectronics.X-CUBE-AZRTOS-G0.1.1.0
2025-07-13 10:54:28,487 [WARN] PackLoader:240 - Cannot read IP mode file for STMicroelectronics.X-CUBE-SAFEA1.1.2.2
2025-07-13 10:54:28,491 [WARN] PackLoader:240 - Cannot read IP mode file for STMicroelectronics.X-CUBE-NFC4.3.0.0
2025-07-13 10:54:28,498 [WARN] PackLoader:240 - Cannot read IP mode file for EmbeddedOffice.I-CUBE-FS-RTOS.1.0.1
2025-07-13 10:54:28,501 [WARN] PackLoader:240 - Cannot read IP mode file for STMicroelectronics.X-CUBE-WB05N.2.0.0
2025-07-13 10:54:28,505 [WARN] PackLoader:240 - Cannot read IP mode file for wolfSSL.I-CUBE-wolfTPM.3.8.0
2025-07-13 10:54:28,509 [WARN] PackLoader:240 - Cannot read IP mode file for STMicroelectronics.X-CUBE-TCPP.4.2.0
2025-07-13 10:54:28,513 [WARN] PackLoader:240 - Cannot read IP mode file for RealThread.X-CUBE-RT-Thread_Nano.4.1.1
2025-07-13 10:54:28,516 [WARN] PackLoader:240 - Cannot read IP mode file for STMicroelectronics.FP-ATR-SIGFOX1.3.2.0
2025-07-13 10:54:28,519 [WARN] PackLoader:240 - Cannot read IP mode file for STMicroelectronics.X-CUBE-EEPRMA1.5.1.0
2025-07-13 10:54:28,524 [WARN] PackLoader:240 - Cannot read IP mode file for wolfSSL.I-CUBE-wolfSSL.5.7.6
2025-07-13 10:54:28,528 [WARN] PackLoader:240 - Cannot read IP mode file for ITTIA_DB.I-CUBE-ITTIADB.8.9.0
2025-07-13 10:54:28,555 [WARN] PackLoader:240 - Cannot read IP mode file for SEGGER.I-CUBE-embOS.1.3.1
2025-07-13 10:54:28,599 [WARN] PackLoader:240 - Cannot read IP mode file for STMicroelectronics.X-CUBE-ALGOBUILD.1.4.0
2025-07-13 10:54:28,611 [WARN] PackLoader:240 - Cannot read IP mode file for STMicroelectronics.X-CUBE-AZRTOS-F4.1.1.0
2025-07-13 10:54:28,636 [WARN] PackLoader:240 - Cannot read IP mode file for Avnet-IotConnect.X-CUBE-IoTC-DA16k-PMOD.1.0.0
2025-07-13 10:54:28,642 [WARN] PackLoader:240 - Cannot read IP mode file for STMicroelectronics.X-CUBE-ISPU.2.1.0
2025-07-13 10:54:28,658 [WARN] PackLoader:240 - Cannot read IP mode file for STMicroelectronics.X-CUBE-AZRTOS-L5.2.0.0
2025-07-13 10:54:28,664 [WARN] PackLoader:240 - Cannot read IP mode file for STMicroelectronics.X-CUBE-NFC6.3.1.0
2025-07-13 10:54:28,669 [WARN] PackLoader:240 - Cannot read IP mode file for STMicroelectronics.X-CUBE-FREERTOS.1.3.1
2025-07-13 10:54:28,672 [WARN] PackLoader:240 - Cannot read IP mode file for STMicroelectronics.X-CUBE-FREERTOS.1.3.0
2025-07-13 10:54:28,676 [WARN] PackLoader:240 - Cannot read IP mode file for STMicroelectronics.X-CUBE-DPower.1.3.0
2025-07-13 10:54:28,690 [WARN] ConditionMgr:438 - getConditionDescription Invalid condition id : LAN8742 Phy interface Condition cause : null
2025-07-13 10:54:28,691 [WARN] PackLoader:240 - Cannot read IP mode file for STMicroelectronics.X-CUBE-AZRTOS-L4.2.0.0
2025-07-13 10:54:28,692 [WARN] ConditionMgr:1044 - genDependencies : Invalid condition id : LAN8742 Phy interface Condition cause : null
2025-07-13 10:54:28,692 [WARN] ConditionMgr:1044 - genDependencies : Invalid condition id : LAN8742 Phy interface Condition cause : null
2025-07-13 10:54:28,692 [WARN] ConditionMgr:1044 - genDependencies : Invalid condition id : LAN8742 Phy interface Condition cause : null
2025-07-13 10:54:28,698 [WARN] PackLoader:240 - Cannot read IP mode file for STMicroelectronics.X-CUBE-SFXS2LP1.4.0.0
2025-07-13 10:54:28,712 [WARN] PackLoader:240 - Cannot read IP mode file for STMicroelectronics.X-CUBE-AZRTOS-H7.3.3.0
2025-07-13 10:54:28,726 [WARN] ConditionMgr:438 - getConditionDescription Invalid condition id : UX DEVICE CLASS RTOS Condition cause : null
2025-07-13 10:54:28,727 [WARN] ConditionMgr:438 - getConditionDescription Invalid condition id : UX DEVICE CLASS RTOS Condition cause : null
2025-07-13 10:54:28,728 [WARN] PackLoader:240 - Cannot read IP mode file for STMicroelectronics.X-CUBE-AZRTOS-WB.2.0.0
2025-07-13 10:54:28,728 [WARN] ConditionMgr:1044 - genDependencies : Invalid condition id : UX DEVICE CLASS RTOS Condition cause : null
2025-07-13 10:54:28,728 [WARN] ConditionMgr:1044 - genDependencies : Invalid condition id : UX DEVICE CLASS RTOS Condition cause : null
2025-07-13 10:54:28,729 [WARN] ConditionMgr:1044 - genDependencies : Invalid condition id : UX DEVICE CLASS RTOS Condition cause : null
2025-07-13 10:54:28,729 [WARN] ConditionMgr:1044 - genDependencies : Invalid condition id : UX DEVICE CLASS RTOS Condition cause : null
2025-07-13 10:54:28,729 [WARN] ConditionMgr:1044 - genDependencies : Invalid condition id : UX DEVICE CLASS RTOS Condition cause : null
2025-07-13 10:54:28,733 [WARN] PackLoader:240 - Cannot read IP mode file for STMicroelectronics.X-CUBE-GNSS1.7.0.1
2025-07-13 10:54:28,737 [WARN] PackLoader:240 - Cannot read IP mode file for STMicroelectronics.X-CUBE-TOUCHGFX.4.25.0
2025-07-13 10:54:28,741 [WARN] PackLoader:240 - Cannot read IP mode file for STMicroelectronics.FP-SNS-STBOX1.2.0.0
2025-07-13 10:54:28,748 [WARN] PackLoader:240 - Cannot read IP mode file for STMicroelectronics.X-CUBE-SUBG2.5.0.0
2025-07-13 10:54:28,759 [WARN] PackLoader:240 - Cannot read IP mode file for STMicroelectronics.X-CUBE-AZRTOS-H7RS.1.1.0
2025-07-13 10:54:28,763 [WARN] PackLoader:240 - Cannot read IP mode file for Cesanta.I-CUBE-Mongoose.7.13.0
2025-07-13 10:54:28,771 [WARN] PackLoader:240 - Cannot read IP mode file for STMicroelectronics.X-CUBE-AZRTOS-G4.2.0.0
2025-07-13 10:54:28,774 [WARN] PackLoader:240 - Cannot read IP mode file for wolfSSL.I-CUBE-wolfSSH.1.4.20
2025-07-13 10:54:28,776 [WARN] PackLoader:240 - Cannot read IP mode file for STMicroelectronics.X-CUBE-NFC7.2.0.0
2025-07-13 10:54:28,785 [WARN] PackLoader:240 - Cannot read IP mode file for STMicroelectronics.X-CUBE-IPS.3.1.0
2025-07-13 10:54:28,791 [WARN] PackLoader:240 - Cannot read IP mode file for STMicroelectronics.X-CUBE-ALS.1.0.2
2025-07-13 10:54:28,795 [WARN] PackLoader:240 - Cannot read IP mode file for portGmbH.I-Cube-SoM-uGOAL.1.1.0
2025-07-13 10:54:28,802 [WARN] PackLoader:240 - Cannot read IP mode file for STMicroelectronics.X-CUBE-TOF1.3.4.3
2025-07-13 10:54:28,809 [INFO] ThirdParty:978 - Integrity check success = true
2025-07-13 10:54:28,809 [INFO] IntegrityCheckThread:100 - exiting critical section [integrity check]
2025-07-13 10:54:28,809 [INFO] IntegrityCheckThread:103 - End integrity checks thread
2025-07-13 10:54:29,332 [INFO] MicroXplorer:468 - Change Database Path : 
2025-07-13 10:54:29,332 [INFO] MicroXplorer:498 - Change Database Version : DB.6.0.140
2025-07-13 10:54:29,337 [WARN] ThirdParty:871 - waiting for thirdparty lock release [close project]
2025-07-13 10:54:29,337 [INFO] ThirdParty:873 - entering critical section [close project]
2025-07-13 10:54:29,338 [INFO] ThirdParty:883 - exiting critical section [close project]
2025-07-13 10:54:29,340 [INFO] PinOutPanel:1589 - setPackage(No Configuration,No Configuration)
2025-07-13 10:54:29,344 [INFO] UtilMem:75 - Begin LoadConfig() Used Memory: 213682048 Bytes (340787200)
2025-07-13 10:54:29,345 [INFO] MicroXplorer:468 - Change Database Path : 
2025-07-13 10:54:29,345 [INFO] MicroXplorer:498 - Change Database Version : DB.6.0.140
2025-07-13 10:54:29,346 [INFO] OpenFileManager:354 - Change cursor
2025-07-13 10:54:29,371 [INFO] Mcu:2011 - Initializing MCU STM32F401C(B-C)Ux STM32F401CCUx STM32F401CCU6
2025-07-13 10:54:30,143 [INFO] Context:756 - Trying to add GPIOservice into a context  which must be forbidden
2025-07-13 10:54:30,417 [INFO] ImportTextPane:218 - (OptionalMessage_ERROR) Pin5 (VP_RIF_VS_RIF1) cannot be retrieved for this MCU
2025-07-13 10:54:30,557 [INFO] RtosManager:558 - Registered RTOS mode: class=CMSIS, group=RTOS, mode=CMSIS_V1, owner=FREERTOS
2025-07-13 10:54:30,557 [INFO] RtosManager:558 - Registered RTOS mode: class=CMSIS, group=RTOS2, mode=CMSIS_V2, owner=FREERTOS
2025-07-13 10:54:30,557 [INFO] RtosManager:558 - Registered RTOS mode: class=RTOS, group=Core, mode=CMSIS_V1, owner=FREERTOS
2025-07-13 10:54:30,557 [INFO] RtosManager:558 - Registered RTOS mode: class=RTOS, group=Core, mode=CMSIS_V2, owner=FREERTOS
2025-07-13 10:54:30,558 [WARN] ModelIntegratedComponent:184 - Missing modes for component STMicroelectronics:FreeRTOS:0.0.1:STMicroelectronics:RTOS:FreeRTOS:Core:::10.2.0:
2025-07-13 10:54:30,568 [WARN] ModelIntegratedComponent:182 - Modes not found for component STMicroelectronics:USB_HOST:1.0.0:STMicroelectronics:USB::USB Host:Audio HS::1.0:USB_HOST_1_0_RESTRICTED_HS
2025-07-13 10:54:30,568 [WARN] ModelIntegratedComponent:188 - Modes not found for component STMicroelectronics:USB_HOST:1.0.0:STMicroelectronics:USB::USB Host:Audio HS::1.0:USB_HOST_1_0_RESTRICTED_HS
2025-07-13 10:54:30,568 [WARN] ModelIntegratedComponent:182 - Modes not found for component STMicroelectronics:USB_HOST:1.0.0:STMicroelectronics:USB::USB Host:CDC HS::1.0:USB_HOST_1_0_RESTRICTED_HS
2025-07-13 10:54:30,568 [WARN] ModelIntegratedComponent:188 - Modes not found for component STMicroelectronics:USB_HOST:1.0.0:STMicroelectronics:USB::USB Host:CDC HS::1.0:USB_HOST_1_0_RESTRICTED_HS
2025-07-13 10:54:30,568 [WARN] ModelIntegratedComponent:182 - Modes not found for component STMicroelectronics:USB_HOST:1.0.0:STMicroelectronics:USB::USB Host:MSC HS::1.0:USB_HOST_1_0_RESTRICTED_HS
2025-07-13 10:54:30,569 [WARN] ModelIntegratedComponent:188 - Modes not found for component STMicroelectronics:USB_HOST:1.0.0:STMicroelectronics:USB::USB Host:MSC HS::1.0:USB_HOST_1_0_RESTRICTED_HS
2025-07-13 10:54:30,569 [WARN] ModelIntegratedComponent:182 - Modes not found for component STMicroelectronics:USB_HOST:1.0.0:STMicroelectronics:USB::USB Host:HID HS::1.0:USB_HOST_1_0_RESTRICTED_HS
2025-07-13 10:54:30,569 [WARN] ModelIntegratedComponent:188 - Modes not found for component STMicroelectronics:USB_HOST:1.0.0:STMicroelectronics:USB::USB Host:HID HS::1.0:USB_HOST_1_0_RESTRICTED_HS
2025-07-13 10:54:30,569 [WARN] ModelIntegratedComponent:182 - Modes not found for component STMicroelectronics:USB_HOST:1.0.0:STMicroelectronics:USB::USB Host:MTP HS::1.0:USB_HOST_1_0_RESTRICTED_HS
2025-07-13 10:54:30,569 [WARN] ModelIntegratedComponent:188 - Modes not found for component STMicroelectronics:USB_HOST:1.0.0:STMicroelectronics:USB::USB Host:MTP HS::1.0:USB_HOST_1_0_RESTRICTED_HS
2025-07-13 10:54:30,576 [WARN] ModelIntegratedComponent:63 - No mode defined for component null
2025-07-13 10:54:30,577 [WARN] ModelIntegratedComponent:63 - No mode defined for component null
2025-07-13 10:54:30,577 [WARN] ModelIntegratedComponent:63 - No mode defined for component null
2025-07-13 10:54:30,577 [WARN] ModelIntegratedComponent:63 - No mode defined for component null
2025-07-13 10:54:30,577 [WARN] ModelIntegratedComponent:63 - No mode defined for component null
2025-07-13 10:54:30,577 [WARN] ModelIntegratedComponent:63 - No mode defined for component null
2025-07-13 10:54:30,577 [WARN] ModelIntegratedComponent:63 - No mode defined for component null
2025-07-13 10:54:30,577 [WARN] ModelIntegratedComponent:63 - No mode defined for component null
2025-07-13 10:54:30,577 [WARN] ModelIntegratedComponent:63 - No mode defined for component null
2025-07-13 10:54:30,577 [WARN] ModelIntegratedComponent:63 - No mode defined for component null
2025-07-13 10:54:30,577 [WARN] ModelIntegratedComponent:63 - No mode defined for component null
2025-07-13 10:54:30,577 [WARN] ModelIntegratedComponent:63 - No mode defined for component null
2025-07-13 10:54:30,577 [WARN] ModelIntegratedComponent:63 - No mode defined for component null
2025-07-13 10:54:30,577 [WARN] ModelIntegratedComponent:63 - No mode defined for component null
2025-07-13 10:54:30,577 [WARN] ModelIntegratedComponent:63 - No mode defined for component null
2025-07-13 10:54:30,577 [WARN] ModelIntegratedComponent:63 - No mode defined for component null
2025-07-13 10:54:30,577 [WARN] ModelIntegratedComponent:63 - No mode defined for component null
2025-07-13 10:54:30,577 [WARN] ModelIntegratedComponent:63 - No mode defined for component null
2025-07-13 10:54:30,577 [WARN] ModelIntegratedComponent:63 - No mode defined for component null
2025-07-13 10:54:30,577 [WARN] ModelIntegratedComponent:63 - No mode defined for component null
2025-07-13 10:54:30,577 [WARN] ModelIntegratedComponent:63 - No mode defined for component null
2025-07-13 10:54:30,577 [WARN] ModelIntegratedComponent:63 - No mode defined for component null
2025-07-13 10:54:30,577 [WARN] ModelIntegratedComponent:63 - No mode defined for component null
2025-07-13 10:54:30,577 [WARN] ModelIntegratedComponent:63 - No mode defined for component null
2025-07-13 10:54:30,577 [WARN] ModelIntegratedComponent:63 - No mode defined for component null
2025-07-13 10:54:30,577 [WARN] ModelIntegratedComponent:63 - No mode defined for component null
2025-07-13 10:54:30,577 [WARN] ModelIntegratedComponent:63 - No mode defined for component null
2025-07-13 10:54:30,577 [WARN] ModelIntegratedComponent:63 - No mode defined for component null
2025-07-13 10:54:30,577 [WARN] ModelIntegratedComponent:63 - No mode defined for component null
2025-07-13 10:54:30,577 [WARN] ModelIntegratedComponent:63 - No mode defined for component null
2025-07-13 10:54:30,577 [WARN] ModelIntegratedComponent:63 - No mode defined for component null
2025-07-13 10:54:30,577 [WARN] ModelIntegratedComponent:63 - No mode defined for component null
2025-07-13 10:54:30,577 [WARN] ModelIntegratedComponent:63 - No mode defined for component null
2025-07-13 10:54:30,578 [WARN] ModelIntegratedComponent:63 - No mode defined for component null
2025-07-13 10:54:30,578 [WARN] ModelIntegratedComponent:63 - No mode defined for component null
2025-07-13 10:54:30,578 [WARN] ModelPack:524 - Component already loaded: STMicroelectronics:HAL Drivers:0.0.0:STMicroelectronics:Device:STMicro_Driver:XSPI:HAL::0.0.1:HAL_XSPI
2025-07-13 10:54:30,586 [WARN] ModelIntegratedComponent:182 - Modes not found for component STMicroelectronics:USB_DEVICE:1.0.0:STMicroelectronics:USB::USB Device:Audio HS::1.0:USB_DEVICE_1_0_RESTRICTED_HS
2025-07-13 10:54:30,587 [WARN] ModelIntegratedComponent:188 - Modes not found for component STMicroelectronics:USB_DEVICE:1.0.0:STMicroelectronics:USB::USB Device:Audio HS::1.0:USB_DEVICE_1_0_RESTRICTED_HS
2025-07-13 10:54:30,587 [WARN] ModelIntegratedComponent:182 - Modes not found for component STMicroelectronics:USB_DEVICE:1.0.0:STMicroelectronics:USB::USB Device:CDC HS::1.0:USB_DEVICE_1_0_RESTRICTED_HS
2025-07-13 10:54:30,587 [WARN] ModelIntegratedComponent:188 - Modes not found for component STMicroelectronics:USB_DEVICE:1.0.0:STMicroelectronics:USB::USB Device:CDC HS::1.0:USB_DEVICE_1_0_RESTRICTED_HS
2025-07-13 10:54:30,587 [WARN] ModelIntegratedComponent:182 - Modes not found for component STMicroelectronics:USB_DEVICE:1.0.0:STMicroelectronics:USB::USB Device:DFU HS::1.0:USB_DEVICE_1_0_RESTRICTED_HS
2025-07-13 10:54:30,587 [WARN] ModelIntegratedComponent:188 - Modes not found for component STMicroelectronics:USB_DEVICE:1.0.0:STMicroelectronics:USB::USB Device:DFU HS::1.0:USB_DEVICE_1_0_RESTRICTED_HS
2025-07-13 10:54:30,587 [WARN] ModelIntegratedComponent:182 - Modes not found for component STMicroelectronics:USB_DEVICE:1.0.0:STMicroelectronics:USB::USB Device:HID HS::1.0:USB_DEVICE_1_0_RESTRICTED_HS
2025-07-13 10:54:30,587 [WARN] ModelIntegratedComponent:188 - Modes not found for component STMicroelectronics:USB_DEVICE:1.0.0:STMicroelectronics:USB::USB Device:HID HS::1.0:USB_DEVICE_1_0_RESTRICTED_HS
2025-07-13 10:54:30,587 [WARN] ModelIntegratedComponent:182 - Modes not found for component STMicroelectronics:USB_DEVICE:1.0.0:STMicroelectronics:USB::USB Device:Custom HID HS::1.0:USB_DEVICE_1_0_RESTRICTED_HS
2025-07-13 10:54:30,587 [WARN] ModelIntegratedComponent:188 - Modes not found for component STMicroelectronics:USB_DEVICE:1.0.0:STMicroelectronics:USB::USB Device:Custom HID HS::1.0:USB_DEVICE_1_0_RESTRICTED_HS
2025-07-13 10:54:30,587 [WARN] ModelIntegratedComponent:182 - Modes not found for component STMicroelectronics:USB_DEVICE:1.0.0:STMicroelectronics:USB::USB Device:MSC HS::1.0:USB_DEVICE_1_0_RESTRICTED_HS
2025-07-13 10:54:30,587 [WARN] ModelIntegratedComponent:188 - Modes not found for component STMicroelectronics:USB_DEVICE:1.0.0:STMicroelectronics:USB::USB Device:MSC HS::1.0:USB_DEVICE_1_0_RESTRICTED_HS
2025-07-13 10:54:30,601 [INFO] ThirdPartyModel:298 - Start build external matchings
2025-07-13 10:54:30,808 [INFO] ThirdPartyModel:316 - End build external matchings
2025-07-13 10:54:30,817 [INFO] ImportTextPane:218 - (OptionalMessage_ERROR) IP (RCC) : Parameter (RTCHSEDivFreq_Value) has invalid value (12500000)
2025-07-13 10:54:31,025 [INFO] ApiDb:581 - Connected to CubeFinder SQLite database (C:\Users\Alireza\.stmcufinder\plugins\mcufinder\mcu\cube-finder-db.db)
2025-07-13 10:54:31,086 [INFO] ApiDb:668 - CubeFinder database Data Model version=2.1
2025-07-13 10:54:31,086 [INFO] ApiDb:669 - CubeFinder database Configuration version=3.0.39
2025-07-13 10:54:31,086 [INFO] ApiDb:670 - CubeFinder database generation date=2025-04-23 (1745419778)
2025-07-13 10:54:31,086 [INFO] ApiDb:671 - CubeFinder database FW Pack versions=[FP-ATR-ASTRA1_V2.0.0, FP-SNS-FLIGHT1_V5.1.0, FP-SNS-MOTENV1_V5.0.0, FP-SNS-MOTENVWB1_V1.4.0, FP-SNS-SMARTAG2_V1.2.0, FP-SNS-STBOX1_V2.0.0, STM32Cube_FW_C0_V1.4.0, STM32Cube_FW_F4_V1.28.1, STM32Cube_FW_F7_V1.17.2, STM32Cube_FW_G0_V1.6.2, STM32Cube_FW_G4_V1.6.1, STM32Cube_FW_H5_V1.5.0, STM32Cube_FW_H7RS_V1.2.0, STM32Cube_FW_H7_V1.12.1, STM32Cube_FW_L0_V1.12.2, STM32Cube_FW_L4_V1.18.1, STM32Cube_FW_L5_V1.5.1, STM32Cube_FW_N6_V1.1.1, STM32Cube_FW_U0_V1.2.0, STM32Cube_FW_U3_V1.1.0, STM32Cube_FW_U5_V1.7.0, STM32Cube_FW_WB0_V1.2.0, STM32Cube_FW_WBA_V1.6.0, STM32Cube_FW_WB_V1.22.0, STM32Cube_FW_WL3_V1.1.0, STM32Cube_FW_WL_V1.3.1, X-CUBE-ALGOBUILD_V1.4.0, X-CUBE-ALS_V1.0.2, X-CUBE-AZRTOS-F4_V1.1.0, X-CUBE-AZRTOS-F7_V1.1.0, X-CUBE-AZRTOS-G0_V1.1.0, X-CUBE-AZRTOS-G4_V2.0.0, X-CUBE-AZRTOS-H7RS_V1.1.0, X-CUBE-AZRTOS-H7_V3.3.0, X-CUBE-AZRTOS-L4_V2.0.0, X-CUBE-AZRTOS-L5_V2.0.0, X-CUBE-AZRTOS-WB_V2.0.0, X-CUBE-AZRTOS-WL_V2.0.0, X-CUBE-BLE1_V7.1.0, X-CUBE-BLE2_V3.3.0, X-CUBE-BLEMGR_V4.0.0, X-CUBE-EEPRMA1_V5.1.0, X-CUBE-FREERTOS_V1.3.0, X-CUBE-GNSS1_V6.0.0, X-CUBE-MEMS1_V11.2.0, X-CUBE-NFC4_V3.0.0, X-CUBE-NFC7_V1.0.1, X-CUBE-SFXS2LP1_V4.0.0, X-CUBE-SUBG2_V5.0.0, X-CUBE-TOF1_V3.4.3]
2025-07-13 10:54:31,178 [INFO] DbBoardsSqlite:226 - include board P-NUCLEO-WB55-NUCLEO as a kit item of type 'Nucleo-64'
2025-07-13 10:54:31,178 [INFO] DbBoardsSqlite:226 - include board P-NUCLEO-WB55-USBDONGLE as a kit item of type 'Nucleo USB Dongle'
2025-07-13 10:54:31,179 [INFO] DbBoardsSqlite:226 - include board STEVAL-IDP005V1 as a kit item of type 'Evaluation Board'
2025-07-13 10:54:31,179 [INFO] DbBoardsSqlite:226 - include board STEVAL-IDP005V2 as a kit item of type 'Evaluation Board'
2025-07-13 10:54:31,427 [INFO] ApiDb:240 - Found 895 in-development CPN: [B-G473E-ZEST1S, B-WB1M-WPAN1, B-WBA5M-WPAN, B-WL5M-SUBG1, NUCLEO-C031C6, NUCLEO-C051C8, NUCLEO-C071RB, NUCLEO-C092RC, NUCLEO-H503RB, NUCLEO-H533RE, NUCLEO-H563ZI, NUCLEO-H7S3L8, NUCLEO-N657X0-Q, NUCLEO-U031R8, NUCLEO-U083RC, NUCLEO-U385RG-Q, NUCLEO-U545RE-Q, NUCLEO-U5A5ZJ-Q, NUCLEO-WB05KZ, NUCLEO-WB07CC, NUCLEO-WB09KE, NUCLEO-WBA52CG, NUCLEO-WBA55CG, NUCLEO-WBA65RI, NUCLEO-WL33CC1, NUCLEO-WL33CC2, STEVAL-PROTEUS1, STEVAL-SMARTAG2, STEVAL-STWINBX1, STM320518-EVAL, STM32C0116-DK, STM32C011D6Y3TR, STM32C011D6Y6TR, STM32C011F4P3, STM32C011F4P6, STM32C011F4U3, STM32C011F4U6TR, STM32C011F6P3, STM32C011F6P6, STM32C011F6U3, STM32C011F6U6TR, STM32C011J4M3, STM32C011J4M6, STM32C011J6M3, STM32C011J6M6, STM32C0316-DK, STM32C031C4T3, STM32C031C4T6, STM32C031C4U3, STM32C031C4U6, STM32C031C6T3, STM32C031C6T6, STM32C031C6U3, STM32C031C6U6, STM32C031F4P3, STM32C031F4P6, STM32C031F6P3, STM32C031F6P6, STM32C031G4U3, STM32C031G4U6, STM32C031G6U3, STM32C031G6U6, STM32C031K4T3, STM32C031K4T6, STM32C031K4U3, STM32C031K4U6, STM32C031K6T3, STM32C031K6T6, STM32C031K6U3, STM32C031K6U6, STM32C051C6T6, STM32C051C6U6, STM32C051C8T6, STM32C051C8U6, STM32C051D8Y6TR, STM32C051F6P6, STM32C051F8P6, STM32C051G6U6, STM32C051G8U6, STM32C051K6T6, STM32C051K6U6, STM32C051K8T6, STM32C071C8T6, STM32C071C8T6N, STM32C071C8U6, STM32C071C8U6N, STM32C071CBT6, STM32C071CBT6N, STM32C071CBU6, STM32C071CBU6N, STM32C071F8P6, STM32C071F8P6N, STM32C071FBP6, STM32C071FBP6N, STM32C071FBY6TR, STM32C071G8U6, STM32C071G8U6N, STM32C071GBU6, STM32C071GBU6N, STM32C071K8T6, STM32C071K8T6N, STM32C071K8U6, STM32C071K8U6N, STM32C071KBT6, STM32C071KBT6N, STM32C071KBU6, STM32C071KBU6N, STM32C071R8T6, STM32C071R8T6N, STM32C071RBI6N, STM32C071RBT6, STM32C071RBT6N, STM32C091CBT6, STM32C091CBU6, STM32C091CCT6, STM32C091CCU6, STM32C091ECY6TR, STM32C091FBP6, STM32C091FCP6, STM32C091GBU6, STM32C091GCU6, STM32C091KBT6, STM32C091KBU6, STM32C091KCT6, STM32C091KCU6, STM32C091RBT6, STM32C091RCI6, STM32C091RCT6, STM32C092CBT6, STM32C092CBU6, STM32C092CCT6, STM32C092CCU6, STM32C092ECY6TR, STM32C092FBP6, STM32C092FCP6, STM32C092GBU6, STM32C092GCU6, STM32C092KBT6, STM32C092KBU6, STM32C092KCT6, STM32C092KCU6, STM32C092RBT6, STM32C092RCI6, STM32C092RCT6, STM32G071K8TXN, STM32G071K8UXN, STM32G081GBU6N, STM32G081KBT6N, STM32G081KBUXN, STM32G0B1CCT6N, STM32G0B1KCT6, STM32G0B1NEY6TR, STM32G0B1RCT6N, STM32G0C1CCT6, STM32G0C1CCT6N, STM32G0C1CCU6N, STM32G0C1CET6N, STM32G0C1CEU6N, STM32G0C1KCT6, STM32G0C1NEY6TR, STM32G0C1RCI6N, STM32G0C1RCT6N, STM32G0C1REI6N, STM32G0C1RET6N, STM32G0C1VCI6, STM32G0C1VEI6, STM32G411C6T3, STM32G411C6T6, STM32G411C6U3, STM32G411C6U6, STM32G411C8T3, STM32G411C8T6, STM32G411C8U3, STM32G411C8U6, STM32G411CBT3, STM32G411CBT6, STM32G411CBU3, STM32G411CBU6, STM32G411CCT3, STM32G411CCT6, STM32G411CCU3, STM32G411CCU6, STM32G411K6T3, STM32G411K6T6, STM32G411K6U3, STM32G411K6U6, STM32G411K8T3, STM32G411K8T6, STM32G411K8U3, STM32G411K8U6, STM32G411KBT3, STM32G411KBT6, STM32G411KBU3, STM32G411KBU6, STM32G411M6T3, STM32G411M6T6, STM32G411M8T3, STM32G411M8T6, STM32G411MBT3, STM32G411MBT6, STM32G411MCT3, STM32G411MCT6, STM32G411R6T3, STM32G411R6T6, STM32G411R8T3, STM32G411R8T6, STM32G411RBT3, STM32G411RBT6, STM32G411RCT3, STM32G411RCT6, STM32G414CBT3, STM32G414CBT6, STM32G414CBU3, STM32G414CBU6, STM32G414CCT3, STM32G414CCT6, STM32G414CCU3, STM32G414CCU6, STM32G414MBT3, STM32G414MBT6, STM32G414MCT3, STM32G414MCT6, STM32G414RBT3, STM32G414RBT6, STM32G414RCT3, STM32G414RCT6, STM32G414VBT3, STM32G414VBT6, STM32G414VCT3, STM32G414VCT6, STM32G431CBT3Z, STM32G431RBT3Z, STM32G471CCT6, STM32G471CCU6, STM32G471CET3, STM32G471CET6, STM32G471CEU3, STM32G471CEU6, STM32G471MCT6, STM32G471MET3, STM32G471MET6, STM32G471MEY6TR, STM32G471QCT6, STM32G471QET3, STM32G471RCT6, STM32G471RET3, STM32G471RET6, STM32G471VCH6, STM32G471VCI6, STM32G471VCT6, STM32G471VEH3, STM32G471VEH6, STM32G471VEI3, STM32G471VEI6, STM32G471VET3, STM32G471VET6, STM32G473QET3Z, STM32G473RET3Z, STM32G474CCT6, STM32G491RET3Z, STM32H503CBT6, STM32H503CBU6, STM32H503EBY6TR, STM32H503KBU6, STM32H503RBT6, STM32H523CCT6, STM32H523CCU6, STM32H523CET6, STM32H523CEU6, STM32H523HEY6TR, STM32H523RCT6, STM32H523RET6, STM32H523VCI6, STM32H523VCT6, STM32H523VEI6, STM32H523VET6, STM32H523ZCJ6, STM32H523ZCT6, STM32H523ZEJ6, STM32H523ZET6, STM32H533CET6, STM32H533CEU6, STM32H533HEY6TR, STM32H533RET6, STM32H533VEI6, STM32H533VET6, STM32H533ZEJ6, STM32H533ZET6, STM32H562AGI6, STM32H562AII6, STM32H562IGK6, STM32H562IGT6, STM32H562IIK6, STM32H562IIT6, STM32H562RGT6, STM32H562RGV6, STM32H562RIT6, STM32H562RIV6, STM32H562VGT6, STM32H562VIT6, STM32H562ZGT6, STM32H562ZIT6, STM32H563AGI6, STM32H563AII3Q, STM32H563AII6, STM32H563IGK6, STM32H563IGT6, STM32H563IIK3Q, STM32H563IIK6, STM32H563IIT3Q, STM32H563IIT6, STM32H563MIY3QTR, STM32H563RGT6, STM32H563RGV6, STM32H563RIT6, STM32H563RIV6, STM32H563VGT6, STM32H563VIT3Q, STM32H563VIT6, STM32H563ZGT6, STM32H563ZIT3Q, STM32H563ZIT6, STM32H573AII3Q, STM32H573AII6, STM32H573I-DK, STM32H573IIK3Q, STM32H573IIK6, STM32H573IIT3Q, STM32H573IIT6, STM32H573MIY3QTR, STM32H573RIT6, STM32H573RIV6, STM32H573VIT3Q, STM32H573VIT6, STM32H573ZIT3Q, STM32H573ZIT6, STM32H7R3A8I6, STM32H7R3I8K6, STM32H7R3I8T6, STM32H7R3L8H6, STM32H7R3L8H6H, STM32H7R3R8V6, STM32H7R3V8H6, STM32H7R3V8T6, STM32H7R3V8Y6TR, STM32H7R3Z8J6, STM32H7R3Z8T6, STM32H7R7A8I6, STM32H7R7I8K6, STM32H7R7I8T6, STM32H7R7L8H6, STM32H7R7L8H6H, STM32H7R7Z8J6, STM32H7S3A8I6, STM32H7S3I8K6, STM32H7S3I8T6, STM32H7S3L8H6, STM32H7S3L8H6H, STM32H7S3R8V6, STM32H7S3V8H6, STM32H7S3V8T6, STM32H7S3V8Y6TR, STM32H7S3Z8J6, STM32H7S3Z8T6, STM32H7S78-DK, STM32H7S7A8I6, STM32H7S7I8K6, STM32H7S7I8T6, STM32H7S7L8H6, STM32H7S7L8H6H, STM32H7S7Z8J6, STM32L4R5QGI6STR, STM32MP131AAE3, STM32MP131AAF3, STM32MP131AAG3, STM32MP131CAE3, STM32MP131CAF3, STM32MP131CAG3, STM32MP131DAE7, STM32MP131DAF7, STM32MP131DAG7, STM32MP131FAE7, STM32MP131FAF7, STM32MP131FAG7, STM32MP133AAE3, STM32MP133AAF3, STM32MP133AAG3, STM32MP133CAE3, STM32MP133CAF3, STM32MP133CAG3, STM32MP133DAE7, STM32MP133DAF7, STM32MP133DAG7, STM32MP133FAE7, STM32MP133FAF7, STM32MP133FAG7, STM32MP135AAE3, STM32MP135AAF3, STM32MP135AAG3, STM32MP135CAE3, STM32MP135CAF3, STM32MP135CAG3, STM32MP135DAE7, STM32MP135DAF7, STM32MP135DAG7, STM32MP135F-DK, STM32MP135FAE7, STM32MP135FAF7, STM32MP135FAF7T, STM32MP135FAF7U, STM32MP135FAG7, STM32MP231AAJ3, STM32MP231AAK3, STM32MP231AAL3, STM32MP231CAJ3, STM32MP231CAK3, STM32MP231CAL3, STM32MP231DAJ3, STM32MP231DAK3, STM32MP231DAL3, STM32MP231FAJ3, STM32MP231FAK3, STM32MP231FAL3, STM32MP233AAJ3, STM32MP233AAK3, STM32MP233AAL3, STM32MP233CAJ3, STM32MP233CAK3, STM32MP233CAL3, STM32MP233DAJ3, STM32MP233DAK3, STM32MP233DAL3, STM32MP233FAJ3, STM32MP233FAK3, STM32MP233FAL3, STM32MP235AAJ3, STM32MP235AAK3, STM32MP235AAL3, STM32MP235CAJ3, STM32MP235CAK3, STM32MP235CAL3, STM32MP235DAJ3, STM32MP235DAK3, STM32MP235DAL3, STM32MP235FAJ3, STM32MP235FAK3, STM32MP235FAL3, STM32MP251AAI3, STM32MP251AAJ3, STM32MP251AAK3, STM32MP251AAL3, STM32MP251CAI3, STM32MP251CAJ3, STM32MP251CAK3, STM32MP251CAL3, STM32MP251DAI3, STM32MP251DAJ3, STM32MP251DAK3, STM32MP251DAL3, STM32MP251FAI3, STM32MP251FAJ3, STM32MP251FAK3, STM32MP251FAL3, STM32MP253AAI3, STM32MP253AAJ3, STM32MP253AAK3, STM32MP253AAL3, STM32MP253CAI3, STM32MP253CAJ3, STM32MP253CAK3, STM32MP253CAL3, STM32MP253DAI3, STM32MP253DAJ3, STM32MP253DAK3, STM32MP253DAL3, STM32MP253FAI3, STM32MP253FAJ3, STM32MP253FAK3, STM32MP253FAL3, STM32MP255AAI3, STM32MP255AAJ3, STM32MP255AAK3, STM32MP255AAL3, STM32MP255CAI3, STM32MP255CAJ3, STM32MP255CAK3, STM32MP255CAL3, STM32MP255DAI3, STM32MP255DAJ3, STM32MP255DAK3, STM32MP255DAL3, STM32MP255FAI3, STM32MP255FAJ3, STM32MP255FAK3, STM32MP255FAL3, STM32MP257AAI3, STM32MP257AAJ3, STM32MP257AAK3, STM32MP257AAL3, STM32MP257CAI3, STM32MP257CAJ3, STM32MP257CAK3, STM32MP257CAL3, STM32MP257DAI3, STM32MP257DAJ3, STM32MP257DAK3, STM32MP257DAL3, STM32MP257F-DK, STM32MP257F-EV1, STM32MP257FAI3, STM32MP257FAJ3, STM32MP257FAK3, STM32MP257FAL3, STM32N645A0H3Q, STM32N645B0H3Q, STM32N645I0H3Q, STM32N645L0H3Q, STM32N645X0H3Q, STM32N645Z0H3Q, STM32N647A0H3Q, STM32N647B0H3Q, STM32N647I0H3Q, STM32N647L0H3Q, STM32N647X0H3Q, STM32N647Z0H3Q, STM32N655A0H3Q, STM32N655B0H3Q, STM32N655I0H3Q, STM32N655L0H3Q, STM32N655X0H3Q, STM32N655Z0H3Q, STM32N6570-DK, STM32N657A0H3Q, STM32N657B0H3Q, STM32N657I0H3Q, STM32N657L0H3Q, STM32N657X0H3Q, STM32N657Z0H3Q, STM32U031C6T6, STM32U031C6U6, STM32U031C8T6, STM32U031C8U6, STM32U031F4P6, STM32U031F6P6, STM32U031F8P6, STM32U031G6Y6TR, STM32U031G8Y6TR, STM32U031K4U6, STM32U031K6U6, STM32U031K8U6, STM32U031R6I6, STM32U031R6T6, STM32U031R8I6, STM32U031R8T6, STM32U073C8T6, STM32U073C8U6, STM32U073CBT6, STM32U073CBU6, STM32U073CCT6, STM32U073CCU6, STM32U073H8Y6TR, STM32U073HBY6TR, STM32U073HCY6TR, STM32U073K8U6, STM32U073KBU6, STM32U073KCU6, STM32U073M8I6, STM32U073M8T6, STM32U073MBI6, STM32U073MBT6, STM32U073MCI6, STM32U073MCT6, STM32U073R8I6, STM32U073R8T6, STM32U073RBI6, STM32U073RBT6, STM32U073RCI6, STM32U073RCT6, STM32U083C-DK, STM32U083CCT6, STM32U083CCU6, STM32U083HCY6TR, STM32U083KCU6, STM32U083MCI6, STM32U083MCT6, STM32U083RCI6, STM32U083RCT6, STM32U375CET6, STM32U375CET6Q, STM32U375CEU6, STM32U375CEU6Q, STM32U375CEY6QTR, STM32U375CGT6, STM32U375CGT6Q, STM32U375CGU6, STM32U375CGU6Q, STM32U375CGY6QTR, STM32U375KEU6, STM32U375KGU6, STM32U375REI6, STM32U375REI6Q, STM32U375RET6, STM32U375RET6Q, STM32U375REY6GTR, STM32U375REY6QTR, STM32U375RGI6, STM32U375RGI6Q, STM32U375RGT6, STM32U375RGT6Q, STM32U375RGY6GTR, STM32U375RGY6QTR, STM32U375VEI6, STM32U375VEI6Q, STM32U375VET6, STM32U375VET6Q, STM32U375VGI6, STM32U375VGI6Q, STM32U375VGT6, STM32U375VGT6Q, STM32U385CGT6, STM32U385CGT6Q, STM32U385CGU6, STM32U385CGU6Q, STM32U385CGY6QTR, STM32U385KGU6, STM32U385RGI6, STM32U385RGI6Q, STM32U385RGT6, STM32U385RGT6Q, STM32U385RGY6GTR, STM32U385RGY6QTR, STM32U385VGI6, STM32U385VGI6Q, STM32U385VGT6, STM32U385VGT6Q, STM32U535CBT6, STM32U535CBT6Q, STM32U535CBU6, STM32U535CBU6Q, STM32U535CCT6, STM32U535CCT6Q, STM32U535CCU6, STM32U535CCU6Q, STM32U535CET6, STM32U535CET6Q, STM32U535CEU6, STM32U535CEU6Q, STM32U535JEY6QTR, STM32U535NCY6QTR, STM32U535NEY6QTR, STM32U535RBI6, STM32U535RBI6Q, STM32U535RBT6, STM32U535RBT6Q, STM32U535RCI6, STM32U535RCI6Q, STM32U535RCT6, STM32U535RCT6Q, STM32U535REI6, STM32U535REI6Q, STM32U535RET6, STM32U535RET6Q, STM32U535VCI6, STM32U535VCI6Q, STM32U535VCT6, STM32U535VCT6Q, STM32U535VEI6, STM32U535VEI6Q, STM32U535VET6, STM32U535VET6Q, STM32U545CET6, STM32U545CET6Q, STM32U545CEU6, STM32U545CEU6Q, STM32U545JEY6QTR, STM32U545NEY6QTR, STM32U545REI6, STM32U545REI6Q, STM32U545RET6, STM32U545RET6Q, STM32U545VEI6, STM32U545VEI6Q, STM32U545VET6, STM32U545VET6Q, STM32U595AIH6, STM32U595AIH6Q, STM32U595AJH6, STM32U595AJH6Q, STM32U595QII6, STM32U595QII6Q, STM32U595QJI6, STM32U595QJI6Q, STM32U595RIT6, STM32U595RIT6Q, STM32U595RJT6, STM32U595RJT6Q, STM32U595VIT6, STM32U595VIT6Q, STM32U595VJT6, STM32U595VJT6Q, STM32U595ZIT6, STM32U595ZIT6Q, STM32U595ZIY6QTR, STM32U595ZJT6, STM32U595ZJT6Q, STM32U595ZJY6QTR, STM32U599BJY6QTR, STM32U599NIH6Q, STM32U599NJH6Q, STM32U599VIT6Q, STM32U599VJT6, STM32U599VJT6Q, STM32U599ZIT6Q, STM32U599ZIY6QTR, STM32U599ZJT6Q, STM32U599ZJY6QTR, STM32U5A5AJH6, STM32U5A5AJH6Q, STM32U5A5QII3Q , STM32U5A5QJI6, STM32U5A5QJI6Q, STM32U5A5RJT6, STM32U5A5RJT6Q, STM32U5A5VJT6, STM32U5A5VJT6Q, STM32U5A5ZJT6, STM32U5A5ZJT6Q, STM32U5A5ZJY6QTR, STM32U5A9BJY6QTR, STM32U5A9J-DK, STM32U5A9NJH6Q, STM32U5A9VJT6Q, STM32U5A9ZJT6Q, STM32U5A9ZJY6QTR, STM32U5F7VIT6, STM32U5F7VIT6Q, STM32U5F7VJT6, STM32U5F7VJT6Q, STM32U5F9BJY6QTR, STM32U5F9NJH6Q, STM32U5F9VIT6Q, STM32U5F9VJT6Q, STM32U5F9ZIJ6QTR, STM32U5F9ZIT6Q, STM32U5F9ZJJ6QTR, STM32U5F9ZJT6Q, STM32U5G7VJT6, STM32U5G7VJT6Q, STM32U5G9BJY6QTR, STM32U5G9J-DK1, STM32U5G9J-DK2, STM32U5G9NJH6Q, STM32U5G9VJT6Q, STM32U5G9ZJJ6QTR, STM32U5G9ZJT6Q, STM32WB05KZV6TR, STM32WB05KZV7TR, STM32WB05TZF6TR, STM32WB05TZF7TR, STM32WB06CCF6TR, STM32WB06CCF7TR, STM32WB06CCV6TR, STM32WB06CCV7TR, STM32WB06KCV6TR, STM32WB06KCV7TR, STM32WB07CCF6TR, STM32WB07CCF7TR, STM32WB07CCV6TR, STM32WB07CCV7TR, STM32WB07KCV6TR, STM32WB07KCV7TR, STM32WB09KEV6TR, STM32WB09KEV7TR, STM32WB09TEF6TR, STM32WB09TEF7TR, STM32WB1MMCH6, STM32WBA50KGU6, STM32WBA50KGU6TR, STM32WBA52CEU6, STM32WBA52CEU6TR, STM32WBA52CEU7, STM32WBA52CEU7TR, STM32WBA52CGU6, STM32WBA52CGU6TR, STM32WBA52CGU6U, STM32WBA52CGU7, STM32WBA52CGU7TR, STM32WBA52KEU6, STM32WBA52KEU6TR, STM32WBA52KGU6, STM32WBA52KGU6TR, STM32WBA54CEU6, STM32WBA54CEU6TR, STM32WBA54CEU7, STM32WBA54CEU7TR, STM32WBA54CGU6, STM32WBA54CGU6TR, STM32WBA54CGU7, STM32WBA54CGU7TR, STM32WBA54KEU6, STM32WBA54KEU6TR, STM32WBA54KEU7, STM32WBA54KEU7TR, STM32WBA54KGU6, STM32WBA54KGU6TR, STM32WBA54KGU7, STM32WBA54KGU7TR, STM32WBA55CEU6, STM32WBA55CEU6TR, STM32WBA55CEU7, STM32WBA55CEU7TR, STM32WBA55CGU6, STM32WBA55CGU6TR, STM32WBA55CGU6U, STM32WBA55CGU7, STM32WBA55CGU7TR, STM32WBA55G-DK1, STM32WBA55HEF6, STM32WBA55HEF7, STM32WBA55HGF6, STM32WBA55HGF7, STM32WBA55UEI6, STM32WBA55UEI6TR, STM32WBA55UEI7, STM32WBA55UEI7TR, STM32WBA55UGI6, STM32WBA55UGI6TR, STM32WBA55UGI7, STM32WBA55UGI7TR, STM32WBA5MJGH6TR, STM32WBA62CGU6, STM32WBA62CIU6, STM32WBA62MGF6, STM32WBA62MIF6, STM32WBA62PGI6, STM32WBA62PII6, STM32WBA63CGU6, STM32WBA63CGU7, STM32WBA63CIU6, STM32WBA63CIU7, STM32WBA64CGU6, STM32WBA64CGU7, STM32WBA64CIU6, STM32WBA64CIU7, STM32WBA65CGU6, STM32WBA65CGU7, STM32WBA65CIU6, STM32WBA65CIU7, STM32WBA65I-DK1, STM32WBA65MGF6, STM32WBA65MGF7, STM32WBA65MIF6, STM32WBA65MIF7, STM32WBA65PGI6, STM32WBA65PGI7, STM32WBA65PII6, STM32WBA65PII7, STM32WBA65RGV6, STM32WBA65RGV7, STM32WBA65RIV6, STM32WBA65RIV7, STM32WL30K8V6, STM32WL30KBV6, STM32WL31C8V6, STM32WL31CBV6, STM32WL31K8V6, STM32WL31KBV6, STM32WL33C8V6, STM32WL33C8V6TR, STM32WL33C8V7, STM32WL33C8V7TR, STM32WL33CBV6, STM32WL33CBV6TR, STM32WL33CBV7, STM32WL33CBV7TR, STM32WL33CCV6, STM32WL33CCV6TR, STM32WL33CCV7, STM32WL33CCV7A, STM32WL33CCV7ATR, STM32WL33CCV7TR, STM32WL33K8V6, STM32WL33K8V6TR, STM32WL33K8V7, STM32WL33K8V7TR, STM32WL33KBV6, STM32WL33KBV6TR, STM32WL33KBV7, STM32WL33KBV7TR, STM32WL33KCV6, STM32WL33KCV6TR, STM32WL33KCV7, STM32WL33KCV7TR, STM32WL5MOCH6, STM32WL5MOCH6TR]
2025-07-13 10:54:31,630 [INFO] BoardInfo:889 - No configuration file found for board P-NUCLEO-WB55
2025-07-13 10:54:31,631 [INFO] DbBoards:161 - Kit is not supported: P-NUCLEO-WB55
2025-07-13 10:54:31,637 [INFO] BoardInfo:889 - No configuration file found for board STEVAL-BFA001V1B
2025-07-13 10:54:31,638 [INFO] DbBoards:161 - Kit is not supported: STEVAL-BFA001V1B
2025-07-13 10:54:31,639 [INFO] BoardInfo:889 - No configuration file found for board STEVAL-BFA001V2B
2025-07-13 10:54:31,640 [INFO] DbBoards:161 - Kit is not supported: STEVAL-BFA001V2B
2025-07-13 10:54:31,828 [INFO] DbBoards:168 - Found 211 boards, 208 are supported
2025-07-13 10:54:31,829 [INFO] DbBoards:169 - Found 211 boards, 43 of them is supported for  Bsp
2025-07-13 10:54:31,832 [INFO] ApiDb:668 - CubeFinder database Data Model version=2.1
2025-07-13 10:54:31,832 [INFO] ApiDb:669 - CubeFinder database Configuration version=3.0.39
2025-07-13 10:54:31,832 [INFO] ApiDb:670 - CubeFinder database generation date=2025-04-23 (1745419778)
2025-07-13 10:54:31,832 [INFO] ApiDb:671 - CubeFinder database FW Pack versions=[FP-ATR-ASTRA1_V2.0.0, FP-SNS-FLIGHT1_V5.1.0, FP-SNS-MOTENV1_V5.0.0, FP-SNS-MOTENVWB1_V1.4.0, FP-SNS-SMARTAG2_V1.2.0, FP-SNS-STBOX1_V2.0.0, STM32Cube_FW_C0_V1.4.0, STM32Cube_FW_F4_V1.28.1, STM32Cube_FW_F7_V1.17.2, STM32Cube_FW_G0_V1.6.2, STM32Cube_FW_G4_V1.6.1, STM32Cube_FW_H5_V1.5.0, STM32Cube_FW_H7RS_V1.2.0, STM32Cube_FW_H7_V1.12.1, STM32Cube_FW_L0_V1.12.2, STM32Cube_FW_L4_V1.18.1, STM32Cube_FW_L5_V1.5.1, STM32Cube_FW_N6_V1.1.1, STM32Cube_FW_U0_V1.2.0, STM32Cube_FW_U3_V1.1.0, STM32Cube_FW_U5_V1.7.0, STM32Cube_FW_WB0_V1.2.0, STM32Cube_FW_WBA_V1.6.0, STM32Cube_FW_WB_V1.22.0, STM32Cube_FW_WL3_V1.1.0, STM32Cube_FW_WL_V1.3.1, X-CUBE-ALGOBUILD_V1.4.0, X-CUBE-ALS_V1.0.2, X-CUBE-AZRTOS-F4_V1.1.0, X-CUBE-AZRTOS-F7_V1.1.0, X-CUBE-AZRTOS-G0_V1.1.0, X-CUBE-AZRTOS-G4_V2.0.0, X-CUBE-AZRTOS-H7RS_V1.1.0, X-CUBE-AZRTOS-H7_V3.3.0, X-CUBE-AZRTOS-L4_V2.0.0, X-CUBE-AZRTOS-L5_V2.0.0, X-CUBE-AZRTOS-WB_V2.0.0, X-CUBE-AZRTOS-WL_V2.0.0, X-CUBE-BLE1_V7.1.0, X-CUBE-BLE2_V3.3.0, X-CUBE-BLEMGR_V4.0.0, X-CUBE-EEPRMA1_V5.1.0, X-CUBE-FREERTOS_V1.3.0, X-CUBE-GNSS1_V6.0.0, X-CUBE-MEMS1_V11.2.0, X-CUBE-NFC4_V3.0.0, X-CUBE-NFC7_V1.0.1, X-CUBE-SFXS2LP1_V4.0.0, X-CUBE-SUBG2_V5.0.0, X-CUBE-TOF1_V3.4.3]
2025-07-13 10:54:33,365 [INFO] ApiDb:240 - Found 895 in-development CPN: [B-G473E-ZEST1S, B-WB1M-WPAN1, B-WBA5M-WPAN, B-WL5M-SUBG1, NUCLEO-C031C6, NUCLEO-C051C8, NUCLEO-C071RB, NUCLEO-C092RC, NUCLEO-H503RB, NUCLEO-H533RE, NUCLEO-H563ZI, NUCLEO-H7S3L8, NUCLEO-N657X0-Q, NUCLEO-U031R8, NUCLEO-U083RC, NUCLEO-U385RG-Q, NUCLEO-U545RE-Q, NUCLEO-U5A5ZJ-Q, NUCLEO-WB05KZ, NUCLEO-WB07CC, NUCLEO-WB09KE, NUCLEO-WBA52CG, NUCLEO-WBA55CG, NUCLEO-WBA65RI, NUCLEO-WL33CC1, NUCLEO-WL33CC2, STEVAL-PROTEUS1, STEVAL-SMARTAG2, STEVAL-STWINBX1, STM320518-EVAL, STM32C0116-DK, STM32C011D6Y3TR, STM32C011D6Y6TR, STM32C011F4P3, STM32C011F4P6, STM32C011F4U3, STM32C011F4U6TR, STM32C011F6P3, STM32C011F6P6, STM32C011F6U3, STM32C011F6U6TR, STM32C011J4M3, STM32C011J4M6, STM32C011J6M3, STM32C011J6M6, STM32C0316-DK, STM32C031C4T3, STM32C031C4T6, STM32C031C4U3, STM32C031C4U6, STM32C031C6T3, STM32C031C6T6, STM32C031C6U3, STM32C031C6U6, STM32C031F4P3, STM32C031F4P6, STM32C031F6P3, STM32C031F6P6, STM32C031G4U3, STM32C031G4U6, STM32C031G6U3, STM32C031G6U6, STM32C031K4T3, STM32C031K4T6, STM32C031K4U3, STM32C031K4U6, STM32C031K6T3, STM32C031K6T6, STM32C031K6U3, STM32C031K6U6, STM32C051C6T6, STM32C051C6U6, STM32C051C8T6, STM32C051C8U6, STM32C051D8Y6TR, STM32C051F6P6, STM32C051F8P6, STM32C051G6U6, STM32C051G8U6, STM32C051K6T6, STM32C051K6U6, STM32C051K8T6, STM32C071C8T6, STM32C071C8T6N, STM32C071C8U6, STM32C071C8U6N, STM32C071CBT6, STM32C071CBT6N, STM32C071CBU6, STM32C071CBU6N, STM32C071F8P6, STM32C071F8P6N, STM32C071FBP6, STM32C071FBP6N, STM32C071FBY6TR, STM32C071G8U6, STM32C071G8U6N, STM32C071GBU6, STM32C071GBU6N, STM32C071K8T6, STM32C071K8T6N, STM32C071K8U6, STM32C071K8U6N, STM32C071KBT6, STM32C071KBT6N, STM32C071KBU6, STM32C071KBU6N, STM32C071R8T6, STM32C071R8T6N, STM32C071RBI6N, STM32C071RBT6, STM32C071RBT6N, STM32C091CBT6, STM32C091CBU6, STM32C091CCT6, STM32C091CCU6, STM32C091ECY6TR, STM32C091FBP6, STM32C091FCP6, STM32C091GBU6, STM32C091GCU6, STM32C091KBT6, STM32C091KBU6, STM32C091KCT6, STM32C091KCU6, STM32C091RBT6, STM32C091RCI6, STM32C091RCT6, STM32C092CBT6, STM32C092CBU6, STM32C092CCT6, STM32C092CCU6, STM32C092ECY6TR, STM32C092FBP6, STM32C092FCP6, STM32C092GBU6, STM32C092GCU6, STM32C092KBT6, STM32C092KBU6, STM32C092KCT6, STM32C092KCU6, STM32C092RBT6, STM32C092RCI6, STM32C092RCT6, STM32G071K8TXN, STM32G071K8UXN, STM32G081GBU6N, STM32G081KBT6N, STM32G081KBUXN, STM32G0B1CCT6N, STM32G0B1KCT6, STM32G0B1NEY6TR, STM32G0B1RCT6N, STM32G0C1CCT6, STM32G0C1CCT6N, STM32G0C1CCU6N, STM32G0C1CET6N, STM32G0C1CEU6N, STM32G0C1KCT6, STM32G0C1NEY6TR, STM32G0C1RCI6N, STM32G0C1RCT6N, STM32G0C1REI6N, STM32G0C1RET6N, STM32G0C1VCI6, STM32G0C1VEI6, STM32G411C6T3, STM32G411C6T6, STM32G411C6U3, STM32G411C6U6, STM32G411C8T3, STM32G411C8T6, STM32G411C8U3, STM32G411C8U6, STM32G411CBT3, STM32G411CBT6, STM32G411CBU3, STM32G411CBU6, STM32G411CCT3, STM32G411CCT6, STM32G411CCU3, STM32G411CCU6, STM32G411K6T3, STM32G411K6T6, STM32G411K6U3, STM32G411K6U6, STM32G411K8T3, STM32G411K8T6, STM32G411K8U3, STM32G411K8U6, STM32G411KBT3, STM32G411KBT6, STM32G411KBU3, STM32G411KBU6, STM32G411M6T3, STM32G411M6T6, STM32G411M8T3, STM32G411M8T6, STM32G411MBT3, STM32G411MBT6, STM32G411MCT3, STM32G411MCT6, STM32G411R6T3, STM32G411R6T6, STM32G411R8T3, STM32G411R8T6, STM32G411RBT3, STM32G411RBT6, STM32G411RCT3, STM32G411RCT6, STM32G414CBT3, STM32G414CBT6, STM32G414CBU3, STM32G414CBU6, STM32G414CCT3, STM32G414CCT6, STM32G414CCU3, STM32G414CCU6, STM32G414MBT3, STM32G414MBT6, STM32G414MCT3, STM32G414MCT6, STM32G414RBT3, STM32G414RBT6, STM32G414RCT3, STM32G414RCT6, STM32G414VBT3, STM32G414VBT6, STM32G414VCT3, STM32G414VCT6, STM32G431CBT3Z, STM32G431RBT3Z, STM32G471CCT6, STM32G471CCU6, STM32G471CET3, STM32G471CET6, STM32G471CEU3, STM32G471CEU6, STM32G471MCT6, STM32G471MET3, STM32G471MET6, STM32G471MEY6TR, STM32G471QCT6, STM32G471QET3, STM32G471RCT6, STM32G471RET3, STM32G471RET6, STM32G471VCH6, STM32G471VCI6, STM32G471VCT6, STM32G471VEH3, STM32G471VEH6, STM32G471VEI3, STM32G471VEI6, STM32G471VET3, STM32G471VET6, STM32G473QET3Z, STM32G473RET3Z, STM32G474CCT6, STM32G491RET3Z, STM32H503CBT6, STM32H503CBU6, STM32H503EBY6TR, STM32H503KBU6, STM32H503RBT6, STM32H523CCT6, STM32H523CCU6, STM32H523CET6, STM32H523CEU6, STM32H523HEY6TR, STM32H523RCT6, STM32H523RET6, STM32H523VCI6, STM32H523VCT6, STM32H523VEI6, STM32H523VET6, STM32H523ZCJ6, STM32H523ZCT6, STM32H523ZEJ6, STM32H523ZET6, STM32H533CET6, STM32H533CEU6, STM32H533HEY6TR, STM32H533RET6, STM32H533VEI6, STM32H533VET6, STM32H533ZEJ6, STM32H533ZET6, STM32H562AGI6, STM32H562AII6, STM32H562IGK6, STM32H562IGT6, STM32H562IIK6, STM32H562IIT6, STM32H562RGT6, STM32H562RGV6, STM32H562RIT6, STM32H562RIV6, STM32H562VGT6, STM32H562VIT6, STM32H562ZGT6, STM32H562ZIT6, STM32H563AGI6, STM32H563AII3Q, STM32H563AII6, STM32H563IGK6, STM32H563IGT6, STM32H563IIK3Q, STM32H563IIK6, STM32H563IIT3Q, STM32H563IIT6, STM32H563MIY3QTR, STM32H563RGT6, STM32H563RGV6, STM32H563RIT6, STM32H563RIV6, STM32H563VGT6, STM32H563VIT3Q, STM32H563VIT6, STM32H563ZGT6, STM32H563ZIT3Q, STM32H563ZIT6, STM32H573AII3Q, STM32H573AII6, STM32H573I-DK, STM32H573IIK3Q, STM32H573IIK6, STM32H573IIT3Q, STM32H573IIT6, STM32H573MIY3QTR, STM32H573RIT6, STM32H573RIV6, STM32H573VIT3Q, STM32H573VIT6, STM32H573ZIT3Q, STM32H573ZIT6, STM32H7R3A8I6, STM32H7R3I8K6, STM32H7R3I8T6, STM32H7R3L8H6, STM32H7R3L8H6H, STM32H7R3R8V6, STM32H7R3V8H6, STM32H7R3V8T6, STM32H7R3V8Y6TR, STM32H7R3Z8J6, STM32H7R3Z8T6, STM32H7R7A8I6, STM32H7R7I8K6, STM32H7R7I8T6, STM32H7R7L8H6, STM32H7R7L8H6H, STM32H7R7Z8J6, STM32H7S3A8I6, STM32H7S3I8K6, STM32H7S3I8T6, STM32H7S3L8H6, STM32H7S3L8H6H, STM32H7S3R8V6, STM32H7S3V8H6, STM32H7S3V8T6, STM32H7S3V8Y6TR, STM32H7S3Z8J6, STM32H7S3Z8T6, STM32H7S78-DK, STM32H7S7A8I6, STM32H7S7I8K6, STM32H7S7I8T6, STM32H7S7L8H6, STM32H7S7L8H6H, STM32H7S7Z8J6, STM32L4R5QGI6STR, STM32MP131AAE3, STM32MP131AAF3, STM32MP131AAG3, STM32MP131CAE3, STM32MP131CAF3, STM32MP131CAG3, STM32MP131DAE7, STM32MP131DAF7, STM32MP131DAG7, STM32MP131FAE7, STM32MP131FAF7, STM32MP131FAG7, STM32MP133AAE3, STM32MP133AAF3, STM32MP133AAG3, STM32MP133CAE3, STM32MP133CAF3, STM32MP133CAG3, STM32MP133DAE7, STM32MP133DAF7, STM32MP133DAG7, STM32MP133FAE7, STM32MP133FAF7, STM32MP133FAG7, STM32MP135AAE3, STM32MP135AAF3, STM32MP135AAG3, STM32MP135CAE3, STM32MP135CAF3, STM32MP135CAG3, STM32MP135DAE7, STM32MP135DAF7, STM32MP135DAG7, STM32MP135F-DK, STM32MP135FAE7, STM32MP135FAF7, STM32MP135FAF7T, STM32MP135FAF7U, STM32MP135FAG7, STM32MP231AAJ3, STM32MP231AAK3, STM32MP231AAL3, STM32MP231CAJ3, STM32MP231CAK3, STM32MP231CAL3, STM32MP231DAJ3, STM32MP231DAK3, STM32MP231DAL3, STM32MP231FAJ3, STM32MP231FAK3, STM32MP231FAL3, STM32MP233AAJ3, STM32MP233AAK3, STM32MP233AAL3, STM32MP233CAJ3, STM32MP233CAK3, STM32MP233CAL3, STM32MP233DAJ3, STM32MP233DAK3, STM32MP233DAL3, STM32MP233FAJ3, STM32MP233FAK3, STM32MP233FAL3, STM32MP235AAJ3, STM32MP235AAK3, STM32MP235AAL3, STM32MP235CAJ3, STM32MP235CAK3, STM32MP235CAL3, STM32MP235DAJ3, STM32MP235DAK3, STM32MP235DAL3, STM32MP235FAJ3, STM32MP235FAK3, STM32MP235FAL3, STM32MP251AAI3, STM32MP251AAJ3, STM32MP251AAK3, STM32MP251AAL3, STM32MP251CAI3, STM32MP251CAJ3, STM32MP251CAK3, STM32MP251CAL3, STM32MP251DAI3, STM32MP251DAJ3, STM32MP251DAK3, STM32MP251DAL3, STM32MP251FAI3, STM32MP251FAJ3, STM32MP251FAK3, STM32MP251FAL3, STM32MP253AAI3, STM32MP253AAJ3, STM32MP253AAK3, STM32MP253AAL3, STM32MP253CAI3, STM32MP253CAJ3, STM32MP253CAK3, STM32MP253CAL3, STM32MP253DAI3, STM32MP253DAJ3, STM32MP253DAK3, STM32MP253DAL3, STM32MP253FAI3, STM32MP253FAJ3, STM32MP253FAK3, STM32MP253FAL3, STM32MP255AAI3, STM32MP255AAJ3, STM32MP255AAK3, STM32MP255AAL3, STM32MP255CAI3, STM32MP255CAJ3, STM32MP255CAK3, STM32MP255CAL3, STM32MP255DAI3, STM32MP255DAJ3, STM32MP255DAK3, STM32MP255DAL3, STM32MP255FAI3, STM32MP255FAJ3, STM32MP255FAK3, STM32MP255FAL3, STM32MP257AAI3, STM32MP257AAJ3, STM32MP257AAK3, STM32MP257AAL3, STM32MP257CAI3, STM32MP257CAJ3, STM32MP257CAK3, STM32MP257CAL3, STM32MP257DAI3, STM32MP257DAJ3, STM32MP257DAK3, STM32MP257DAL3, STM32MP257F-DK, STM32MP257F-EV1, STM32MP257FAI3, STM32MP257FAJ3, STM32MP257FAK3, STM32MP257FAL3, STM32N645A0H3Q, STM32N645B0H3Q, STM32N645I0H3Q, STM32N645L0H3Q, STM32N645X0H3Q, STM32N645Z0H3Q, STM32N647A0H3Q, STM32N647B0H3Q, STM32N647I0H3Q, STM32N647L0H3Q, STM32N647X0H3Q, STM32N647Z0H3Q, STM32N655A0H3Q, STM32N655B0H3Q, STM32N655I0H3Q, STM32N655L0H3Q, STM32N655X0H3Q, STM32N655Z0H3Q, STM32N6570-DK, STM32N657A0H3Q, STM32N657B0H3Q, STM32N657I0H3Q, STM32N657L0H3Q, STM32N657X0H3Q, STM32N657Z0H3Q, STM32U031C6T6, STM32U031C6U6, STM32U031C8T6, STM32U031C8U6, STM32U031F4P6, STM32U031F6P6, STM32U031F8P6, STM32U031G6Y6TR, STM32U031G8Y6TR, STM32U031K4U6, STM32U031K6U6, STM32U031K8U6, STM32U031R6I6, STM32U031R6T6, STM32U031R8I6, STM32U031R8T6, STM32U073C8T6, STM32U073C8U6, STM32U073CBT6, STM32U073CBU6, STM32U073CCT6, STM32U073CCU6, STM32U073H8Y6TR, STM32U073HBY6TR, STM32U073HCY6TR, STM32U073K8U6, STM32U073KBU6, STM32U073KCU6, STM32U073M8I6, STM32U073M8T6, STM32U073MBI6, STM32U073MBT6, STM32U073MCI6, STM32U073MCT6, STM32U073R8I6, STM32U073R8T6, STM32U073RBI6, STM32U073RBT6, STM32U073RCI6, STM32U073RCT6, STM32U083C-DK, STM32U083CCT6, STM32U083CCU6, STM32U083HCY6TR, STM32U083KCU6, STM32U083MCI6, STM32U083MCT6, STM32U083RCI6, STM32U083RCT6, STM32U375CET6, STM32U375CET6Q, STM32U375CEU6, STM32U375CEU6Q, STM32U375CEY6QTR, STM32U375CGT6, STM32U375CGT6Q, STM32U375CGU6, STM32U375CGU6Q, STM32U375CGY6QTR, STM32U375KEU6, STM32U375KGU6, STM32U375REI6, STM32U375REI6Q, STM32U375RET6, STM32U375RET6Q, STM32U375REY6GTR, STM32U375REY6QTR, STM32U375RGI6, STM32U375RGI6Q, STM32U375RGT6, STM32U375RGT6Q, STM32U375RGY6GTR, STM32U375RGY6QTR, STM32U375VEI6, STM32U375VEI6Q, STM32U375VET6, STM32U375VET6Q, STM32U375VGI6, STM32U375VGI6Q, STM32U375VGT6, STM32U375VGT6Q, STM32U385CGT6, STM32U385CGT6Q, STM32U385CGU6, STM32U385CGU6Q, STM32U385CGY6QTR, STM32U385KGU6, STM32U385RGI6, STM32U385RGI6Q, STM32U385RGT6, STM32U385RGT6Q, STM32U385RGY6GTR, STM32U385RGY6QTR, STM32U385VGI6, STM32U385VGI6Q, STM32U385VGT6, STM32U385VGT6Q, STM32U535CBT6, STM32U535CBT6Q, STM32U535CBU6, STM32U535CBU6Q, STM32U535CCT6, STM32U535CCT6Q, STM32U535CCU6, STM32U535CCU6Q, STM32U535CET6, STM32U535CET6Q, STM32U535CEU6, STM32U535CEU6Q, STM32U535JEY6QTR, STM32U535NCY6QTR, STM32U535NEY6QTR, STM32U535RBI6, STM32U535RBI6Q, STM32U535RBT6, STM32U535RBT6Q, STM32U535RCI6, STM32U535RCI6Q, STM32U535RCT6, STM32U535RCT6Q, STM32U535REI6, STM32U535REI6Q, STM32U535RET6, STM32U535RET6Q, STM32U535VCI6, STM32U535VCI6Q, STM32U535VCT6, STM32U535VCT6Q, STM32U535VEI6, STM32U535VEI6Q, STM32U535VET6, STM32U535VET6Q, STM32U545CET6, STM32U545CET6Q, STM32U545CEU6, STM32U545CEU6Q, STM32U545JEY6QTR, STM32U545NEY6QTR, STM32U545REI6, STM32U545REI6Q, STM32U545RET6, STM32U545RET6Q, STM32U545VEI6, STM32U545VEI6Q, STM32U545VET6, STM32U545VET6Q, STM32U595AIH6, STM32U595AIH6Q, STM32U595AJH6, STM32U595AJH6Q, STM32U595QII6, STM32U595QII6Q, STM32U595QJI6, STM32U595QJI6Q, STM32U595RIT6, STM32U595RIT6Q, STM32U595RJT6, STM32U595RJT6Q, STM32U595VIT6, STM32U595VIT6Q, STM32U595VJT6, STM32U595VJT6Q, STM32U595ZIT6, STM32U595ZIT6Q, STM32U595ZIY6QTR, STM32U595ZJT6, STM32U595ZJT6Q, STM32U595ZJY6QTR, STM32U599BJY6QTR, STM32U599NIH6Q, STM32U599NJH6Q, STM32U599VIT6Q, STM32U599VJT6, STM32U599VJT6Q, STM32U599ZIT6Q, STM32U599ZIY6QTR, STM32U599ZJT6Q, STM32U599ZJY6QTR, STM32U5A5AJH6, STM32U5A5AJH6Q, STM32U5A5QII3Q , STM32U5A5QJI6, STM32U5A5QJI6Q, STM32U5A5RJT6, STM32U5A5RJT6Q, STM32U5A5VJT6, STM32U5A5VJT6Q, STM32U5A5ZJT6, STM32U5A5ZJT6Q, STM32U5A5ZJY6QTR, STM32U5A9BJY6QTR, STM32U5A9J-DK, STM32U5A9NJH6Q, STM32U5A9VJT6Q, STM32U5A9ZJT6Q, STM32U5A9ZJY6QTR, STM32U5F7VIT6, STM32U5F7VIT6Q, STM32U5F7VJT6, STM32U5F7VJT6Q, STM32U5F9BJY6QTR, STM32U5F9NJH6Q, STM32U5F9VIT6Q, STM32U5F9VJT6Q, STM32U5F9ZIJ6QTR, STM32U5F9ZIT6Q, STM32U5F9ZJJ6QTR, STM32U5F9ZJT6Q, STM32U5G7VJT6, STM32U5G7VJT6Q, STM32U5G9BJY6QTR, STM32U5G9J-DK1, STM32U5G9J-DK2, STM32U5G9NJH6Q, STM32U5G9VJT6Q, STM32U5G9ZJJ6QTR, STM32U5G9ZJT6Q, STM32WB05KZV6TR, STM32WB05KZV7TR, STM32WB05TZF6TR, STM32WB05TZF7TR, STM32WB06CCF6TR, STM32WB06CCF7TR, STM32WB06CCV6TR, STM32WB06CCV7TR, STM32WB06KCV6TR, STM32WB06KCV7TR, STM32WB07CCF6TR, STM32WB07CCF7TR, STM32WB07CCV6TR, STM32WB07CCV7TR, STM32WB07KCV6TR, STM32WB07KCV7TR, STM32WB09KEV6TR, STM32WB09KEV7TR, STM32WB09TEF6TR, STM32WB09TEF7TR, STM32WB1MMCH6, STM32WBA50KGU6, STM32WBA50KGU6TR, STM32WBA52CEU6, STM32WBA52CEU6TR, STM32WBA52CEU7, STM32WBA52CEU7TR, STM32WBA52CGU6, STM32WBA52CGU6TR, STM32WBA52CGU6U, STM32WBA52CGU7, STM32WBA52CGU7TR, STM32WBA52KEU6, STM32WBA52KEU6TR, STM32WBA52KGU6, STM32WBA52KGU6TR, STM32WBA54CEU6, STM32WBA54CEU6TR, STM32WBA54CEU7, STM32WBA54CEU7TR, STM32WBA54CGU6, STM32WBA54CGU6TR, STM32WBA54CGU7, STM32WBA54CGU7TR, STM32WBA54KEU6, STM32WBA54KEU6TR, STM32WBA54KEU7, STM32WBA54KEU7TR, STM32WBA54KGU6, STM32WBA54KGU6TR, STM32WBA54KGU7, STM32WBA54KGU7TR, STM32WBA55CEU6, STM32WBA55CEU6TR, STM32WBA55CEU7, STM32WBA55CEU7TR, STM32WBA55CGU6, STM32WBA55CGU6TR, STM32WBA55CGU6U, STM32WBA55CGU7, STM32WBA55CGU7TR, STM32WBA55G-DK1, STM32WBA55HEF6, STM32WBA55HEF7, STM32WBA55HGF6, STM32WBA55HGF7, STM32WBA55UEI6, STM32WBA55UEI6TR, STM32WBA55UEI7, STM32WBA55UEI7TR, STM32WBA55UGI6, STM32WBA55UGI6TR, STM32WBA55UGI7, STM32WBA55UGI7TR, STM32WBA5MJGH6TR, STM32WBA62CGU6, STM32WBA62CIU6, STM32WBA62MGF6, STM32WBA62MIF6, STM32WBA62PGI6, STM32WBA62PII6, STM32WBA63CGU6, STM32WBA63CGU7, STM32WBA63CIU6, STM32WBA63CIU7, STM32WBA64CGU6, STM32WBA64CGU7, STM32WBA64CIU6, STM32WBA64CIU7, STM32WBA65CGU6, STM32WBA65CGU7, STM32WBA65CIU6, STM32WBA65CIU7, STM32WBA65I-DK1, STM32WBA65MGF6, STM32WBA65MGF7, STM32WBA65MIF6, STM32WBA65MIF7, STM32WBA65PGI6, STM32WBA65PGI7, STM32WBA65PII6, STM32WBA65PII7, STM32WBA65RGV6, STM32WBA65RGV7, STM32WBA65RIV6, STM32WBA65RIV7, STM32WL30K8V6, STM32WL30KBV6, STM32WL31C8V6, STM32WL31CBV6, STM32WL31K8V6, STM32WL31KBV6, STM32WL33C8V6, STM32WL33C8V6TR, STM32WL33C8V7, STM32WL33C8V7TR, STM32WL33CBV6, STM32WL33CBV6TR, STM32WL33CBV7, STM32WL33CBV7TR, STM32WL33CCV6, STM32WL33CCV6TR, STM32WL33CCV7, STM32WL33CCV7A, STM32WL33CCV7ATR, STM32WL33CCV7TR, STM32WL33K8V6, STM32WL33K8V6TR, STM32WL33K8V7, STM32WL33K8V7TR, STM32WL33KBV6, STM32WL33KBV6TR, STM32WL33KBV7, STM32WL33KBV7TR, STM32WL33KCV6, STM32WL33KCV6TR, STM32WL33KCV7, STM32WL33KCV7TR, STM32WL5MOCH6, STM32WL5MOCH6TR]
2025-07-13 10:54:33,368 [INFO] DbMcus:218 - Found 4686 MCUs, 4686 are supported
2025-07-13 10:54:33,369 [INFO] ApiDb:423 - Load user favorites file C:\Users\Alireza/.stm32cubeide/favorites.mcus.txt: 0 item(s)
2025-07-13 10:54:33,369 [INFO] ApiDb:427 - User favorites MCUs=[]
2025-07-13 10:54:33,370 [INFO] DbMcus:224 - Set 0 / 0 favorites MCUs
2025-07-13 10:54:33,374 [ERROR] ConfigurationRetriever:142 - IOException on connection: Connect timed out
2025-07-13 10:54:33,681 [INFO] ApiDb:423 - Load user favorites file C:\Users\Alireza/.stm32cubeide/favorites.boards.txt: 0 item(s)
2025-07-13 10:54:33,681 [INFO] ApiDb:427 - User favorites Boards=[]
2025-07-13 10:54:33,682 [INFO] DbBoards:198 - Set 0 / 0 favorites Boards
2025-07-13 10:54:33,746 [INFO] UtilMem:75 - End LoadConfig() Used Memory: 235057608 Bytes (382730240)
2025-07-13 10:54:33,856 [WARN] ThirdParty:833 - waiting for thirdparty lock release [change project]
2025-07-13 10:54:33,856 [INFO] ThirdParty:835 - entering critical section [change project]
2025-07-13 10:54:33,856 [INFO] ThirdParty:1030 - CMSIS Pack Vendor :STMicroelectronics USBPD 4.1
2025-07-13 10:54:33,856 [INFO] ThirdParty:1030 - CMSIS Pack Vendor :STMicroelectronics X-CUBE-AZRTOS-H7 3.3.0
2025-07-13 10:54:33,856 [INFO] ThirdParty:1030 - CMSIS Pack Vendor :STMicroelectronics X-CUBE-NFC9 1.0.0
2025-07-13 10:54:33,856 [INFO] ThirdParty:1030 - CMSIS Pack Vendor :STMicroelectronics USB_HOST 2.0.0
2025-07-13 10:54:33,856 [INFO] ThirdParty:1030 - CMSIS Pack Vendor :STMicroelectronics FP-SNS-MOTENVWB1 1.4.0
2025-07-13 10:54:33,856 [INFO] ThirdParty:1030 - CMSIS Pack Vendor :STMicroelectronics X-CUBE-AZRTOS-F4 1.1.0
2025-07-13 10:54:33,856 [INFO] ThirdParty:1030 - CMSIS Pack Vendor :STMicroelectronics LIBJPEG 8.0.0
2025-07-13 10:54:33,856 [INFO] ThirdParty:1030 - CMSIS Pack Vendor :STMicroelectronics FP-ATR-ASTRA1 2.0.2
2025-07-13 10:54:33,856 [INFO] ThirdParty:1030 - CMSIS Pack Vendor :STMicroelectronics X-CUBE-BLE1 7.1.0
2025-07-13 10:54:33,856 [INFO] ThirdParty:1030 - CMSIS Pack Vendor :Avnet-IotConnect X-CUBE-IoTC-DA16k-PMOD 1.0.0
2025-07-13 10:54:33,857 [INFO] ThirdParty:1030 - CMSIS Pack Vendor :STMicroelectronics X-CUBE-SMBUS 2.1.0
2025-07-13 10:54:33,857 [INFO] ThirdParty:1030 - CMSIS Pack Vendor :wolfSSL I-CUBE-wolfMQTT 1.19.2
2025-07-13 10:54:33,857 [INFO] ThirdParty:1030 - CMSIS Pack Vendor :STMicroelectronics USB_DEVICE 3.0.0
2025-07-13 10:54:33,857 [INFO] ThirdParty:1030 - CMSIS Pack Vendor :STMicroelectronics X-CUBE-ISPU 2.1.0
2025-07-13 10:54:33,857 [INFO] ThirdParty:1030 - CMSIS Pack Vendor :STMicroelectronics X-CUBE-AZRTOS-WB 2.0.0
2025-07-13 10:54:33,857 [INFO] ThirdParty:1030 - CMSIS Pack Vendor :STMicroelectronics X-CUBE-ST60 1.0.0
2025-07-13 10:54:33,857 [INFO] ThirdParty:1030 - CMSIS Pack Vendor :STMicroelectronics X-CUBE-GNSS1 7.0.1
2025-07-13 10:54:33,857 [INFO] ThirdParty:1030 - CMSIS Pack Vendor :STMicroelectronics X-CUBE-AZRTOS-F7 1.1.0
2025-07-13 10:54:33,857 [INFO] ThirdParty:1030 - CMSIS Pack Vendor :STMicroelectronics X-CUBE-AZRTOS-L5 2.0.0
2025-07-13 10:54:33,857 [INFO] ThirdParty:1030 - CMSIS Pack Vendor :STMicroelectronics X-CUBE-TOUCHGFX 4.25.0
2025-07-13 10:54:33,857 [INFO] ThirdParty:1030 - CMSIS Pack Vendor :STMicroelectronics USB_DEVICE 2.0.0
2025-07-13 10:54:33,857 [INFO] ThirdParty:1030 - CMSIS Pack Vendor :STMicroelectronics X-CUBE-NFC6 3.1.0
2025-07-13 10:54:33,857 [INFO] ThirdParty:1030 - CMSIS Pack Vendor :STMicroelectronics X-CUBE-AI 10.1.0
2025-07-13 10:54:33,857 [INFO] ThirdParty:1030 - CMSIS Pack Vendor :STMicroelectronics FP-SNS-STBOX1 2.0.0
2025-07-13 10:54:33,857 [INFO] ThirdParty:1030 - CMSIS Pack Vendor :STMicroelectronics X-CUBE-MEMS1 11.2.0
2025-07-13 10:54:33,857 [INFO] ThirdParty:1030 - CMSIS Pack Vendor :STMicroelectronics FreeRTOS 0.0.1
2025-07-13 10:54:33,857 [INFO] ThirdParty:1030 - CMSIS Pack Vendor :STMicroelectronics X-CUBE-AZRTOS-G0 1.1.0
2025-07-13 10:54:33,857 [INFO] ThirdParty:1030 - CMSIS Pack Vendor :STMicroelectronics X-CUBE-SAFEA1 1.2.2
2025-07-13 10:54:33,857 [INFO] ThirdParty:1030 - CMSIS Pack Vendor :STMicroelectronics X-CUBE-NFC4 3.0.0
2025-07-13 10:54:33,857 [INFO] ThirdParty:1030 - CMSIS Pack Vendor :STMicroelectronics X-CUBE-SUBG2 5.0.0
2025-07-13 10:54:33,857 [INFO] ThirdParty:1030 - CMSIS Pack Vendor :STMicroelectronics X-CUBE-AZRTOS-H7RS 1.1.0
2025-07-13 10:54:33,857 [INFO] ThirdParty:1030 - CMSIS Pack Vendor :STMicroelectronics STM32_WPAN 1.0.0
2025-07-13 10:54:33,857 [INFO] ThirdParty:1030 - CMSIS Pack Vendor :EmbeddedOffice I-CUBE-FS-RTOS 1.0.1
2025-07-13 10:54:33,857 [INFO] ThirdParty:1030 - CMSIS Pack Vendor :STMicroelectronics lwIP 2.0.3
2025-07-13 10:54:33,857 [INFO] ThirdParty:1030 - CMSIS Pack Vendor :Cesanta I-CUBE-Mongoose 7.13.0
2025-07-13 10:54:33,857 [INFO] ThirdParty:1030 - CMSIS Pack Vendor :STMicroelectronics USB_HOST 1.0.0
2025-07-13 10:54:33,857 [INFO] ThirdParty:1030 - CMSIS Pack Vendor :Infineon AIROC-Wi-Fi-Bluetooth-STM32 1.7.0
2025-07-13 10:54:33,857 [INFO] ThirdParty:1030 - CMSIS Pack Vendor :STMicroelectronics X-CUBE-AZRTOS-G4 2.0.0
2025-07-13 10:54:33,857 [INFO] ThirdParty:1030 - CMSIS Pack Vendor :STMicroelectronics X-CUBE-WB05N 2.0.0
2025-07-13 10:54:33,857 [INFO] ThirdParty:1030 - CMSIS Pack Vendor :STMicroelectronics PDM2PCM 3.1.0
2025-07-13 10:54:33,857 [INFO] ThirdParty:1030 - CMSIS Pack Vendor :STMicroelectronics PDM2PCM 3.3.0
2025-07-13 10:54:33,857 [INFO] ThirdParty:1030 - CMSIS Pack Vendor :wolfSSL I-CUBE-wolfTPM 3.8.0
2025-07-13 10:54:33,857 [INFO] ThirdParty:1030 - CMSIS Pack Vendor :STMicroelectronics X-CUBE-DISPLAY 3.0.0
2025-07-13 10:54:33,857 [INFO] ThirdParty:1030 - CMSIS Pack Vendor :wolfSSL I-CUBE-wolfSSH 1.4.20
2025-07-13 10:54:33,857 [INFO] ThirdParty:1030 - CMSIS Pack Vendor :STMicroelectronics X-CUBE-NFC7 2.0.0
2025-07-13 10:54:33,857 [INFO] ThirdParty:1030 - CMSIS Pack Vendor :STMicroelectronics X-CUBE-TCPP 4.2.0
2025-07-13 10:54:33,857 [INFO] ThirdParty:1030 - CMSIS Pack Vendor :RealThread X-CUBE-RT-Thread_Nano 4.1.1
2025-07-13 10:54:33,857 [INFO] ThirdParty:1030 - CMSIS Pack Vendor :STMicroelectronics FP-ATR-SIGFOX1 3.2.0
2025-07-13 10:54:33,857 [INFO] ThirdParty:1030 - CMSIS Pack Vendor :STMicroelectronics X-CUBE-NFC10 1.0.0
2025-07-13 10:54:33,857 [INFO] ThirdParty:1030 - CMSIS Pack Vendor :STMicroelectronics X-CUBE-BLEMGR 4.0.0
2025-07-13 10:54:33,857 [INFO] ThirdParty:1030 - CMSIS Pack Vendor :STMicroelectronics X-CUBE-EEPRMA1 5.1.0
2025-07-13 10:54:33,857 [INFO] ThirdParty:1030 - CMSIS Pack Vendor :STMicroelectronics X-CUBE-FREERTOS 1.3.1
2025-07-13 10:54:33,857 [INFO] ThirdParty:1030 - CMSIS Pack Vendor :STMicroelectronics HAL Drivers 0.0.0
2025-07-13 10:54:33,857 [INFO] ThirdParty:1030 - CMSIS Pack Vendor :STMicroelectronics MBEDTLS 2.16.2
2025-07-13 10:54:33,858 [INFO] ThirdParty:1030 - CMSIS Pack Vendor :STMicroelectronics X-CUBE-IPS 3.1.0
2025-07-13 10:54:33,858 [INFO] ThirdParty:1030 - CMSIS Pack Vendor :STMicroelectronics X-CUBE-ALS 1.0.2
2025-07-13 10:54:33,858 [INFO] ThirdParty:1030 - CMSIS Pack Vendor :emotas I-CUBE-CANOPEN 1.3.0
2025-07-13 10:54:33,858 [INFO] ThirdParty:1030 - CMSIS Pack Vendor :STMicroelectronics X-CUBE-FREERTOS 1.3.0
2025-07-13 10:54:33,858 [INFO] ThirdParty:1030 - CMSIS Pack Vendor :STMicroelectronics MBEDTLS 2.14.1
2025-07-13 10:54:33,858 [INFO] ThirdParty:1030 - CMSIS Pack Vendor :wolfSSL I-CUBE-wolfSSL 5.7.6
2025-07-13 10:54:33,858 [INFO] ThirdParty:1030 - CMSIS Pack Vendor :ITTIA_DB I-CUBE-ITTIADB 8.9.0
2025-07-13 10:54:33,858 [INFO] ThirdParty:1030 - CMSIS Pack Vendor :portGmbH I-Cube-SoM-uGOAL 1.1.0
2025-07-13 10:54:33,858 [INFO] ThirdParty:1030 - CMSIS Pack Vendor :quantropi X-CUBE-qispace-sdk-base 2.0.0
2025-07-13 10:54:33,858 [INFO] ThirdParty:1030 - CMSIS Pack Vendor :STMicroelectronics X-CUBE-AI 10.0.0
2025-07-13 10:54:33,858 [INFO] ThirdParty:1030 - CMSIS Pack Vendor :STMicroelectronics ThreadX 1.0.0
2025-07-13 10:54:33,858 [INFO] ThirdParty:1030 - CMSIS Pack Vendor :STMicroelectronics FP-SNS-SMARTAG2 1.2.0
2025-07-13 10:54:33,858 [INFO] ThirdParty:1030 - CMSIS Pack Vendor :STMicroelectronics FP-SNS-FLIGHT1 5.1.0
2025-07-13 10:54:33,858 [INFO] ThirdParty:1030 - CMSIS Pack Vendor :STMicroelectronics X-CUBE-AZRTOS-WL 2.0.0
2025-07-13 10:54:33,858 [INFO] ThirdParty:1030 - CMSIS Pack Vendor :SEGGER I-CUBE-embOS 1.3.1
2025-07-13 10:54:33,858 [INFO] ThirdParty:1030 - CMSIS Pack Vendor :STMicroelectronics X-CUBE-ALGOBUILD 1.4.0
2025-07-13 10:54:33,858 [INFO] ThirdParty:1030 - CMSIS Pack Vendor :STMicroelectronics X-CUBE-DPower 1.3.0
2025-07-13 10:54:33,858 [INFO] ThirdParty:1030 - CMSIS Pack Vendor :STMicroelectronics FP-SNS-MOTENV1 5.0.0
2025-07-13 10:54:33,858 [INFO] ThirdParty:1030 - CMSIS Pack Vendor :STMicroelectronics USB_DEVICE 1.0.0
2025-07-13 10:54:33,858 [INFO] ThirdParty:1030 - CMSIS Pack Vendor :STMicroelectronics X-CUBE-AZRTOS-L4 2.0.0
2025-07-13 10:54:33,858 [INFO] ThirdParty:1030 - CMSIS Pack Vendor :STMicroelectronics ThreadX 0.0.2
2025-07-13 10:54:33,858 [INFO] ThirdParty:1030 - CMSIS Pack Vendor :WES I-CUBE-Cesium 1.3.0
2025-07-13 10:54:33,858 [INFO] ThirdParty:1030 - CMSIS Pack Vendor :STMicroelectronics lwIP 2.1.2
2025-07-13 10:54:33,858 [INFO] ThirdParty:1030 - CMSIS Pack Vendor :STMicroelectronics X-CUBE-SFXS2LP1 4.0.0
2025-07-13 10:54:33,858 [INFO] ThirdParty:1030 - CMSIS Pack Vendor :STMicroelectronics X-CUBE-BLE2 3.3.0
2025-07-13 10:54:33,858 [INFO] ThirdParty:1030 - CMSIS Pack Vendor :STMicroelectronics X-CUBE-TOF1 3.4.3
2025-07-13 10:54:33,858 [INFO] ThirdParty:1030 - CMSIS Pack Vendor :STMicroelectronics PDM2PCM 3.2.0
2025-07-13 10:54:33,858 [INFO] ThirdParty:841 - exiting critical section [change project]
2025-07-13 10:54:34,121 [INFO] PinOutPanel:1589 - setPackage(No Configuration,No Configuration)
2025-07-13 10:54:34,122 [INFO] PinOutPanel:1589 - setPackage(STM32F401CCUx,UFQFPN48)
2025-07-13 10:54:34,499 [INFO] UtilMem:75 - Before build in PCC Used Memory: 213177024 Bytes (382730240)
2025-07-13 10:54:35,162 [INFO] UtilMem:75 - After build in PCC Used Memory: 282034984 Bytes (382730240)
2025-07-13 10:54:35,184 [INFO] IPUIPlugin:80 - create IPUIPlugin
2025-07-13 10:54:35,184 [INFO] IPUIPlugin:80 - create IPUIPlugin
2025-07-13 10:54:35,184 [INFO] IPUIPlugin:80 - create IPUIPlugin
2025-07-13 10:54:35,184 [INFO] IPUIPlugin:80 - create IPUIPlugin
2025-07-13 10:54:35,184 [INFO] IPUIPlugin:80 - create IPUIPlugin
2025-07-13 10:54:35,184 [INFO] IPUIPlugin:80 - create IPUIPlugin
2025-07-13 10:54:35,184 [INFO] IPUIPlugin:80 - create IPUIPlugin
2025-07-13 10:54:35,185 [INFO] IPUIPlugin:80 - create IPUIPlugin
2025-07-13 10:54:35,185 [INFO] IPUIPlugin:80 - create IPUIPlugin
2025-07-13 10:54:35,185 [INFO] IPUIPlugin:80 - create IPUIPlugin
2025-07-13 10:54:35,185 [INFO] IPUIPlugin:80 - create IPUIPlugin
2025-07-13 10:54:35,185 [INFO] IPUIPlugin:80 - create IPUIPlugin
2025-07-13 10:54:35,185 [INFO] IPUIPlugin:80 - create IPUIPlugin
2025-07-13 10:54:35,185 [INFO] IPUIPlugin:80 - create IPUIPlugin
2025-07-13 10:54:35,185 [INFO] IPUIPlugin:80 - create IPUIPlugin
2025-07-13 10:54:35,185 [INFO] IPUIPlugin:80 - create IPUIPlugin
2025-07-13 10:54:35,185 [INFO] IPUIPlugin:80 - create IPUIPlugin
2025-07-13 10:54:35,186 [INFO] IPUIPlugin:80 - create IPUIPlugin
2025-07-13 10:54:35,186 [INFO] IPUIPlugin:80 - create IPUIPlugin
2025-07-13 10:54:35,186 [INFO] IPUIPlugin:80 - create IPUIPlugin
2025-07-13 10:54:35,186 [INFO] IPUIPlugin:80 - create IPUIPlugin
2025-07-13 10:54:35,186 [INFO] IPUIPlugin:80 - create IPUIPlugin
2025-07-13 10:54:35,186 [INFO] IPUIPlugin:80 - create IPUIPlugin
2025-07-13 10:54:35,187 [INFO] IPUIPlugin:80 - create IPUIPlugin
2025-07-13 10:54:35,187 [INFO] IPUIPlugin:80 - create IPUIPlugin
2025-07-13 10:54:35,187 [INFO] IPUIPlugin:80 - create IPUIPlugin
2025-07-13 10:54:35,187 [INFO] IPUIPlugin:80 - create IPUIPlugin
2025-07-13 10:54:35,187 [INFO] IPUIPlugin:80 - create IPUIPlugin
2025-07-13 10:54:35,187 [INFO] IPUIPlugin:80 - create IPUIPlugin
2025-07-13 10:54:35,188 [INFO] IPUIPlugin:80 - create IPUIPlugin
2025-07-13 10:54:35,188 [INFO] IPUIPlugin:80 - create IPUIPlugin
2025-07-13 10:54:35,188 [INFO] IPUIPlugin:80 - create IPUIPlugin
2025-07-13 10:54:35,188 [INFO] IPUIPlugin:80 - create IPUIPlugin
2025-07-13 10:54:35,188 [INFO] IPUIPlugin:80 - create IPUIPlugin
2025-07-13 10:54:35,189 [INFO] IPUIPlugin:80 - create IPUIPlugin
2025-07-13 10:54:35,189 [INFO] IPUIPlugin:80 - create IPUIPlugin
2025-07-13 10:54:35,189 [INFO] IPUIPlugin:80 - create IPUIPlugin
2025-07-13 10:54:35,270 [INFO] ApiDbMcu:508 - Load IP Config File for PDM2PCM
2025-07-13 10:54:35,428 [INFO] CADModel:165 - CPN selected for project levelSTM32F401CCU6
2025-07-13 10:54:35,428 [INFO] CADModel:114 - Register for checkConnection events
2025-07-13 10:54:35,482 [INFO] OpenFileManager:385 - Restore cursor
2025-07-13 10:55:07,473 [WARN] IP:2250 - I2C_Coeff_DF not found: check if there is a RefParameter without a condition.
2025-07-13 10:55:07,473 [WARN] IP:2250 - Analog_Filter not found: check if there is a RefParameter without a condition.
2025-07-13 10:55:07,491 [WARN] IP:2250 - I2C_Coeff_DF not found: check if there is a RefParameter without a condition.
2025-07-13 10:55:07,491 [WARN] IP:2250 - Analog_Filter not found: check if there is a RefParameter without a condition.
2025-07-13 10:55:07,492 [WARN] IP:2250 - I2C_Coeff_DF not found: check if there is a RefParameter without a condition.
2025-07-13 10:55:07,492 [WARN] IP:2250 - Analog_Filter not found: check if there is a RefParameter without a condition.
2025-07-13 10:55:07,598 [WARN] IP:2250 - I2C_Coeff_DF not found: check if there is a RefParameter without a condition.
2025-07-13 10:55:07,598 [WARN] IP:2250 - Analog_Filter not found: check if there is a RefParameter without a condition.
2025-07-13 10:55:07,600 [WARN] IP:2250 - I2C_Coeff_DF not found: check if there is a RefParameter without a condition.
2025-07-13 10:55:07,600 [WARN] IP:2250 - Analog_Filter not found: check if there is a RefParameter without a condition.
2025-07-13 10:56:38,995 [INFO] NvicIntPanel:101 - NVIC parent = com.st.microxplorer.plugins.ip.nvic.MultiNvicIntPanel[,0,0,450x181,layout=javax.swing.BoxLayout,alignmentX=0.0,alignmentY=0.0,border=,flags=9,maximumSize=,minimumSize=,preferredSize=]
2025-07-13 10:56:41,763 [WARN] IP:2250 - I2C_Coeff_DF not found: check if there is a RefParameter without a condition.
2025-07-13 10:56:41,763 [WARN] IP:2250 - Analog_Filter not found: check if there is a RefParameter without a condition.
2025-07-13 10:56:41,784 [INFO] NvicIntPanel:101 - NVIC parent = com.st.microxplorer.plugins.ip.nvic.MultiNvicIntPanel[,0,0,0x0,invalid,layout=javax.swing.BoxLayout,alignmentX=0.0,alignmentY=0.0,border=,flags=9,maximumSize=,minimumSize=,preferredSize=]
2025-07-13 10:56:44,501 [INFO] NvicIntPanel:101 - NVIC parent = com.st.microxplorer.plugins.ip.nvic.MultiNvicIntPanel[,0,0,0x0,invalid,layout=javax.swing.BoxLayout,alignmentX=0.0,alignmentY=0.0,border=,flags=9,maximumSize=,minimumSize=,preferredSize=]
2025-07-13 11:06:32,177 [INFO] UtilMem:75 - End SaveConfig() Used Memory: 244702688 Bytes (407896064)
2025-07-13 11:06:32,948 [INFO] UtilMem:75 - End SaveConfig() Used Memory: 260957664 Bytes (407896064)
2025-07-13 11:06:33,087 [INFO] UtilMem:75 - End SaveConfig() Used Memory: 281024728 Bytes (407896064)
2025-07-13 11:06:33,528 [INFO] BlockDiagram:2775 - set Specific Code input for plugin: NVIC
2025-07-13 11:06:33,528 [INFO] BlockDiagram:2775 - set Specific Code input for plugin: SYS
2025-07-13 11:06:33,528 [INFO] BlockDiagram:2775 - set Specific Code input for plugin: GPIO
2025-07-13 11:06:33,529 [INFO] BlockDiagram:2775 - set Specific Code input for plugin: RCC
2025-07-13 11:06:33,529 [INFO] BlockDiagram:2775 - set Specific Code input for plugin: I2C
2025-07-13 11:06:33,530 [INFO] CodeGenerator:882 - code generatio: config db path: C:\ST\STM32CubeIDE_1.18.0\STM32CubeIDE\plugins\com.st.stm32cube.common.mx_6.14.0.202502271554\\db\
2025-07-13 11:06:33,534 [WARN] IP:2250 - I2C_Coeff_DF not found: check if there is a RefParameter without a condition.
2025-07-13 11:06:33,534 [WARN] IP:2250 - Analog_Filter not found: check if there is a RefParameter without a condition.
2025-07-13 11:06:33,654 [INFO] CodeEngine:263 - oldGeneratedFile, D:\university\studies\Navigation-STM32\Navigation-STM32\Navigation\MXTmpFiles\license.tmp_save
2025-07-13 11:06:33,922 [INFO] CodeEngine:287 - Generated code: D:\university\studies\Navigation-STM32\Navigation-STM32\Navigation\MXTmpFiles\license.tmp
2025-07-13 11:06:33,969 [INFO] CodeEngine:263 - oldGeneratedFile, D:\university\studies\Navigation-STM32\Navigation-STM32\Navigation\MXTmpFiles\gpio.tmp_save
2025-07-13 11:06:34,056 [INFO] CodeEngine:287 - Generated code: D:\university\studies\Navigation-STM32\Navigation-STM32\Navigation\MXTmpFiles\gpio.tmp
2025-07-13 11:06:34,107 [INFO] CodeEngine:263 - oldGeneratedFile, D:\university\studies\Navigation-STM32\Navigation-STM32\Navigation\Core\Src\stm32f4xx_it.c_save
2025-07-13 11:06:34,198 [INFO] CodeEngine:287 - Generated code: D:\university\studies\Navigation-STM32\Navigation-STM32\Navigation\Core\Src\stm32f4xx_it.c
2025-07-13 11:06:34,202 [INFO] CodeEngine:263 - oldGeneratedFile, D:\university\studies\Navigation-STM32\Navigation-STM32\Navigation\Core\Inc\stm32f4xx_it.h_save
2025-07-13 11:06:34,253 [INFO] CodeEngine:287 - Generated code: D:\university\studies\Navigation-STM32\Navigation-STM32\Navigation\Core\Inc\stm32f4xx_it.h
2025-07-13 11:06:34,262 [INFO] CodeEngine:263 - oldGeneratedFile, D:\university\studies\Navigation-STM32\Navigation-STM32\Navigation\Core\Src\stm32f4xx_hal_msp.c_save
2025-07-13 11:06:34,379 [INFO] CodeEngine:287 - Generated code: D:\university\studies\Navigation-STM32\Navigation-STM32\Navigation\Core\Src\stm32f4xx_hal_msp.c
2025-07-13 11:06:34,382 [INFO] CodeEngine:263 - oldGeneratedFile, D:\university\studies\Navigation-STM32\Navigation-STM32\Navigation\MXTmpFiles\system.tmp_save
2025-07-13 11:06:34,424 [INFO] CodeEngine:287 - Generated code: D:\university\studies\Navigation-STM32\Navigation-STM32\Navigation\MXTmpFiles\system.tmp
2025-07-13 11:06:34,430 [INFO] CodeEngine:319 - oldGeneratedFile, D:\university\studies\Navigation-STM32\Navigation-STM32\Navigation\Core\Inc\stm32f4xx_hal_conf.h_save
2025-07-13 11:06:34,481 [INFO] CodeEngine:343 - Generated code: D:\university\studies\Navigation-STM32\Navigation-STM32\Navigation\Core\Inc\stm32f4xx_hal_conf.h
2025-07-13 11:06:34,507 [INFO] ApiDbMcu:508 - Load IP Config File for I2C1
2025-07-13 11:06:34,511 [INFO] ApiDbMcu:508 - Load IP Config File for RCC
2025-07-13 11:06:34,518 [INFO] CodeEngine:263 - oldGeneratedFile, D:\university\studies\Navigation-STM32\Navigation-STM32\Navigation\Core\Inc\main.h_save
2025-07-13 11:06:34,580 [INFO] CodeEngine:287 - Generated code: D:\university\studies\Navigation-STM32\Navigation-STM32\Navigation\Core\Inc\main.h
2025-07-13 11:06:34,583 [INFO] CodeEngine:263 - oldGeneratedFile, D:\university\studies\Navigation-STM32\Navigation-STM32\Navigation\Core\Src\main.c_save
2025-07-13 11:06:34,675 [INFO] CodeEngine:287 - Generated code: D:\university\studies\Navigation-STM32\Navigation-STM32\Navigation\Core\Src\main.c
2025-07-13 11:06:34,923 [INFO] ProjectBuilder:3324 - Time for Copy HAL[1] : 122mS.
2025-07-13 11:06:34,931 [INFO] ProjectBuilder:4912 - Project Generator version: 4.6.0-B36
2025-07-13 11:06:35,035 [INFO] ConfigFileManager:1590 - The Die is : DIE423
2025-07-13 11:06:35,041 [INFO] ApiDbMcu:508 - Load IP Config File for FATFS
2025-07-13 11:06:35,046 [INFO] ApiDbMcu:508 - Load IP Config File for FREERTOS
2025-07-13 11:06:35,048 [INFO] ApiDbMcu:508 - Load IP Config File for LIBJPEG
2025-07-13 11:06:35,053 [INFO] ApiDbMcu:508 - Load IP Config File for MBEDTLS
2025-07-13 11:06:35,060 [INFO] ApiDbMcu:508 - Load IP Config File for USB_DEVICE
2025-07-13 11:06:35,064 [INFO] ApiDbMcu:508 - Load IP Config File for USB_HOST
2025-07-13 11:06:35,424 [INFO] LogOutputStream:77 - [STDOUT_REDIRECT] 
2025-07-13 11:06:36,282 [INFO] ProjectBuilder:5191 - Time for Generating toolchain IDE Files: 1350mS.
2025-07-13 11:06:36,283 [INFO] ProjectBuilder:3181 - Time for Copy CMSIS : 0mS.
2025-07-13 11:06:36,283 [INFO] ProjectBuilder:3181 - Time for Copy CMSIS : 0mS.
2025-07-13 11:06:37,595 [ERROR] ConfigurationRetriever:142 - IOException on connection: Connect timed out
2025-07-13 11:06:38,638 [ERROR] ConfigurationRetriever:142 - IOException on connection: Connect timed out
2025-07-13 11:06:40,641 [ERROR] ConfigurationRetriever:142 - IOException on connection: Connect timed out
2025-07-13 11:06:42,596 [ERROR] ConfigurationRetriever:142 - IOException on connection: Connect timed out
2025-07-13 11:06:42,643 [ERROR] ConfigurationRetriever:142 - IOException on connection: Connect timed out
2025-07-13 12:47:29,228 [INFO] Activator:176 - 


2025-07-13 12:47:29,230 [INFO] Activator:177 - !SESSION log4j initialized
2025-07-13 12:47:35,375 [INFO] LogOutputStream:77 - [STDOUT_REDIRECT] 
2025-07-13 12:47:36,436 [INFO] ApplicationProperties:184 - Using Application install path: C:\ST\STM32CubeIDE_1.18.0\STM32CubeIDE\plugins\com.st.stm32cube.common.mx_6.14.0.202502271554
2025-07-13 12:47:36,463 [INFO] DbMcusXml:78 - Set database path to: C:\ST\STM32CubeIDE_1.18.0\STM32CubeIDE\plugins\com.st.stm32cube.common.mx_6.14.0.202502271554\\db\/mcu/
2025-07-13 12:47:36,464 [INFO] ApiDb:274 - Set plugin database path to: C:\ST\STM32CubeIDE_1.18.0\STM32CubeIDE\plugins\com.st.stm32cube.common.mx_6.14.0.202502271554\\db\/plugins/boardmanager/
2025-07-13 12:47:36,464 [WARN] ApiDb:259 - Overriding images path with different value:  => C:\ST\STM32CubeIDE_1.18.0\STM32CubeIDE\plugins\com.st.stm32cube.common.mx_6.14.0.202502271554\\db\/plugins/mcufinder/images/
2025-07-13 12:47:36,475 [INFO] ApiDb:250 - Set database path to: C:\Users\Alireza\.stmcufinder\plugins\mcufinder//mcu/
2025-07-13 12:47:36,476 [INFO] DbMcusAds:125 - Set database path to: C:\Users\Alireza\.stmcufinder\plugins\mcufinder//mcu/
2025-07-13 12:47:36,480 [INFO] CrossReferenceDbSqlite:203 - Set database path to: C:\Users\Alireza\.stmcufinder\plugins\mcufinder//mcu/cs/
2025-07-13 12:47:36,656 [INFO] RulesReader:64 - Compatibility file has been processed (301 Rules)
2025-07-13 12:47:36,770 [INFO] DbMcusXml:78 - Set database path to: C:\ST\STM32CubeIDE_1.18.0\STM32CubeIDE\plugins\com.st.stm32cube.common.mx_6.14.0.202502271554\\db\/mcu/
2025-07-13 12:47:36,770 [INFO] ApiDb:274 - Set plugin database path to: C:\ST\STM32CubeIDE_1.18.0\STM32CubeIDE\plugins\com.st.stm32cube.common.mx_6.14.0.202502271554\\db\/plugins/boardmanager/
2025-07-13 12:47:36,770 [INFO] ApiDb:261 - Set plugin images path to: C:\ST\STM32CubeIDE_1.18.0\STM32CubeIDE\plugins\com.st.stm32cube.common.mx_6.14.0.202502271554\\db\/plugins/mcufinder/images/
2025-07-13 12:47:36,771 [WARN] DbFile:41 - Overriding database path with different value: C:\Users\Alireza\.stmcufinder\plugins\mcufinder/ => C:\Users\Alireza\.stmcufinder\plugins\mcufinder
2025-07-13 12:47:36,771 [INFO] ApiDb:250 - Set database path to: C:\Users\Alireza\.stmcufinder\plugins\mcufinder//mcu/
2025-07-13 12:47:36,771 [WARN] DbFile:41 - Overriding database path with different value: C:\Users\Alireza\.stmcufinder\plugins\mcufinder/ => C:\Users\Alireza\.stmcufinder\plugins\mcufinder
2025-07-13 12:47:36,771 [INFO] DbMcusAds:125 - Set database path to: C:\Users\Alireza\.stmcufinder\plugins\mcufinder//mcu/
2025-07-13 12:47:36,771 [WARN] DbFile:41 - Overriding database path with different value: C:\Users\Alireza\.stmcufinder\plugins\mcufinder/ => C:\Users\Alireza\.stmcufinder\plugins\mcufinder
2025-07-13 12:47:36,771 [WARN] DbFile:41 - Overriding database path with different value: C:\Users\Alireza\.stmcufinder\plugins\mcufinder/ => C:\Users\Alireza\.stmcufinder\plugins\mcufinder
2025-07-13 12:47:36,771 [INFO] CrossReferenceDbSqlite:203 - Set database path to: C:\Users\Alireza\.stmcufinder\plugins\mcufinder//mcu/cs/
2025-07-13 12:47:36,898 [INFO] MainPanel:272 - HeapMemory: 268435456
2025-07-13 12:47:37,046 [INFO] DbMcusXml:78 - Set database path to: C:\ST\STM32CubeIDE_1.18.0\STM32CubeIDE\plugins\com.st.stm32cube.common.mx_6.14.0.202502271554\\db\/mcu/
2025-07-13 12:47:37,046 [INFO] ApiDb:274 - Set plugin database path to: C:\ST\STM32CubeIDE_1.18.0\STM32CubeIDE\plugins\com.st.stm32cube.common.mx_6.14.0.202502271554\\db\/plugins/boardmanager/
2025-07-13 12:47:37,046 [INFO] ApiDb:261 - Set plugin images path to: C:\ST\STM32CubeIDE_1.18.0\STM32CubeIDE\plugins\com.st.stm32cube.common.mx_6.14.0.202502271554\\db\/plugins/mcufinder/images/
2025-07-13 12:47:37,047 [WARN] DbFile:41 - Overriding database path with different value: C:\Users\Alireza\.stmcufinder\plugins\mcufinder/ => C:\Users\Alireza\.stmcufinder\plugins\mcufinder
2025-07-13 12:47:37,047 [INFO] ApiDb:250 - Set database path to: C:\Users\Alireza\.stmcufinder\plugins\mcufinder//mcu/
2025-07-13 12:47:37,048 [WARN] DbFile:41 - Overriding database path with different value: C:\Users\Alireza\.stmcufinder\plugins\mcufinder/ => C:\Users\Alireza\.stmcufinder\plugins\mcufinder
2025-07-13 12:47:37,048 [INFO] DbMcusAds:125 - Set database path to: C:\Users\Alireza\.stmcufinder\plugins\mcufinder//mcu/
2025-07-13 12:47:37,048 [WARN] DbFile:41 - Overriding database path with different value: C:\Users\Alireza\.stmcufinder\plugins\mcufinder/ => C:\Users\Alireza\.stmcufinder\plugins\mcufinder
2025-07-13 12:47:37,048 [WARN] DbFile:41 - Overriding database path with different value: C:\Users\Alireza\.stmcufinder\plugins\mcufinder/ => C:\Users\Alireza\.stmcufinder\plugins\mcufinder
2025-07-13 12:47:37,048 [INFO] CrossReferenceDbSqlite:203 - Set database path to: C:\Users\Alireza\.stmcufinder\plugins\mcufinder//mcu/cs/
2025-07-13 12:47:37,072 [INFO] ApplicationProperties:184 - Using Application install path: C:\ST\STM32CubeIDE_1.18.0\STM32CubeIDE\plugins\com.st.stm32cube.common.mx_6.14.0.202502271554
2025-07-13 12:47:37,073 [INFO] PluginManage:196 - Search for loadable plugins [exclusion list=, ]
2025-07-13 12:47:37,075 [INFO] PluginManage:310 - Check plugin analytics
2025-07-13 12:47:37,333 [INFO] AnalyticsPlugin:253 - Accepted Software Licenses: STM32CubeMX.6.13.0
2025-07-13 12:47:37,333 [INFO] AnalyticsPlugin:255 - Accepted CMSIS Pack Licenses: 
2025-07-13 12:47:37,333 [INFO] AnalyticsPlugin:257 - Accepted Firmware Licenses: FW.F4.1.28.0
2025-07-13 12:47:37,338 [INFO] PluginManage:359 - Loaded plugin analytics (category:tool,tabindex:-1)
2025-07-13 12:47:37,338 [INFO] PluginManage:310 - Check plugin cadmodel
2025-07-13 12:47:37,345 [INFO] CADModel:105 - Init CAD model plugin
2025-07-13 12:47:37,345 [INFO] PluginManage:359 - Loaded plugin cadmodel (category:power,tabindex:5)
2025-07-13 12:47:37,346 [INFO] PluginManage:310 - Check plugin clock
2025-07-13 12:47:37,360 [INFO] PluginManage:359 - Loaded plugin clock (category:base,tabindex:2)
2025-07-13 12:47:37,360 [INFO] PluginManage:310 - Check plugin ddr
2025-07-13 12:47:37,364 [INFO] PluginManage:359 - Loaded plugin ddr (category:tool,tabindex:6)
2025-07-13 12:47:37,365 [INFO] PluginManage:310 - Check plugin filemanager
2025-07-13 12:47:37,571 [INFO] PluginManage:359 - Loaded plugin filemanager (category:base,tabindex:10)
2025-07-13 12:47:37,571 [INFO] PluginManage:310 - Check plugin ipmanager
2025-07-13 12:47:37,584 [INFO] PluginManage:359 - Loaded plugin ipmanager (category:base,tabindex:5)
2025-07-13 12:47:37,584 [INFO] PluginManage:310 - Check plugin lpbam
2025-07-13 12:47:37,597 [INFO] PluginManage:359 - Loaded plugin lpbam (category:base,tabindex:0)
2025-07-13 12:47:37,597 [INFO] PluginManage:310 - Check plugin memorymap
2025-07-13 12:47:37,623 [INFO] PluginManage:359 - Loaded plugin memorymap (category:base,tabindex:4)
2025-07-13 12:47:37,636 [INFO] PluginManage:310 - Check plugin pinoutandconfiguration
2025-07-13 12:47:37,649 [INFO] PluginManage:359 - Loaded plugin pinoutandconfiguration (category:base,tabindex:1)
2025-07-13 12:47:37,650 [INFO] PluginManage:310 - Check plugin pinoutconfig
2025-07-13 12:47:37,792 [WARN] SupportedApi:132 - Cannot load RTOS API schema: s4s-elt-must-match.1: The content of 'definitions' must match (annotation?, (simpleType | complexType)?, (unique | key | keyref)*)). A problem was found starting at: attribute.
2025-07-13 12:47:37,999 [INFO] PluginManage:359 - Loaded plugin pinoutconfig (category:base,tabindex:0)
2025-07-13 12:47:37,999 [INFO] PluginManage:310 - Check plugin power
2025-07-13 12:47:38,012 [INFO] PluginManage:359 - Loaded plugin power (category:power,tabindex:4)
2025-07-13 12:47:38,013 [INFO] PluginManage:310 - Check plugin projectmanager
2025-07-13 12:47:38,033 [INFO] PluginManage:359 - Loaded plugin projectmanager (category:projectmanager,tabindex:4)
2025-07-13 12:47:38,034 [INFO] PluginManage:310 - Check plugin rif
2025-07-13 12:47:38,051 [INFO] PluginManage:359 - Loaded plugin rif (category:base,tabindex:3)
2025-07-13 12:47:38,052 [INFO] PluginManage:310 - Check plugin thirdparty
2025-07-13 12:47:38,054 [ERROR] ConfigurationRetriever:142 - IOException on connection: Connect timed out
2025-07-13 12:47:38,327 [INFO] PluginManage:359 - Loaded plugin thirdparty (category:base,tabindex:-1)
2025-07-13 12:47:38,328 [INFO] PluginManage:310 - Check plugin tools
2025-07-13 12:47:38,327 [WARN] IntegrityCheckThread:84 - waiting for thirdparty lock release [integrity check]
2025-07-13 12:47:38,328 [INFO] IntegrityCheckThread:86 - entering critical section [integrity check]
2025-07-13 12:47:38,328 [INFO] ThirdPartyUpdaterWithRetryManager:70 - Updater plugin not ready yet. [1/15]
2025-07-13 12:47:38,331 [INFO] PluginManage:359 - Loaded plugin tools (category:base,tabindex:7)
2025-07-13 12:47:38,331 [INFO] PluginManage:310 - Check plugin tutovideos
2025-07-13 12:47:38,621 [INFO] PluginManage:359 - Loaded plugin tutovideos (category:base,tabindex:-1)
2025-07-13 12:47:38,622 [INFO] PluginManage:310 - Check plugin updater
2025-07-13 12:47:38,648 [INFO] PluginManage:359 - Loaded plugin updater (category:base,tabindex:12)
2025-07-13 12:47:38,648 [INFO] PluginManage:310 - Check plugin userauth
2025-07-13 12:47:38,654 [INFO] UserAuth:118 - Init User Auth plugin
2025-07-13 12:47:38,655 [INFO] PluginManage:359 - Loaded plugin userauth (category:base,tabindex:14)
2025-07-13 12:47:38,656 [INFO] PluginManage:283 - PluginManage : Loaded plugins [18]
2025-07-13 12:47:38,942 [INFO] PinOutPanel:1589 - setPackage(No Configuration,No Configuration)
2025-07-13 12:47:39,052 [INFO] CADModel:165 - CPN selected for project level
2025-07-13 12:47:39,052 [INFO] CADModel:114 - Register for checkConnection events
2025-07-13 12:47:39,084 [INFO] IPUIPlugin:80 - create IPUIPlugin
2025-07-13 12:47:39,084 [INFO] PluginManager:220 - loadIPPluginJar : add adc
2025-07-13 12:47:39,088 [INFO] IPUIPlugin:80 - create IPUIPlugin
2025-07-13 12:47:39,088 [INFO] PluginManager:220 - loadIPPluginJar : add aes
2025-07-13 12:47:39,091 [INFO] IPUIPlugin:80 - create IPUIPlugin
2025-07-13 12:47:39,091 [INFO] PluginManager:220 - loadIPPluginJar : add can
2025-07-13 12:47:39,093 [INFO] IPUIPlugin:80 - create IPUIPlugin
2025-07-13 12:47:39,093 [INFO] PluginManager:220 - loadIPPluginJar : add comp
2025-07-13 12:47:39,096 [INFO] IPUIPlugin:80 - create IPUIPlugin
2025-07-13 12:47:39,097 [INFO] PluginManager:220 - loadIPPluginJar : add cryp
2025-07-13 12:47:39,101 [INFO] IPUIPlugin:80 - create IPUIPlugin
2025-07-13 12:47:39,102 [INFO] PluginManager:220 - loadIPPluginJar : add ddr_ctrl_phy
2025-07-13 12:47:39,105 [INFO] IPUIPlugin:80 - create IPUIPlugin
2025-07-13 12:47:39,105 [INFO] PluginManager:220 - loadIPPluginJar : add dfsdm
2025-07-13 12:47:39,113 [INFO] IPUIPlugin:80 - create IPUIPlugin
2025-07-13 12:47:39,114 [INFO] PluginManager:220 - loadIPPluginJar : add dma
2025-07-13 12:47:39,117 [INFO] IPUIPlugin:80 - create IPUIPlugin
2025-07-13 12:47:39,118 [INFO] PluginManager:220 - loadIPPluginJar : add dma3
2025-07-13 12:47:39,122 [INFO] IPUIPlugin:80 - create IPUIPlugin
2025-07-13 12:47:39,122 [INFO] PluginManager:220 - loadIPPluginJar : add extmemmanager
2025-07-13 12:47:39,124 [INFO] IPUIPlugin:80 - create IPUIPlugin
2025-07-13 12:47:39,125 [INFO] PluginManager:220 - loadIPPluginJar : add fatfs
2025-07-13 12:47:39,129 [INFO] IPUIPlugin:80 - create IPUIPlugin
2025-07-13 12:47:39,129 [INFO] PluginManager:220 - loadIPPluginJar : add fmc
2025-07-13 12:47:39,136 [INFO] IPUIPlugin:80 - create IPUIPlugin
2025-07-13 12:47:39,136 [INFO] PluginManager:220 - loadIPPluginJar : add freertos
2025-07-13 12:47:39,137 [INFO] IPUIPlugin:80 - create IPUIPlugin
2025-07-13 12:47:39,138 [INFO] PluginManager:220 - loadIPPluginJar : add genericplugin
2025-07-13 12:47:39,141 [INFO] IPUIPlugin:80 - create IPUIPlugin
2025-07-13 12:47:39,141 [INFO] PluginManager:220 - loadIPPluginJar : add gfxmmu
2025-07-13 12:47:39,147 [INFO] IPUIPlugin:80 - create IPUIPlugin
2025-07-13 12:47:39,148 [INFO] PluginManager:220 - loadIPPluginJar : add gic
2025-07-13 12:47:39,152 [INFO] IPUIPlugin:80 - create IPUIPlugin
2025-07-13 12:47:39,152 [INFO] PluginManager:220 - loadIPPluginJar : add gpio
2025-07-13 12:47:39,156 [INFO] IPUIPlugin:80 - create IPUIPlugin
2025-07-13 12:47:39,156 [INFO] PluginManager:220 - loadIPPluginJar : add gtzc
2025-07-13 12:47:39,159 [INFO] IPUIPlugin:80 - create IPUIPlugin
2025-07-13 12:47:39,159 [INFO] PluginManager:220 - loadIPPluginJar : add hash
2025-07-13 12:47:39,162 [INFO] IPUIPlugin:80 - create IPUIPlugin
2025-07-13 12:47:39,163 [INFO] PluginManager:220 - loadIPPluginJar : add i2c
2025-07-13 12:47:39,165 [INFO] IPUIPlugin:80 - create IPUIPlugin
2025-07-13 12:47:39,165 [INFO] PluginManager:220 - loadIPPluginJar : add i2s
2025-07-13 12:47:39,169 [INFO] IPUIPlugin:80 - create IPUIPlugin
2025-07-13 12:47:39,169 [INFO] PluginManager:220 - loadIPPluginJar : add i3c
2025-07-13 12:47:39,174 [INFO] IPUIPlugin:80 - create IPUIPlugin
2025-07-13 12:47:39,174 [INFO] PluginManager:220 - loadIPPluginJar : add ipddr
2025-07-13 12:47:39,183 [INFO] IPUIPlugin:80 - create IPUIPlugin
2025-07-13 12:47:39,184 [INFO] PluginManager:220 - loadIPPluginJar : add linkedlist
2025-07-13 12:47:39,188 [INFO] IPUIPlugin:80 - create IPUIPlugin
2025-07-13 12:47:39,188 [INFO] PluginManager:220 - loadIPPluginJar : add lorawan
2025-07-13 12:47:39,189 [INFO] IPUIPlugin:80 - create IPUIPlugin
2025-07-13 12:47:39,191 [INFO] PluginManager:220 - loadIPPluginJar : add ltdc
2025-07-13 12:47:39,197 [INFO] IPUIPlugin:80 - create IPUIPlugin
2025-07-13 12:47:39,197 [INFO] PluginManager:220 - loadIPPluginJar : add mdma
2025-07-13 12:47:39,203 [INFO] IPUIPlugin:80 - create IPUIPlugin
2025-07-13 12:47:39,203 [INFO] PluginManager:220 - loadIPPluginJar : add nvic
2025-07-13 12:47:39,206 [INFO] IPUIPlugin:80 - create IPUIPlugin
2025-07-13 12:47:39,206 [INFO] PluginManager:220 - loadIPPluginJar : add opamp
2025-07-13 12:47:39,211 [INFO] IPUIPlugin:80 - create IPUIPlugin
2025-07-13 12:47:39,211 [INFO] PluginManager:220 - loadIPPluginJar : add openamp
2025-07-13 12:47:39,215 [INFO] IPUIPlugin:80 - create IPUIPlugin
2025-07-13 12:47:39,217 [INFO] PluginManager:220 - loadIPPluginJar : add pdm2pcm
2025-07-13 12:47:39,225 [INFO] IPUIPlugin:80 - create IPUIPlugin
2025-07-13 12:47:39,227 [INFO] PluginManager:220 - loadIPPluginJar : add plateformsettings
2025-07-13 12:47:39,230 [INFO] IPUIPlugin:80 - create IPUIPlugin
2025-07-13 12:47:39,230 [INFO] PluginManager:220 - loadIPPluginJar : add quadspi
2025-07-13 12:47:39,233 [INFO] IPUIPlugin:80 - create IPUIPlugin
2025-07-13 12:47:39,233 [INFO] PluginManager:220 - loadIPPluginJar : add radio
2025-07-13 12:47:39,237 [INFO] IPUIPlugin:80 - create IPUIPlugin
2025-07-13 12:47:39,238 [INFO] PluginManager:220 - loadIPPluginJar : add resmgrutility
2025-07-13 12:47:39,241 [INFO] IPUIPlugin:80 - create IPUIPlugin
2025-07-13 12:47:39,241 [INFO] PluginManager:220 - loadIPPluginJar : add sai
2025-07-13 12:47:39,245 [INFO] IPUIPlugin:80 - create IPUIPlugin
2025-07-13 12:47:39,245 [INFO] PluginManager:220 - loadIPPluginJar : add spi
2025-07-13 12:47:39,252 [INFO] IPUIPlugin:80 - create IPUIPlugin
2025-07-13 12:47:39,252 [INFO] PluginManager:220 - loadIPPluginJar : add stm32_wpan
2025-07-13 12:47:39,254 [INFO] IPUIPlugin:80 - create IPUIPlugin
2025-07-13 12:47:39,255 [INFO] PluginManager:220 - loadIPPluginJar : add tim
2025-07-13 12:47:39,258 [INFO] IPUIPlugin:80 - create IPUIPlugin
2025-07-13 12:47:39,259 [INFO] PluginManager:220 - loadIPPluginJar : add touchsensing
2025-07-13 12:47:39,260 [INFO] IPUIPlugin:80 - create IPUIPlugin
2025-07-13 12:47:39,261 [INFO] PluginManager:220 - loadIPPluginJar : add tracer_emb
2025-07-13 12:47:39,263 [INFO] IPUIPlugin:80 - create IPUIPlugin
2025-07-13 12:47:39,263 [INFO] PluginManager:220 - loadIPPluginJar : add ts
2025-07-13 12:47:39,264 [INFO] IPUIPlugin:80 - create IPUIPlugin
2025-07-13 12:47:39,265 [INFO] PluginManager:220 - loadIPPluginJar : add tsc
2025-07-13 12:47:39,266 [INFO] IPUIPlugin:80 - create IPUIPlugin
2025-07-13 12:47:39,266 [INFO] PluginManager:220 - loadIPPluginJar : add ucpd
2025-07-13 12:47:39,270 [INFO] IPUIPlugin:80 - create IPUIPlugin
2025-07-13 12:47:39,270 [INFO] PluginManager:220 - loadIPPluginJar : add usart
2025-07-13 12:47:39,275 [INFO] IPUIPlugin:80 - create IPUIPlugin
2025-07-13 12:47:39,275 [INFO] PluginManager:220 - loadIPPluginJar : add usbx
2025-07-13 12:47:39,414 [FATAL] Updater:351 - Updater called before beeing initialized
2025-07-13 12:47:39,443 [INFO] RulesReader:64 - Compatibility file has been processed (301 Rules)
2025-07-13 12:47:39,460 [INFO] RulesReader:64 - Compatibility file has been processed (301 Rules)
2025-07-13 12:47:39,468 [INFO] CADModel:165 - CPN selected for project level
2025-07-13 12:47:39,468 [INFO] CADModel:114 - Register for checkConnection events
2025-07-13 12:47:39,468 [FATAL] Updater:351 - Updater called before beeing initialized
2025-07-13 12:47:39,468 [ERROR] CADModel:125 - Updater not yet initialized, retry later 
2025-07-13 12:47:39,624 [FATAL] Updater:351 - Updater called before beeing initialized
2025-07-13 12:47:39,627 [INFO] CADModel:165 - CPN selected for project level
2025-07-13 12:47:39,627 [INFO] CADModel:114 - Register for checkConnection events
2025-07-13 12:47:39,627 [FATAL] Updater:351 - Updater called before beeing initialized
2025-07-13 12:47:39,627 [ERROR] CADModel:125 - Updater not yet initialized, retry later 
2025-07-13 12:47:39,631 [FATAL] Updater:351 - Updater called before beeing initialized
2025-07-13 12:47:39,770 [FATAL] Updater:351 - Updater called before beeing initialized
2025-07-13 12:47:39,774 [INFO] DbMcusAds:53 - JSON generation date=Wed May 07 12:37:55 IRST 2025 (1746608875484)
2025-07-13 12:47:39,774 [FATAL] Updater:351 - Updater called before beeing initialized
2025-07-13 12:47:39,806 [WARN] DetailPanel:346 - Failed to get advertising image, set to default
2025-07-13 12:47:40,056 [ERROR] ConfigurationRetriever:142 - IOException on connection: Connect timed out
2025-07-13 12:47:40,090 [FATAL] Updater:351 - Updater called before beeing initialized
2025-07-13 12:47:40,092 [FATAL] Updater:351 - Updater called before beeing initialized
2025-07-13 12:47:40,092 [FATAL] Updater:351 - Updater called before beeing initialized
2025-07-13 12:47:40,093 [WARN] DetailPanel:346 - Failed to get advertising image, set to default
2025-07-13 12:47:40,094 [FATAL] Updater:351 - Updater called before beeing initialized
2025-07-13 12:47:40,144 [ERROR] Updater:1198 - MainUpdater not yet initialized. External WinMGr cannot be set.
2025-07-13 12:47:40,146 [INFO] Updater:1134 - Updater Version found : 6.14.0
2025-07-13 12:47:40,167 [INFO] ApplicationProperties:184 - Using Application install path: C:\ST\STM32CubeIDE_1.18.0\STM32CubeIDE\plugins\com.st.stm32cube.common.mx_6.14.0.202502271554
2025-07-13 12:47:40,224 [INFO] MainUpdater:525 - Copy updater definitions from MX database
2025-07-13 12:47:41,301 [INFO] McuFinderGlobals:63 - Set McuFinder mode to 2 (CubeIDE integrated)
2025-07-13 12:47:41,329 [INFO] ThirdPartyUpdaterWithRetryManager:70 - Updater plugin not ready yet. [2/15]
2025-07-13 12:47:42,058 [ERROR] ConfigurationRetriever:142 - IOException on connection: Connect timed out
2025-07-13 12:47:42,337 [ERROR] ConfigurationRetriever:142 - IOException on connection: Connect timed out
2025-07-13 12:47:42,819 [ERROR] CheckConnectionManager:249 - Problem, Http access forbiden
2025-07-13 12:47:42,825 [INFO] MainUpdater:2872 - connection check result : 22
2025-07-13 12:47:42,825 [INFO] MainUpdater:289 - Updater Check For Update Now.
2025-07-13 12:47:42,826 [INFO] MicroXplorer:498 - Change Database Version : DB.6.0.140
2025-07-13 12:47:42,837 [INFO] McuFinderGlobals:63 - Set McuFinder mode to 2 (CubeIDE integrated)
2025-07-13 12:47:42,838 [INFO] UserAuth:486 - Internet connection configuration mode: 2
2025-07-13 12:47:42,860 [INFO] UserAuth:486 - Internet connection configuration mode: 2
2025-07-13 12:47:43,054 [INFO] CheckServerUpdateThread:120 - End of CheckServer Thread
2025-07-13 12:47:44,332 [WARN] MainUpdater:1193 - Updater busy. Cannot search thirdparties
2025-07-13 12:47:44,332 [INFO] ThirdPartyUpdaterWithRetryManager:96 - Updater plugin is busy. [1/15]
2025-07-13 12:47:44,384 [ERROR] CheckConnectionManager:249 - Problem, Http access forbiden
2025-07-13 12:47:44,385 [INFO] MainUpdater:2872 - connection check result : 22
2025-07-13 12:47:45,685 [ERROR] CheckConnectionManager:249 - Problem, Http access forbiden
2025-07-13 12:47:45,688 [INFO] MainUpdater:2872 - connection check result : 22
2025-07-13 12:47:47,341 [ERROR] ConfigurationRetriever:142 - IOException on connection: Connect timed out
2025-07-13 12:47:47,533 [WARN] PackLoader:240 - Cannot read IP mode file for STMicroelectronics.FP-SNS-MOTENVWB1.1.4.0
2025-07-13 12:47:47,543 [WARN] PackLoader:240 - Cannot read IP mode file for STMicroelectronics.FP-ATR-ASTRA1.2.0.2
2025-07-13 12:47:47,554 [WARN] PackLoader:240 - Cannot read IP mode file for STMicroelectronics.X-CUBE-SMBUS.2.1.0
2025-07-13 12:47:47,560 [WARN] PackLoader:240 - Cannot read IP mode file for STMicroelectronics.X-CUBE-ST60.1.0.0
2025-07-13 12:47:47,592 [WARN] PackLoader:240 - Cannot read IP mode file for STMicroelectronics.X-CUBE-AZRTOS-F7.1.1.0
2025-07-13 12:47:47,621 [WARN] PackLoader:240 - Cannot read IP mode file for Infineon.AIROC-Wi-Fi-Bluetooth-STM32.1.7.0
2025-07-13 12:47:47,633 [WARN] PackLoader:240 - Cannot read IP mode file for STMicroelectronics.X-CUBE-DISPLAY.3.0.0
2025-07-13 12:47:47,644 [WARN] PackLoader:240 - Cannot read IP mode file for STMicroelectronics.X-CUBE-NFC10.1.0.0
2025-07-13 12:47:47,655 [WARN] PackLoader:240 - Cannot read IP mode file for STMicroelectronics.X-CUBE-BLEMGR.4.0.0
2025-07-13 12:47:47,662 [WARN] PackLoader:240 - Cannot read IP mode file for emotas.I-CUBE-CANOPEN.1.3.0
2025-07-13 12:47:47,666 [WARN] ConditionMgr:438 - getConditionDescription Invalid condition id : Cortex-A Device cause : null
2025-07-13 12:47:47,678 [WARN] ConditionMgr:1044 - genDependencies : Invalid condition id : Cortex-A Device cause : null
2025-07-13 12:47:47,678 [WARN] ConditionMgr:1044 - genDependencies : Invalid condition id : Cortex-A Device cause : null
2025-07-13 12:47:47,678 [WARN] ConditionMgr:1044 - genDependencies : Invalid condition id : Cortex-A Device cause : null
2025-07-13 12:47:47,682 [WARN] PackLoader:240 - Cannot read IP mode file for STMicroelectronics.X-CUBE-AI.10.0.0
2025-07-13 12:47:47,686 [WARN] PackLoader:240 - Cannot read IP mode file for STMicroelectronics.FP-SNS-SMARTAG2.1.2.0
2025-07-13 12:47:47,690 [WARN] PackLoader:240 - Cannot read IP mode file for STMicroelectronics.FP-SNS-FLIGHT1.5.1.0
2025-07-13 12:47:47,698 [INFO] LogOutputStream:77 - [STDOUT_REDIRECT] 1 : Invalid condition id : UX_CORESTACK_Condition cause : null
2025-07-13 12:47:47,699 [INFO] LogOutputStream:77 - [STDOUT_REDIRECT] 1 : Invalid condition id : UX_CORESTACK_Condition cause : null
2025-07-13 12:47:47,700 [INFO] LogOutputStream:77 - [STDOUT_REDIRECT] 1 : Invalid condition id : UX_CORESTACK_Condition cause : null
2025-07-13 12:47:47,700 [INFO] LogOutputStream:77 - [STDOUT_REDIRECT] 1 : Invalid condition id : UX_CORESTACK_Condition cause : null
2025-07-13 12:47:47,701 [INFO] LogOutputStream:77 - [STDOUT_REDIRECT] 1 : Invalid condition id : UX_CORESTACK_Condition cause : null
2025-07-13 12:47:47,717 [WARN] PackLoader:240 - Cannot read IP mode file for STMicroelectronics.X-CUBE-AZRTOS-WL.2.0.0
2025-07-13 12:47:47,723 [WARN] PackLoader:240 - Cannot read IP mode file for STMicroelectronics.FP-SNS-MOTENV1.5.0.0
2025-07-13 12:47:47,730 [WARN] PackLoader:240 - Cannot read IP mode file for WES.I-CUBE-Cesium.1.3.0
2025-07-13 12:47:47,734 [WARN] PackLoader:240 - Cannot read IP mode file for STMicroelectronics.X-CUBE-BLE2.3.3.0
2025-07-13 12:47:47,739 [WARN] PackLoader:240 - Cannot read IP mode file for STMicroelectronics.X-CUBE-NFC9.1.0.0
2025-07-13 12:47:47,743 [WARN] PackLoader:240 - Cannot read IP mode file for STMicroelectronics.X-CUBE-BLE1.7.1.0
2025-07-13 12:47:47,747 [WARN] PackLoader:240 - Cannot read IP mode file for wolfSSL.I-CUBE-wolfMQTT.1.19.2
2025-07-13 12:47:47,750 [WARN] PackLoader:240 - Cannot read IP mode file for STMicroelectronics.X-CUBE-AI.10.1.0
2025-07-13 12:47:47,785 [WARN] PackLoader:240 - Cannot read IP mode file for STMicroelectronics.X-CUBE-MEMS1.11.2.0
2025-07-13 12:47:47,927 [WARN] PackLoader:240 - Cannot read IP mode file for STMicroelectronics.X-CUBE-AZRTOS-G0.1.1.0
2025-07-13 12:47:47,938 [WARN] PackLoader:240 - Cannot read IP mode file for STMicroelectronics.X-CUBE-SAFEA1.1.2.2
2025-07-13 12:47:47,945 [WARN] PackLoader:240 - Cannot read IP mode file for STMicroelectronics.X-CUBE-NFC4.3.0.0
2025-07-13 12:47:47,956 [WARN] PackLoader:240 - Cannot read IP mode file for EmbeddedOffice.I-CUBE-FS-RTOS.1.0.1
2025-07-13 12:47:47,961 [WARN] PackLoader:240 - Cannot read IP mode file for STMicroelectronics.X-CUBE-WB05N.2.0.0
2025-07-13 12:47:47,966 [WARN] PackLoader:240 - Cannot read IP mode file for wolfSSL.I-CUBE-wolfTPM.3.8.0
2025-07-13 12:47:47,971 [WARN] PackLoader:240 - Cannot read IP mode file for STMicroelectronics.X-CUBE-TCPP.4.2.0
2025-07-13 12:47:47,976 [WARN] PackLoader:240 - Cannot read IP mode file for RealThread.X-CUBE-RT-Thread_Nano.4.1.1
2025-07-13 12:47:47,979 [WARN] PackLoader:240 - Cannot read IP mode file for STMicroelectronics.FP-ATR-SIGFOX1.3.2.0
2025-07-13 12:47:47,984 [WARN] PackLoader:240 - Cannot read IP mode file for STMicroelectronics.X-CUBE-EEPRMA1.5.1.0
2025-07-13 12:47:47,990 [WARN] PackLoader:240 - Cannot read IP mode file for wolfSSL.I-CUBE-wolfSSL.5.7.6
2025-07-13 12:47:48,020 [WARN] PackLoader:240 - Cannot read IP mode file for ITTIA_DB.I-CUBE-ITTIADB.8.9.0
2025-07-13 12:47:48,056 [WARN] PackLoader:240 - Cannot read IP mode file for SEGGER.I-CUBE-embOS.1.3.1
2025-07-13 12:47:48,104 [WARN] PackLoader:240 - Cannot read IP mode file for STMicroelectronics.X-CUBE-ALGOBUILD.1.4.0
2025-07-13 12:47:48,119 [WARN] PackLoader:240 - Cannot read IP mode file for STMicroelectronics.X-CUBE-AZRTOS-F4.1.1.0
2025-07-13 12:47:48,123 [WARN] PackLoader:240 - Cannot read IP mode file for Avnet-IotConnect.X-CUBE-IoTC-DA16k-PMOD.1.0.0
2025-07-13 12:47:48,126 [WARN] PackLoader:240 - Cannot read IP mode file for STMicroelectronics.X-CUBE-ISPU.2.1.0
2025-07-13 12:47:48,141 [WARN] PackLoader:240 - Cannot read IP mode file for STMicroelectronics.X-CUBE-AZRTOS-L5.2.0.0
2025-07-13 12:47:48,149 [WARN] PackLoader:240 - Cannot read IP mode file for STMicroelectronics.X-CUBE-NFC6.3.1.0
2025-07-13 12:47:48,157 [WARN] PackLoader:240 - Cannot read IP mode file for STMicroelectronics.X-CUBE-FREERTOS.1.3.1
2025-07-13 12:47:48,160 [WARN] PackLoader:240 - Cannot read IP mode file for STMicroelectronics.X-CUBE-FREERTOS.1.3.0
2025-07-13 12:47:48,166 [WARN] PackLoader:240 - Cannot read IP mode file for STMicroelectronics.X-CUBE-DPower.1.3.0
2025-07-13 12:47:48,178 [WARN] ConditionMgr:438 - getConditionDescription Invalid condition id : LAN8742 Phy interface Condition cause : null
2025-07-13 12:47:48,178 [WARN] PackLoader:240 - Cannot read IP mode file for STMicroelectronics.X-CUBE-AZRTOS-L4.2.0.0
2025-07-13 12:47:48,179 [WARN] ConditionMgr:1044 - genDependencies : Invalid condition id : LAN8742 Phy interface Condition cause : null
2025-07-13 12:47:48,179 [WARN] ConditionMgr:1044 - genDependencies : Invalid condition id : LAN8742 Phy interface Condition cause : null
2025-07-13 12:47:48,179 [WARN] ConditionMgr:1044 - genDependencies : Invalid condition id : LAN8742 Phy interface Condition cause : null
2025-07-13 12:47:48,185 [WARN] PackLoader:240 - Cannot read IP mode file for STMicroelectronics.X-CUBE-SFXS2LP1.4.0.0
2025-07-13 12:47:48,198 [WARN] PackLoader:240 - Cannot read IP mode file for STMicroelectronics.X-CUBE-AZRTOS-H7.3.3.0
2025-07-13 12:47:48,208 [WARN] ConditionMgr:438 - getConditionDescription Invalid condition id : UX DEVICE CLASS RTOS Condition cause : null
2025-07-13 12:47:48,208 [WARN] ConditionMgr:438 - getConditionDescription Invalid condition id : UX DEVICE CLASS RTOS Condition cause : null
2025-07-13 12:47:48,210 [WARN] PackLoader:240 - Cannot read IP mode file for STMicroelectronics.X-CUBE-AZRTOS-WB.2.0.0
2025-07-13 12:47:48,210 [WARN] ConditionMgr:1044 - genDependencies : Invalid condition id : UX DEVICE CLASS RTOS Condition cause : null
2025-07-13 12:47:48,210 [WARN] ConditionMgr:1044 - genDependencies : Invalid condition id : UX DEVICE CLASS RTOS Condition cause : null
2025-07-13 12:47:48,210 [WARN] ConditionMgr:1044 - genDependencies : Invalid condition id : UX DEVICE CLASS RTOS Condition cause : null
2025-07-13 12:47:48,211 [WARN] ConditionMgr:1044 - genDependencies : Invalid condition id : UX DEVICE CLASS RTOS Condition cause : null
2025-07-13 12:47:48,211 [WARN] ConditionMgr:1044 - genDependencies : Invalid condition id : UX DEVICE CLASS RTOS Condition cause : null
2025-07-13 12:47:48,217 [WARN] PackLoader:240 - Cannot read IP mode file for STMicroelectronics.X-CUBE-GNSS1.7.0.1
2025-07-13 12:47:48,222 [WARN] PackLoader:240 - Cannot read IP mode file for STMicroelectronics.X-CUBE-TOUCHGFX.4.25.0
2025-07-13 12:47:48,227 [WARN] PackLoader:240 - Cannot read IP mode file for STMicroelectronics.FP-SNS-STBOX1.2.0.0
2025-07-13 12:47:48,236 [WARN] PackLoader:240 - Cannot read IP mode file for STMicroelectronics.X-CUBE-SUBG2.5.0.0
2025-07-13 12:47:48,251 [WARN] PackLoader:240 - Cannot read IP mode file for STMicroelectronics.X-CUBE-AZRTOS-H7RS.1.1.0
2025-07-13 12:47:48,256 [WARN] PackLoader:240 - Cannot read IP mode file for Cesanta.I-CUBE-Mongoose.7.13.0
2025-07-13 12:47:48,265 [WARN] PackLoader:240 - Cannot read IP mode file for STMicroelectronics.X-CUBE-AZRTOS-G4.2.0.0
2025-07-13 12:47:48,270 [WARN] PackLoader:240 - Cannot read IP mode file for wolfSSL.I-CUBE-wolfSSH.1.4.20
2025-07-13 12:47:48,273 [WARN] PackLoader:240 - Cannot read IP mode file for STMicroelectronics.X-CUBE-NFC7.2.0.0
2025-07-13 12:47:48,282 [WARN] PackLoader:240 - Cannot read IP mode file for STMicroelectronics.X-CUBE-IPS.3.1.0
2025-07-13 12:47:48,289 [WARN] PackLoader:240 - Cannot read IP mode file for STMicroelectronics.X-CUBE-ALS.1.0.2
2025-07-13 12:47:48,294 [WARN] PackLoader:240 - Cannot read IP mode file for portGmbH.I-Cube-SoM-uGOAL.1.1.0
2025-07-13 12:47:48,302 [WARN] PackLoader:240 - Cannot read IP mode file for STMicroelectronics.X-CUBE-TOF1.3.4.3
2025-07-13 12:47:48,309 [INFO] ThirdParty:978 - Integrity check success = true
2025-07-13 12:47:48,309 [INFO] IntegrityCheckThread:100 - exiting critical section [integrity check]
2025-07-13 12:47:48,309 [INFO] IntegrityCheckThread:103 - End integrity checks thread
2025-07-13 12:47:51,349 [INFO] MicroXplorer:468 - Change Database Path : 
2025-07-13 12:47:51,349 [INFO] MicroXplorer:498 - Change Database Version : DB.6.0.140
2025-07-13 12:47:51,361 [WARN] ThirdParty:871 - waiting for thirdparty lock release [close project]
2025-07-13 12:47:51,362 [INFO] ThirdParty:873 - entering critical section [close project]
2025-07-13 12:47:51,362 [INFO] ThirdParty:883 - exiting critical section [close project]
2025-07-13 12:47:51,364 [INFO] PinOutPanel:1589 - setPackage(No Configuration,No Configuration)
2025-07-13 12:47:51,369 [INFO] UtilMem:75 - Begin LoadConfig() Used Memory: 273868656 Bytes (324009984)
2025-07-13 12:47:51,370 [INFO] MicroXplorer:468 - Change Database Path : 
2025-07-13 12:47:51,370 [INFO] MicroXplorer:498 - Change Database Version : DB.6.0.140
2025-07-13 12:47:51,370 [INFO] OpenFileManager:354 - Change cursor
2025-07-13 12:47:51,399 [INFO] Mcu:2011 - Initializing MCU STM32F401C(B-C)Ux STM32F401CCUx STM32F401CCU6
2025-07-13 12:47:52,341 [ERROR] ConfigurationRetriever:142 - IOException on connection: Connect timed out
2025-07-13 12:47:52,439 [INFO] Context:756 - Trying to add GPIOservice into a context  which must be forbidden
2025-07-13 12:47:52,773 [INFO] ImportTextPane:218 - (OptionalMessage_ERROR) Pin7 (VP_RIF_VS_RIF1) cannot be retrieved for this MCU
2025-07-13 12:47:52,989 [INFO] RtosManager:558 - Registered RTOS mode: class=CMSIS, group=RTOS, mode=CMSIS_V1, owner=FREERTOS
2025-07-13 12:47:52,989 [INFO] RtosManager:558 - Registered RTOS mode: class=CMSIS, group=RTOS2, mode=CMSIS_V2, owner=FREERTOS
2025-07-13 12:47:52,989 [INFO] RtosManager:558 - Registered RTOS mode: class=RTOS, group=Core, mode=CMSIS_V1, owner=FREERTOS
2025-07-13 12:47:52,989 [INFO] RtosManager:558 - Registered RTOS mode: class=RTOS, group=Core, mode=CMSIS_V2, owner=FREERTOS
2025-07-13 12:47:52,989 [WARN] ModelIntegratedComponent:184 - Missing modes for component STMicroelectronics:FreeRTOS:0.0.1:STMicroelectronics:RTOS:FreeRTOS:Core:::10.2.0:
2025-07-13 12:47:53,003 [WARN] ModelIntegratedComponent:182 - Modes not found for component STMicroelectronics:USB_HOST:1.0.0:STMicroelectronics:USB::USB Host:Audio HS::1.0:USB_HOST_1_0_RESTRICTED_HS
2025-07-13 12:47:53,003 [WARN] ModelIntegratedComponent:188 - Modes not found for component STMicroelectronics:USB_HOST:1.0.0:STMicroelectronics:USB::USB Host:Audio HS::1.0:USB_HOST_1_0_RESTRICTED_HS
2025-07-13 12:47:53,003 [WARN] ModelIntegratedComponent:182 - Modes not found for component STMicroelectronics:USB_HOST:1.0.0:STMicroelectronics:USB::USB Host:CDC HS::1.0:USB_HOST_1_0_RESTRICTED_HS
2025-07-13 12:47:53,003 [WARN] ModelIntegratedComponent:188 - Modes not found for component STMicroelectronics:USB_HOST:1.0.0:STMicroelectronics:USB::USB Host:CDC HS::1.0:USB_HOST_1_0_RESTRICTED_HS
2025-07-13 12:47:53,003 [WARN] ModelIntegratedComponent:182 - Modes not found for component STMicroelectronics:USB_HOST:1.0.0:STMicroelectronics:USB::USB Host:MSC HS::1.0:USB_HOST_1_0_RESTRICTED_HS
2025-07-13 12:47:53,003 [WARN] ModelIntegratedComponent:188 - Modes not found for component STMicroelectronics:USB_HOST:1.0.0:STMicroelectronics:USB::USB Host:MSC HS::1.0:USB_HOST_1_0_RESTRICTED_HS
2025-07-13 12:47:53,003 [WARN] ModelIntegratedComponent:182 - Modes not found for component STMicroelectronics:USB_HOST:1.0.0:STMicroelectronics:USB::USB Host:HID HS::1.0:USB_HOST_1_0_RESTRICTED_HS
2025-07-13 12:47:53,003 [WARN] ModelIntegratedComponent:188 - Modes not found for component STMicroelectronics:USB_HOST:1.0.0:STMicroelectronics:USB::USB Host:HID HS::1.0:USB_HOST_1_0_RESTRICTED_HS
2025-07-13 12:47:53,003 [WARN] ModelIntegratedComponent:182 - Modes not found for component STMicroelectronics:USB_HOST:1.0.0:STMicroelectronics:USB::USB Host:MTP HS::1.0:USB_HOST_1_0_RESTRICTED_HS
2025-07-13 12:47:53,003 [WARN] ModelIntegratedComponent:188 - Modes not found for component STMicroelectronics:USB_HOST:1.0.0:STMicroelectronics:USB::USB Host:MTP HS::1.0:USB_HOST_1_0_RESTRICTED_HS
2025-07-13 12:47:53,011 [WARN] ModelIntegratedComponent:63 - No mode defined for component null
2025-07-13 12:47:53,012 [WARN] ModelIntegratedComponent:63 - No mode defined for component null
2025-07-13 12:47:53,012 [WARN] ModelIntegratedComponent:63 - No mode defined for component null
2025-07-13 12:47:53,012 [WARN] ModelIntegratedComponent:63 - No mode defined for component null
2025-07-13 12:47:53,012 [WARN] ModelIntegratedComponent:63 - No mode defined for component null
2025-07-13 12:47:53,012 [WARN] ModelIntegratedComponent:63 - No mode defined for component null
2025-07-13 12:47:53,012 [WARN] ModelIntegratedComponent:63 - No mode defined for component null
2025-07-13 12:47:53,012 [WARN] ModelIntegratedComponent:63 - No mode defined for component null
2025-07-13 12:47:53,012 [WARN] ModelIntegratedComponent:63 - No mode defined for component null
2025-07-13 12:47:53,012 [WARN] ModelIntegratedComponent:63 - No mode defined for component null
2025-07-13 12:47:53,012 [WARN] ModelIntegratedComponent:63 - No mode defined for component null
2025-07-13 12:47:53,012 [WARN] ModelIntegratedComponent:63 - No mode defined for component null
2025-07-13 12:47:53,012 [WARN] ModelIntegratedComponent:63 - No mode defined for component null
2025-07-13 12:47:53,012 [WARN] ModelIntegratedComponent:63 - No mode defined for component null
2025-07-13 12:47:53,012 [WARN] ModelIntegratedComponent:63 - No mode defined for component null
2025-07-13 12:47:53,012 [WARN] ModelIntegratedComponent:63 - No mode defined for component null
2025-07-13 12:47:53,012 [WARN] ModelIntegratedComponent:63 - No mode defined for component null
2025-07-13 12:47:53,012 [WARN] ModelIntegratedComponent:63 - No mode defined for component null
2025-07-13 12:47:53,012 [WARN] ModelIntegratedComponent:63 - No mode defined for component null
2025-07-13 12:47:53,012 [WARN] ModelIntegratedComponent:63 - No mode defined for component null
2025-07-13 12:47:53,012 [WARN] ModelIntegratedComponent:63 - No mode defined for component null
2025-07-13 12:47:53,013 [WARN] ModelIntegratedComponent:63 - No mode defined for component null
2025-07-13 12:47:53,013 [WARN] ModelIntegratedComponent:63 - No mode defined for component null
2025-07-13 12:47:53,013 [WARN] ModelIntegratedComponent:63 - No mode defined for component null
2025-07-13 12:47:53,013 [WARN] ModelIntegratedComponent:63 - No mode defined for component null
2025-07-13 12:47:53,013 [WARN] ModelIntegratedComponent:63 - No mode defined for component null
2025-07-13 12:47:53,013 [WARN] ModelIntegratedComponent:63 - No mode defined for component null
2025-07-13 12:47:53,013 [WARN] ModelIntegratedComponent:63 - No mode defined for component null
2025-07-13 12:47:53,013 [WARN] ModelIntegratedComponent:63 - No mode defined for component null
2025-07-13 12:47:53,013 [WARN] ModelIntegratedComponent:63 - No mode defined for component null
2025-07-13 12:47:53,013 [WARN] ModelIntegratedComponent:63 - No mode defined for component null
2025-07-13 12:47:53,013 [WARN] ModelIntegratedComponent:63 - No mode defined for component null
2025-07-13 12:47:53,013 [WARN] ModelIntegratedComponent:63 - No mode defined for component null
2025-07-13 12:47:53,013 [WARN] ModelIntegratedComponent:63 - No mode defined for component null
2025-07-13 12:47:53,013 [WARN] ModelIntegratedComponent:63 - No mode defined for component null
2025-07-13 12:47:53,013 [WARN] ModelPack:524 - Component already loaded: STMicroelectronics:HAL Drivers:0.0.0:STMicroelectronics:Device:STMicro_Driver:XSPI:HAL::0.0.1:HAL_XSPI
2025-07-13 12:47:53,024 [WARN] ModelIntegratedComponent:182 - Modes not found for component STMicroelectronics:USB_DEVICE:1.0.0:STMicroelectronics:USB::USB Device:Audio HS::1.0:USB_DEVICE_1_0_RESTRICTED_HS
2025-07-13 12:47:53,024 [WARN] ModelIntegratedComponent:188 - Modes not found for component STMicroelectronics:USB_DEVICE:1.0.0:STMicroelectronics:USB::USB Device:Audio HS::1.0:USB_DEVICE_1_0_RESTRICTED_HS
2025-07-13 12:47:53,024 [WARN] ModelIntegratedComponent:182 - Modes not found for component STMicroelectronics:USB_DEVICE:1.0.0:STMicroelectronics:USB::USB Device:CDC HS::1.0:USB_DEVICE_1_0_RESTRICTED_HS
2025-07-13 12:47:53,024 [WARN] ModelIntegratedComponent:188 - Modes not found for component STMicroelectronics:USB_DEVICE:1.0.0:STMicroelectronics:USB::USB Device:CDC HS::1.0:USB_DEVICE_1_0_RESTRICTED_HS
2025-07-13 12:47:53,024 [WARN] ModelIntegratedComponent:182 - Modes not found for component STMicroelectronics:USB_DEVICE:1.0.0:STMicroelectronics:USB::USB Device:DFU HS::1.0:USB_DEVICE_1_0_RESTRICTED_HS
2025-07-13 12:47:53,024 [WARN] ModelIntegratedComponent:188 - Modes not found for component STMicroelectronics:USB_DEVICE:1.0.0:STMicroelectronics:USB::USB Device:DFU HS::1.0:USB_DEVICE_1_0_RESTRICTED_HS
2025-07-13 12:47:53,024 [WARN] ModelIntegratedComponent:182 - Modes not found for component STMicroelectronics:USB_DEVICE:1.0.0:STMicroelectronics:USB::USB Device:HID HS::1.0:USB_DEVICE_1_0_RESTRICTED_HS
2025-07-13 12:47:53,024 [WARN] ModelIntegratedComponent:188 - Modes not found for component STMicroelectronics:USB_DEVICE:1.0.0:STMicroelectronics:USB::USB Device:HID HS::1.0:USB_DEVICE_1_0_RESTRICTED_HS
2025-07-13 12:47:53,024 [WARN] ModelIntegratedComponent:182 - Modes not found for component STMicroelectronics:USB_DEVICE:1.0.0:STMicroelectronics:USB::USB Device:Custom HID HS::1.0:USB_DEVICE_1_0_RESTRICTED_HS
2025-07-13 12:47:53,025 [WARN] ModelIntegratedComponent:188 - Modes not found for component STMicroelectronics:USB_DEVICE:1.0.0:STMicroelectronics:USB::USB Device:Custom HID HS::1.0:USB_DEVICE_1_0_RESTRICTED_HS
2025-07-13 12:47:53,025 [WARN] ModelIntegratedComponent:182 - Modes not found for component STMicroelectronics:USB_DEVICE:1.0.0:STMicroelectronics:USB::USB Device:MSC HS::1.0:USB_DEVICE_1_0_RESTRICTED_HS
2025-07-13 12:47:53,025 [WARN] ModelIntegratedComponent:188 - Modes not found for component STMicroelectronics:USB_DEVICE:1.0.0:STMicroelectronics:USB::USB Device:MSC HS::1.0:USB_DEVICE_1_0_RESTRICTED_HS
2025-07-13 12:47:53,042 [INFO] ThirdPartyModel:298 - Start build external matchings
2025-07-13 12:47:53,248 [INFO] ThirdPartyModel:316 - End build external matchings
2025-07-13 12:47:53,263 [INFO] ImportTextPane:218 - (OptionalMessage_ERROR) IP (RCC) : Parameter (RTCHSEDivFreq_Value) has invalid value (12500000)
2025-07-13 12:47:53,560 [INFO] ApiDb:581 - Connected to CubeFinder SQLite database (C:\Users\Alireza\.stmcufinder\plugins\mcufinder\mcu\cube-finder-db.db)
2025-07-13 12:47:53,609 [INFO] ApiDb:668 - CubeFinder database Data Model version=2.1
2025-07-13 12:47:53,609 [INFO] ApiDb:669 - CubeFinder database Configuration version=3.0.39
2025-07-13 12:47:53,609 [INFO] ApiDb:670 - CubeFinder database generation date=2025-04-23 (1745419778)
2025-07-13 12:47:53,609 [INFO] ApiDb:671 - CubeFinder database FW Pack versions=[FP-ATR-ASTRA1_V2.0.0, FP-SNS-FLIGHT1_V5.1.0, FP-SNS-MOTENV1_V5.0.0, FP-SNS-MOTENVWB1_V1.4.0, FP-SNS-SMARTAG2_V1.2.0, FP-SNS-STBOX1_V2.0.0, STM32Cube_FW_C0_V1.4.0, STM32Cube_FW_F4_V1.28.1, STM32Cube_FW_F7_V1.17.2, STM32Cube_FW_G0_V1.6.2, STM32Cube_FW_G4_V1.6.1, STM32Cube_FW_H5_V1.5.0, STM32Cube_FW_H7RS_V1.2.0, STM32Cube_FW_H7_V1.12.1, STM32Cube_FW_L0_V1.12.2, STM32Cube_FW_L4_V1.18.1, STM32Cube_FW_L5_V1.5.1, STM32Cube_FW_N6_V1.1.1, STM32Cube_FW_U0_V1.2.0, STM32Cube_FW_U3_V1.1.0, STM32Cube_FW_U5_V1.7.0, STM32Cube_FW_WB0_V1.2.0, STM32Cube_FW_WBA_V1.6.0, STM32Cube_FW_WB_V1.22.0, STM32Cube_FW_WL3_V1.1.0, STM32Cube_FW_WL_V1.3.1, X-CUBE-ALGOBUILD_V1.4.0, X-CUBE-ALS_V1.0.2, X-CUBE-AZRTOS-F4_V1.1.0, X-CUBE-AZRTOS-F7_V1.1.0, X-CUBE-AZRTOS-G0_V1.1.0, X-CUBE-AZRTOS-G4_V2.0.0, X-CUBE-AZRTOS-H7RS_V1.1.0, X-CUBE-AZRTOS-H7_V3.3.0, X-CUBE-AZRTOS-L4_V2.0.0, X-CUBE-AZRTOS-L5_V2.0.0, X-CUBE-AZRTOS-WB_V2.0.0, X-CUBE-AZRTOS-WL_V2.0.0, X-CUBE-BLE1_V7.1.0, X-CUBE-BLE2_V3.3.0, X-CUBE-BLEMGR_V4.0.0, X-CUBE-EEPRMA1_V5.1.0, X-CUBE-FREERTOS_V1.3.0, X-CUBE-GNSS1_V6.0.0, X-CUBE-MEMS1_V11.2.0, X-CUBE-NFC4_V3.0.0, X-CUBE-NFC7_V1.0.1, X-CUBE-SFXS2LP1_V4.0.0, X-CUBE-SUBG2_V5.0.0, X-CUBE-TOF1_V3.4.3]
2025-07-13 12:47:53,670 [INFO] DbBoardsSqlite:226 - include board P-NUCLEO-WB55-NUCLEO as a kit item of type 'Nucleo-64'
2025-07-13 12:47:53,671 [INFO] DbBoardsSqlite:226 - include board P-NUCLEO-WB55-USBDONGLE as a kit item of type 'Nucleo USB Dongle'
2025-07-13 12:47:53,671 [INFO] DbBoardsSqlite:226 - include board STEVAL-IDP005V1 as a kit item of type 'Evaluation Board'
2025-07-13 12:47:53,671 [INFO] DbBoardsSqlite:226 - include board STEVAL-IDP005V2 as a kit item of type 'Evaluation Board'
2025-07-13 12:47:53,724 [INFO] ApiDb:240 - Found 895 in-development CPN: [B-G473E-ZEST1S, B-WB1M-WPAN1, B-WBA5M-WPAN, B-WL5M-SUBG1, NUCLEO-C031C6, NUCLEO-C051C8, NUCLEO-C071RB, NUCLEO-C092RC, NUCLEO-H503RB, NUCLEO-H533RE, NUCLEO-H563ZI, NUCLEO-H7S3L8, NUCLEO-N657X0-Q, NUCLEO-U031R8, NUCLEO-U083RC, NUCLEO-U385RG-Q, NUCLEO-U545RE-Q, NUCLEO-U5A5ZJ-Q, NUCLEO-WB05KZ, NUCLEO-WB07CC, NUCLEO-WB09KE, NUCLEO-WBA52CG, NUCLEO-WBA55CG, NUCLEO-WBA65RI, NUCLEO-WL33CC1, NUCLEO-WL33CC2, STEVAL-PROTEUS1, STEVAL-SMARTAG2, STEVAL-STWINBX1, STM320518-EVAL, STM32C0116-DK, STM32C011D6Y3TR, STM32C011D6Y6TR, STM32C011F4P3, STM32C011F4P6, STM32C011F4U3, STM32C011F4U6TR, STM32C011F6P3, STM32C011F6P6, STM32C011F6U3, STM32C011F6U6TR, STM32C011J4M3, STM32C011J4M6, STM32C011J6M3, STM32C011J6M6, STM32C0316-DK, STM32C031C4T3, STM32C031C4T6, STM32C031C4U3, STM32C031C4U6, STM32C031C6T3, STM32C031C6T6, STM32C031C6U3, STM32C031C6U6, STM32C031F4P3, STM32C031F4P6, STM32C031F6P3, STM32C031F6P6, STM32C031G4U3, STM32C031G4U6, STM32C031G6U3, STM32C031G6U6, STM32C031K4T3, STM32C031K4T6, STM32C031K4U3, STM32C031K4U6, STM32C031K6T3, STM32C031K6T6, STM32C031K6U3, STM32C031K6U6, STM32C051C6T6, STM32C051C6U6, STM32C051C8T6, STM32C051C8U6, STM32C051D8Y6TR, STM32C051F6P6, STM32C051F8P6, STM32C051G6U6, STM32C051G8U6, STM32C051K6T6, STM32C051K6U6, STM32C051K8T6, STM32C071C8T6, STM32C071C8T6N, STM32C071C8U6, STM32C071C8U6N, STM32C071CBT6, STM32C071CBT6N, STM32C071CBU6, STM32C071CBU6N, STM32C071F8P6, STM32C071F8P6N, STM32C071FBP6, STM32C071FBP6N, STM32C071FBY6TR, STM32C071G8U6, STM32C071G8U6N, STM32C071GBU6, STM32C071GBU6N, STM32C071K8T6, STM32C071K8T6N, STM32C071K8U6, STM32C071K8U6N, STM32C071KBT6, STM32C071KBT6N, STM32C071KBU6, STM32C071KBU6N, STM32C071R8T6, STM32C071R8T6N, STM32C071RBI6N, STM32C071RBT6, STM32C071RBT6N, STM32C091CBT6, STM32C091CBU6, STM32C091CCT6, STM32C091CCU6, STM32C091ECY6TR, STM32C091FBP6, STM32C091FCP6, STM32C091GBU6, STM32C091GCU6, STM32C091KBT6, STM32C091KBU6, STM32C091KCT6, STM32C091KCU6, STM32C091RBT6, STM32C091RCI6, STM32C091RCT6, STM32C092CBT6, STM32C092CBU6, STM32C092CCT6, STM32C092CCU6, STM32C092ECY6TR, STM32C092FBP6, STM32C092FCP6, STM32C092GBU6, STM32C092GCU6, STM32C092KBT6, STM32C092KBU6, STM32C092KCT6, STM32C092KCU6, STM32C092RBT6, STM32C092RCI6, STM32C092RCT6, STM32G071K8TXN, STM32G071K8UXN, STM32G081GBU6N, STM32G081KBT6N, STM32G081KBUXN, STM32G0B1CCT6N, STM32G0B1KCT6, STM32G0B1NEY6TR, STM32G0B1RCT6N, STM32G0C1CCT6, STM32G0C1CCT6N, STM32G0C1CCU6N, STM32G0C1CET6N, STM32G0C1CEU6N, STM32G0C1KCT6, STM32G0C1NEY6TR, STM32G0C1RCI6N, STM32G0C1RCT6N, STM32G0C1REI6N, STM32G0C1RET6N, STM32G0C1VCI6, STM32G0C1VEI6, STM32G411C6T3, STM32G411C6T6, STM32G411C6U3, STM32G411C6U6, STM32G411C8T3, STM32G411C8T6, STM32G411C8U3, STM32G411C8U6, STM32G411CBT3, STM32G411CBT6, STM32G411CBU3, STM32G411CBU6, STM32G411CCT3, STM32G411CCT6, STM32G411CCU3, STM32G411CCU6, STM32G411K6T3, STM32G411K6T6, STM32G411K6U3, STM32G411K6U6, STM32G411K8T3, STM32G411K8T6, STM32G411K8U3, STM32G411K8U6, STM32G411KBT3, STM32G411KBT6, STM32G411KBU3, STM32G411KBU6, STM32G411M6T3, STM32G411M6T6, STM32G411M8T3, STM32G411M8T6, STM32G411MBT3, STM32G411MBT6, STM32G411MCT3, STM32G411MCT6, STM32G411R6T3, STM32G411R6T6, STM32G411R8T3, STM32G411R8T6, STM32G411RBT3, STM32G411RBT6, STM32G411RCT3, STM32G411RCT6, STM32G414CBT3, STM32G414CBT6, STM32G414CBU3, STM32G414CBU6, STM32G414CCT3, STM32G414CCT6, STM32G414CCU3, STM32G414CCU6, STM32G414MBT3, STM32G414MBT6, STM32G414MCT3, STM32G414MCT6, STM32G414RBT3, STM32G414RBT6, STM32G414RCT3, STM32G414RCT6, STM32G414VBT3, STM32G414VBT6, STM32G414VCT3, STM32G414VCT6, STM32G431CBT3Z, STM32G431RBT3Z, STM32G471CCT6, STM32G471CCU6, STM32G471CET3, STM32G471CET6, STM32G471CEU3, STM32G471CEU6, STM32G471MCT6, STM32G471MET3, STM32G471MET6, STM32G471MEY6TR, STM32G471QCT6, STM32G471QET3, STM32G471RCT6, STM32G471RET3, STM32G471RET6, STM32G471VCH6, STM32G471VCI6, STM32G471VCT6, STM32G471VEH3, STM32G471VEH6, STM32G471VEI3, STM32G471VEI6, STM32G471VET3, STM32G471VET6, STM32G473QET3Z, STM32G473RET3Z, STM32G474CCT6, STM32G491RET3Z, STM32H503CBT6, STM32H503CBU6, STM32H503EBY6TR, STM32H503KBU6, STM32H503RBT6, STM32H523CCT6, STM32H523CCU6, STM32H523CET6, STM32H523CEU6, STM32H523HEY6TR, STM32H523RCT6, STM32H523RET6, STM32H523VCI6, STM32H523VCT6, STM32H523VEI6, STM32H523VET6, STM32H523ZCJ6, STM32H523ZCT6, STM32H523ZEJ6, STM32H523ZET6, STM32H533CET6, STM32H533CEU6, STM32H533HEY6TR, STM32H533RET6, STM32H533VEI6, STM32H533VET6, STM32H533ZEJ6, STM32H533ZET6, STM32H562AGI6, STM32H562AII6, STM32H562IGK6, STM32H562IGT6, STM32H562IIK6, STM32H562IIT6, STM32H562RGT6, STM32H562RGV6, STM32H562RIT6, STM32H562RIV6, STM32H562VGT6, STM32H562VIT6, STM32H562ZGT6, STM32H562ZIT6, STM32H563AGI6, STM32H563AII3Q, STM32H563AII6, STM32H563IGK6, STM32H563IGT6, STM32H563IIK3Q, STM32H563IIK6, STM32H563IIT3Q, STM32H563IIT6, STM32H563MIY3QTR, STM32H563RGT6, STM32H563RGV6, STM32H563RIT6, STM32H563RIV6, STM32H563VGT6, STM32H563VIT3Q, STM32H563VIT6, STM32H563ZGT6, STM32H563ZIT3Q, STM32H563ZIT6, STM32H573AII3Q, STM32H573AII6, STM32H573I-DK, STM32H573IIK3Q, STM32H573IIK6, STM32H573IIT3Q, STM32H573IIT6, STM32H573MIY3QTR, STM32H573RIT6, STM32H573RIV6, STM32H573VIT3Q, STM32H573VIT6, STM32H573ZIT3Q, STM32H573ZIT6, STM32H7R3A8I6, STM32H7R3I8K6, STM32H7R3I8T6, STM32H7R3L8H6, STM32H7R3L8H6H, STM32H7R3R8V6, STM32H7R3V8H6, STM32H7R3V8T6, STM32H7R3V8Y6TR, STM32H7R3Z8J6, STM32H7R3Z8T6, STM32H7R7A8I6, STM32H7R7I8K6, STM32H7R7I8T6, STM32H7R7L8H6, STM32H7R7L8H6H, STM32H7R7Z8J6, STM32H7S3A8I6, STM32H7S3I8K6, STM32H7S3I8T6, STM32H7S3L8H6, STM32H7S3L8H6H, STM32H7S3R8V6, STM32H7S3V8H6, STM32H7S3V8T6, STM32H7S3V8Y6TR, STM32H7S3Z8J6, STM32H7S3Z8T6, STM32H7S78-DK, STM32H7S7A8I6, STM32H7S7I8K6, STM32H7S7I8T6, STM32H7S7L8H6, STM32H7S7L8H6H, STM32H7S7Z8J6, STM32L4R5QGI6STR, STM32MP131AAE3, STM32MP131AAF3, STM32MP131AAG3, STM32MP131CAE3, STM32MP131CAF3, STM32MP131CAG3, STM32MP131DAE7, STM32MP131DAF7, STM32MP131DAG7, STM32MP131FAE7, STM32MP131FAF7, STM32MP131FAG7, STM32MP133AAE3, STM32MP133AAF3, STM32MP133AAG3, STM32MP133CAE3, STM32MP133CAF3, STM32MP133CAG3, STM32MP133DAE7, STM32MP133DAF7, STM32MP133DAG7, STM32MP133FAE7, STM32MP133FAF7, STM32MP133FAG7, STM32MP135AAE3, STM32MP135AAF3, STM32MP135AAG3, STM32MP135CAE3, STM32MP135CAF3, STM32MP135CAG3, STM32MP135DAE7, STM32MP135DAF7, STM32MP135DAG7, STM32MP135F-DK, STM32MP135FAE7, STM32MP135FAF7, STM32MP135FAF7T, STM32MP135FAF7U, STM32MP135FAG7, STM32MP231AAJ3, STM32MP231AAK3, STM32MP231AAL3, STM32MP231CAJ3, STM32MP231CAK3, STM32MP231CAL3, STM32MP231DAJ3, STM32MP231DAK3, STM32MP231DAL3, STM32MP231FAJ3, STM32MP231FAK3, STM32MP231FAL3, STM32MP233AAJ3, STM32MP233AAK3, STM32MP233AAL3, STM32MP233CAJ3, STM32MP233CAK3, STM32MP233CAL3, STM32MP233DAJ3, STM32MP233DAK3, STM32MP233DAL3, STM32MP233FAJ3, STM32MP233FAK3, STM32MP233FAL3, STM32MP235AAJ3, STM32MP235AAK3, STM32MP235AAL3, STM32MP235CAJ3, STM32MP235CAK3, STM32MP235CAL3, STM32MP235DAJ3, STM32MP235DAK3, STM32MP235DAL3, STM32MP235FAJ3, STM32MP235FAK3, STM32MP235FAL3, STM32MP251AAI3, STM32MP251AAJ3, STM32MP251AAK3, STM32MP251AAL3, STM32MP251CAI3, STM32MP251CAJ3, STM32MP251CAK3, STM32MP251CAL3, STM32MP251DAI3, STM32MP251DAJ3, STM32MP251DAK3, STM32MP251DAL3, STM32MP251FAI3, STM32MP251FAJ3, STM32MP251FAK3, STM32MP251FAL3, STM32MP253AAI3, STM32MP253AAJ3, STM32MP253AAK3, STM32MP253AAL3, STM32MP253CAI3, STM32MP253CAJ3, STM32MP253CAK3, STM32MP253CAL3, STM32MP253DAI3, STM32MP253DAJ3, STM32MP253DAK3, STM32MP253DAL3, STM32MP253FAI3, STM32MP253FAJ3, STM32MP253FAK3, STM32MP253FAL3, STM32MP255AAI3, STM32MP255AAJ3, STM32MP255AAK3, STM32MP255AAL3, STM32MP255CAI3, STM32MP255CAJ3, STM32MP255CAK3, STM32MP255CAL3, STM32MP255DAI3, STM32MP255DAJ3, STM32MP255DAK3, STM32MP255DAL3, STM32MP255FAI3, STM32MP255FAJ3, STM32MP255FAK3, STM32MP255FAL3, STM32MP257AAI3, STM32MP257AAJ3, STM32MP257AAK3, STM32MP257AAL3, STM32MP257CAI3, STM32MP257CAJ3, STM32MP257CAK3, STM32MP257CAL3, STM32MP257DAI3, STM32MP257DAJ3, STM32MP257DAK3, STM32MP257DAL3, STM32MP257F-DK, STM32MP257F-EV1, STM32MP257FAI3, STM32MP257FAJ3, STM32MP257FAK3, STM32MP257FAL3, STM32N645A0H3Q, STM32N645B0H3Q, STM32N645I0H3Q, STM32N645L0H3Q, STM32N645X0H3Q, STM32N645Z0H3Q, STM32N647A0H3Q, STM32N647B0H3Q, STM32N647I0H3Q, STM32N647L0H3Q, STM32N647X0H3Q, STM32N647Z0H3Q, STM32N655A0H3Q, STM32N655B0H3Q, STM32N655I0H3Q, STM32N655L0H3Q, STM32N655X0H3Q, STM32N655Z0H3Q, STM32N6570-DK, STM32N657A0H3Q, STM32N657B0H3Q, STM32N657I0H3Q, STM32N657L0H3Q, STM32N657X0H3Q, STM32N657Z0H3Q, STM32U031C6T6, STM32U031C6U6, STM32U031C8T6, STM32U031C8U6, STM32U031F4P6, STM32U031F6P6, STM32U031F8P6, STM32U031G6Y6TR, STM32U031G8Y6TR, STM32U031K4U6, STM32U031K6U6, STM32U031K8U6, STM32U031R6I6, STM32U031R6T6, STM32U031R8I6, STM32U031R8T6, STM32U073C8T6, STM32U073C8U6, STM32U073CBT6, STM32U073CBU6, STM32U073CCT6, STM32U073CCU6, STM32U073H8Y6TR, STM32U073HBY6TR, STM32U073HCY6TR, STM32U073K8U6, STM32U073KBU6, STM32U073KCU6, STM32U073M8I6, STM32U073M8T6, STM32U073MBI6, STM32U073MBT6, STM32U073MCI6, STM32U073MCT6, STM32U073R8I6, STM32U073R8T6, STM32U073RBI6, STM32U073RBT6, STM32U073RCI6, STM32U073RCT6, STM32U083C-DK, STM32U083CCT6, STM32U083CCU6, STM32U083HCY6TR, STM32U083KCU6, STM32U083MCI6, STM32U083MCT6, STM32U083RCI6, STM32U083RCT6, STM32U375CET6, STM32U375CET6Q, STM32U375CEU6, STM32U375CEU6Q, STM32U375CEY6QTR, STM32U375CGT6, STM32U375CGT6Q, STM32U375CGU6, STM32U375CGU6Q, STM32U375CGY6QTR, STM32U375KEU6, STM32U375KGU6, STM32U375REI6, STM32U375REI6Q, STM32U375RET6, STM32U375RET6Q, STM32U375REY6GTR, STM32U375REY6QTR, STM32U375RGI6, STM32U375RGI6Q, STM32U375RGT6, STM32U375RGT6Q, STM32U375RGY6GTR, STM32U375RGY6QTR, STM32U375VEI6, STM32U375VEI6Q, STM32U375VET6, STM32U375VET6Q, STM32U375VGI6, STM32U375VGI6Q, STM32U375VGT6, STM32U375VGT6Q, STM32U385CGT6, STM32U385CGT6Q, STM32U385CGU6, STM32U385CGU6Q, STM32U385CGY6QTR, STM32U385KGU6, STM32U385RGI6, STM32U385RGI6Q, STM32U385RGT6, STM32U385RGT6Q, STM32U385RGY6GTR, STM32U385RGY6QTR, STM32U385VGI6, STM32U385VGI6Q, STM32U385VGT6, STM32U385VGT6Q, STM32U535CBT6, STM32U535CBT6Q, STM32U535CBU6, STM32U535CBU6Q, STM32U535CCT6, STM32U535CCT6Q, STM32U535CCU6, STM32U535CCU6Q, STM32U535CET6, STM32U535CET6Q, STM32U535CEU6, STM32U535CEU6Q, STM32U535JEY6QTR, STM32U535NCY6QTR, STM32U535NEY6QTR, STM32U535RBI6, STM32U535RBI6Q, STM32U535RBT6, STM32U535RBT6Q, STM32U535RCI6, STM32U535RCI6Q, STM32U535RCT6, STM32U535RCT6Q, STM32U535REI6, STM32U535REI6Q, STM32U535RET6, STM32U535RET6Q, STM32U535VCI6, STM32U535VCI6Q, STM32U535VCT6, STM32U535VCT6Q, STM32U535VEI6, STM32U535VEI6Q, STM32U535VET6, STM32U535VET6Q, STM32U545CET6, STM32U545CET6Q, STM32U545CEU6, STM32U545CEU6Q, STM32U545JEY6QTR, STM32U545NEY6QTR, STM32U545REI6, STM32U545REI6Q, STM32U545RET6, STM32U545RET6Q, STM32U545VEI6, STM32U545VEI6Q, STM32U545VET6, STM32U545VET6Q, STM32U595AIH6, STM32U595AIH6Q, STM32U595AJH6, STM32U595AJH6Q, STM32U595QII6, STM32U595QII6Q, STM32U595QJI6, STM32U595QJI6Q, STM32U595RIT6, STM32U595RIT6Q, STM32U595RJT6, STM32U595RJT6Q, STM32U595VIT6, STM32U595VIT6Q, STM32U595VJT6, STM32U595VJT6Q, STM32U595ZIT6, STM32U595ZIT6Q, STM32U595ZIY6QTR, STM32U595ZJT6, STM32U595ZJT6Q, STM32U595ZJY6QTR, STM32U599BJY6QTR, STM32U599NIH6Q, STM32U599NJH6Q, STM32U599VIT6Q, STM32U599VJT6, STM32U599VJT6Q, STM32U599ZIT6Q, STM32U599ZIY6QTR, STM32U599ZJT6Q, STM32U599ZJY6QTR, STM32U5A5AJH6, STM32U5A5AJH6Q, STM32U5A5QII3Q , STM32U5A5QJI6, STM32U5A5QJI6Q, STM32U5A5RJT6, STM32U5A5RJT6Q, STM32U5A5VJT6, STM32U5A5VJT6Q, STM32U5A5ZJT6, STM32U5A5ZJT6Q, STM32U5A5ZJY6QTR, STM32U5A9BJY6QTR, STM32U5A9J-DK, STM32U5A9NJH6Q, STM32U5A9VJT6Q, STM32U5A9ZJT6Q, STM32U5A9ZJY6QTR, STM32U5F7VIT6, STM32U5F7VIT6Q, STM32U5F7VJT6, STM32U5F7VJT6Q, STM32U5F9BJY6QTR, STM32U5F9NJH6Q, STM32U5F9VIT6Q, STM32U5F9VJT6Q, STM32U5F9ZIJ6QTR, STM32U5F9ZIT6Q, STM32U5F9ZJJ6QTR, STM32U5F9ZJT6Q, STM32U5G7VJT6, STM32U5G7VJT6Q, STM32U5G9BJY6QTR, STM32U5G9J-DK1, STM32U5G9J-DK2, STM32U5G9NJH6Q, STM32U5G9VJT6Q, STM32U5G9ZJJ6QTR, STM32U5G9ZJT6Q, STM32WB05KZV6TR, STM32WB05KZV7TR, STM32WB05TZF6TR, STM32WB05TZF7TR, STM32WB06CCF6TR, STM32WB06CCF7TR, STM32WB06CCV6TR, STM32WB06CCV7TR, STM32WB06KCV6TR, STM32WB06KCV7TR, STM32WB07CCF6TR, STM32WB07CCF7TR, STM32WB07CCV6TR, STM32WB07CCV7TR, STM32WB07KCV6TR, STM32WB07KCV7TR, STM32WB09KEV6TR, STM32WB09KEV7TR, STM32WB09TEF6TR, STM32WB09TEF7TR, STM32WB1MMCH6, STM32WBA50KGU6, STM32WBA50KGU6TR, STM32WBA52CEU6, STM32WBA52CEU6TR, STM32WBA52CEU7, STM32WBA52CEU7TR, STM32WBA52CGU6, STM32WBA52CGU6TR, STM32WBA52CGU6U, STM32WBA52CGU7, STM32WBA52CGU7TR, STM32WBA52KEU6, STM32WBA52KEU6TR, STM32WBA52KGU6, STM32WBA52KGU6TR, STM32WBA54CEU6, STM32WBA54CEU6TR, STM32WBA54CEU7, STM32WBA54CEU7TR, STM32WBA54CGU6, STM32WBA54CGU6TR, STM32WBA54CGU7, STM32WBA54CGU7TR, STM32WBA54KEU6, STM32WBA54KEU6TR, STM32WBA54KEU7, STM32WBA54KEU7TR, STM32WBA54KGU6, STM32WBA54KGU6TR, STM32WBA54KGU7, STM32WBA54KGU7TR, STM32WBA55CEU6, STM32WBA55CEU6TR, STM32WBA55CEU7, STM32WBA55CEU7TR, STM32WBA55CGU6, STM32WBA55CGU6TR, STM32WBA55CGU6U, STM32WBA55CGU7, STM32WBA55CGU7TR, STM32WBA55G-DK1, STM32WBA55HEF6, STM32WBA55HEF7, STM32WBA55HGF6, STM32WBA55HGF7, STM32WBA55UEI6, STM32WBA55UEI6TR, STM32WBA55UEI7, STM32WBA55UEI7TR, STM32WBA55UGI6, STM32WBA55UGI6TR, STM32WBA55UGI7, STM32WBA55UGI7TR, STM32WBA5MJGH6TR, STM32WBA62CGU6, STM32WBA62CIU6, STM32WBA62MGF6, STM32WBA62MIF6, STM32WBA62PGI6, STM32WBA62PII6, STM32WBA63CGU6, STM32WBA63CGU7, STM32WBA63CIU6, STM32WBA63CIU7, STM32WBA64CGU6, STM32WBA64CGU7, STM32WBA64CIU6, STM32WBA64CIU7, STM32WBA65CGU6, STM32WBA65CGU7, STM32WBA65CIU6, STM32WBA65CIU7, STM32WBA65I-DK1, STM32WBA65MGF6, STM32WBA65MGF7, STM32WBA65MIF6, STM32WBA65MIF7, STM32WBA65PGI6, STM32WBA65PGI7, STM32WBA65PII6, STM32WBA65PII7, STM32WBA65RGV6, STM32WBA65RGV7, STM32WBA65RIV6, STM32WBA65RIV7, STM32WL30K8V6, STM32WL30KBV6, STM32WL31C8V6, STM32WL31CBV6, STM32WL31K8V6, STM32WL31KBV6, STM32WL33C8V6, STM32WL33C8V6TR, STM32WL33C8V7, STM32WL33C8V7TR, STM32WL33CBV6, STM32WL33CBV6TR, STM32WL33CBV7, STM32WL33CBV7TR, STM32WL33CCV6, STM32WL33CCV6TR, STM32WL33CCV7, STM32WL33CCV7A, STM32WL33CCV7ATR, STM32WL33CCV7TR, STM32WL33K8V6, STM32WL33K8V6TR, STM32WL33K8V7, STM32WL33K8V7TR, STM32WL33KBV6, STM32WL33KBV6TR, STM32WL33KBV7, STM32WL33KBV7TR, STM32WL33KCV6, STM32WL33KCV6TR, STM32WL33KCV7, STM32WL33KCV7TR, STM32WL5MOCH6, STM32WL5MOCH6TR]
2025-07-13 12:47:53,942 [INFO] BoardInfo:889 - No configuration file found for board P-NUCLEO-WB55
2025-07-13 12:47:53,943 [INFO] DbBoards:161 - Kit is not supported: P-NUCLEO-WB55
2025-07-13 12:47:53,949 [INFO] BoardInfo:889 - No configuration file found for board STEVAL-BFA001V1B
2025-07-13 12:47:53,950 [INFO] DbBoards:161 - Kit is not supported: STEVAL-BFA001V1B
2025-07-13 12:47:53,951 [INFO] BoardInfo:889 - No configuration file found for board STEVAL-BFA001V2B
2025-07-13 12:47:53,952 [INFO] DbBoards:161 - Kit is not supported: STEVAL-BFA001V2B
2025-07-13 12:47:54,135 [INFO] DbBoards:168 - Found 211 boards, 208 are supported
2025-07-13 12:47:54,135 [INFO] DbBoards:169 - Found 211 boards, 43 of them is supported for  Bsp
2025-07-13 12:47:54,138 [INFO] ApiDb:668 - CubeFinder database Data Model version=2.1
2025-07-13 12:47:54,138 [INFO] ApiDb:669 - CubeFinder database Configuration version=3.0.39
2025-07-13 12:47:54,138 [INFO] ApiDb:670 - CubeFinder database generation date=2025-04-23 (1745419778)
2025-07-13 12:47:54,138 [INFO] ApiDb:671 - CubeFinder database FW Pack versions=[FP-ATR-ASTRA1_V2.0.0, FP-SNS-FLIGHT1_V5.1.0, FP-SNS-MOTENV1_V5.0.0, FP-SNS-MOTENVWB1_V1.4.0, FP-SNS-SMARTAG2_V1.2.0, FP-SNS-STBOX1_V2.0.0, STM32Cube_FW_C0_V1.4.0, STM32Cube_FW_F4_V1.28.1, STM32Cube_FW_F7_V1.17.2, STM32Cube_FW_G0_V1.6.2, STM32Cube_FW_G4_V1.6.1, STM32Cube_FW_H5_V1.5.0, STM32Cube_FW_H7RS_V1.2.0, STM32Cube_FW_H7_V1.12.1, STM32Cube_FW_L0_V1.12.2, STM32Cube_FW_L4_V1.18.1, STM32Cube_FW_L5_V1.5.1, STM32Cube_FW_N6_V1.1.1, STM32Cube_FW_U0_V1.2.0, STM32Cube_FW_U3_V1.1.0, STM32Cube_FW_U5_V1.7.0, STM32Cube_FW_WB0_V1.2.0, STM32Cube_FW_WBA_V1.6.0, STM32Cube_FW_WB_V1.22.0, STM32Cube_FW_WL3_V1.1.0, STM32Cube_FW_WL_V1.3.1, X-CUBE-ALGOBUILD_V1.4.0, X-CUBE-ALS_V1.0.2, X-CUBE-AZRTOS-F4_V1.1.0, X-CUBE-AZRTOS-F7_V1.1.0, X-CUBE-AZRTOS-G0_V1.1.0, X-CUBE-AZRTOS-G4_V2.0.0, X-CUBE-AZRTOS-H7RS_V1.1.0, X-CUBE-AZRTOS-H7_V3.3.0, X-CUBE-AZRTOS-L4_V2.0.0, X-CUBE-AZRTOS-L5_V2.0.0, X-CUBE-AZRTOS-WB_V2.0.0, X-CUBE-AZRTOS-WL_V2.0.0, X-CUBE-BLE1_V7.1.0, X-CUBE-BLE2_V3.3.0, X-CUBE-BLEMGR_V4.0.0, X-CUBE-EEPRMA1_V5.1.0, X-CUBE-FREERTOS_V1.3.0, X-CUBE-GNSS1_V6.0.0, X-CUBE-MEMS1_V11.2.0, X-CUBE-NFC4_V3.0.0, X-CUBE-NFC7_V1.0.1, X-CUBE-SFXS2LP1_V4.0.0, X-CUBE-SUBG2_V5.0.0, X-CUBE-TOF1_V3.4.3]
2025-07-13 12:47:55,708 [INFO] ApiDb:240 - Found 895 in-development CPN: [B-G473E-ZEST1S, B-WB1M-WPAN1, B-WBA5M-WPAN, B-WL5M-SUBG1, NUCLEO-C031C6, NUCLEO-C051C8, NUCLEO-C071RB, NUCLEO-C092RC, NUCLEO-H503RB, NUCLEO-H533RE, NUCLEO-H563ZI, NUCLEO-H7S3L8, NUCLEO-N657X0-Q, NUCLEO-U031R8, NUCLEO-U083RC, NUCLEO-U385RG-Q, NUCLEO-U545RE-Q, NUCLEO-U5A5ZJ-Q, NUCLEO-WB05KZ, NUCLEO-WB07CC, NUCLEO-WB09KE, NUCLEO-WBA52CG, NUCLEO-WBA55CG, NUCLEO-WBA65RI, NUCLEO-WL33CC1, NUCLEO-WL33CC2, STEVAL-PROTEUS1, STEVAL-SMARTAG2, STEVAL-STWINBX1, STM320518-EVAL, STM32C0116-DK, STM32C011D6Y3TR, STM32C011D6Y6TR, STM32C011F4P3, STM32C011F4P6, STM32C011F4U3, STM32C011F4U6TR, STM32C011F6P3, STM32C011F6P6, STM32C011F6U3, STM32C011F6U6TR, STM32C011J4M3, STM32C011J4M6, STM32C011J6M3, STM32C011J6M6, STM32C0316-DK, STM32C031C4T3, STM32C031C4T6, STM32C031C4U3, STM32C031C4U6, STM32C031C6T3, STM32C031C6T6, STM32C031C6U3, STM32C031C6U6, STM32C031F4P3, STM32C031F4P6, STM32C031F6P3, STM32C031F6P6, STM32C031G4U3, STM32C031G4U6, STM32C031G6U3, STM32C031G6U6, STM32C031K4T3, STM32C031K4T6, STM32C031K4U3, STM32C031K4U6, STM32C031K6T3, STM32C031K6T6, STM32C031K6U3, STM32C031K6U6, STM32C051C6T6, STM32C051C6U6, STM32C051C8T6, STM32C051C8U6, STM32C051D8Y6TR, STM32C051F6P6, STM32C051F8P6, STM32C051G6U6, STM32C051G8U6, STM32C051K6T6, STM32C051K6U6, STM32C051K8T6, STM32C071C8T6, STM32C071C8T6N, STM32C071C8U6, STM32C071C8U6N, STM32C071CBT6, STM32C071CBT6N, STM32C071CBU6, STM32C071CBU6N, STM32C071F8P6, STM32C071F8P6N, STM32C071FBP6, STM32C071FBP6N, STM32C071FBY6TR, STM32C071G8U6, STM32C071G8U6N, STM32C071GBU6, STM32C071GBU6N, STM32C071K8T6, STM32C071K8T6N, STM32C071K8U6, STM32C071K8U6N, STM32C071KBT6, STM32C071KBT6N, STM32C071KBU6, STM32C071KBU6N, STM32C071R8T6, STM32C071R8T6N, STM32C071RBI6N, STM32C071RBT6, STM32C071RBT6N, STM32C091CBT6, STM32C091CBU6, STM32C091CCT6, STM32C091CCU6, STM32C091ECY6TR, STM32C091FBP6, STM32C091FCP6, STM32C091GBU6, STM32C091GCU6, STM32C091KBT6, STM32C091KBU6, STM32C091KCT6, STM32C091KCU6, STM32C091RBT6, STM32C091RCI6, STM32C091RCT6, STM32C092CBT6, STM32C092CBU6, STM32C092CCT6, STM32C092CCU6, STM32C092ECY6TR, STM32C092FBP6, STM32C092FCP6, STM32C092GBU6, STM32C092GCU6, STM32C092KBT6, STM32C092KBU6, STM32C092KCT6, STM32C092KCU6, STM32C092RBT6, STM32C092RCI6, STM32C092RCT6, STM32G071K8TXN, STM32G071K8UXN, STM32G081GBU6N, STM32G081KBT6N, STM32G081KBUXN, STM32G0B1CCT6N, STM32G0B1KCT6, STM32G0B1NEY6TR, STM32G0B1RCT6N, STM32G0C1CCT6, STM32G0C1CCT6N, STM32G0C1CCU6N, STM32G0C1CET6N, STM32G0C1CEU6N, STM32G0C1KCT6, STM32G0C1NEY6TR, STM32G0C1RCI6N, STM32G0C1RCT6N, STM32G0C1REI6N, STM32G0C1RET6N, STM32G0C1VCI6, STM32G0C1VEI6, STM32G411C6T3, STM32G411C6T6, STM32G411C6U3, STM32G411C6U6, STM32G411C8T3, STM32G411C8T6, STM32G411C8U3, STM32G411C8U6, STM32G411CBT3, STM32G411CBT6, STM32G411CBU3, STM32G411CBU6, STM32G411CCT3, STM32G411CCT6, STM32G411CCU3, STM32G411CCU6, STM32G411K6T3, STM32G411K6T6, STM32G411K6U3, STM32G411K6U6, STM32G411K8T3, STM32G411K8T6, STM32G411K8U3, STM32G411K8U6, STM32G411KBT3, STM32G411KBT6, STM32G411KBU3, STM32G411KBU6, STM32G411M6T3, STM32G411M6T6, STM32G411M8T3, STM32G411M8T6, STM32G411MBT3, STM32G411MBT6, STM32G411MCT3, STM32G411MCT6, STM32G411R6T3, STM32G411R6T6, STM32G411R8T3, STM32G411R8T6, STM32G411RBT3, STM32G411RBT6, STM32G411RCT3, STM32G411RCT6, STM32G414CBT3, STM32G414CBT6, STM32G414CBU3, STM32G414CBU6, STM32G414CCT3, STM32G414CCT6, STM32G414CCU3, STM32G414CCU6, STM32G414MBT3, STM32G414MBT6, STM32G414MCT3, STM32G414MCT6, STM32G414RBT3, STM32G414RBT6, STM32G414RCT3, STM32G414RCT6, STM32G414VBT3, STM32G414VBT6, STM32G414VCT3, STM32G414VCT6, STM32G431CBT3Z, STM32G431RBT3Z, STM32G471CCT6, STM32G471CCU6, STM32G471CET3, STM32G471CET6, STM32G471CEU3, STM32G471CEU6, STM32G471MCT6, STM32G471MET3, STM32G471MET6, STM32G471MEY6TR, STM32G471QCT6, STM32G471QET3, STM32G471RCT6, STM32G471RET3, STM32G471RET6, STM32G471VCH6, STM32G471VCI6, STM32G471VCT6, STM32G471VEH3, STM32G471VEH6, STM32G471VEI3, STM32G471VEI6, STM32G471VET3, STM32G471VET6, STM32G473QET3Z, STM32G473RET3Z, STM32G474CCT6, STM32G491RET3Z, STM32H503CBT6, STM32H503CBU6, STM32H503EBY6TR, STM32H503KBU6, STM32H503RBT6, STM32H523CCT6, STM32H523CCU6, STM32H523CET6, STM32H523CEU6, STM32H523HEY6TR, STM32H523RCT6, STM32H523RET6, STM32H523VCI6, STM32H523VCT6, STM32H523VEI6, STM32H523VET6, STM32H523ZCJ6, STM32H523ZCT6, STM32H523ZEJ6, STM32H523ZET6, STM32H533CET6, STM32H533CEU6, STM32H533HEY6TR, STM32H533RET6, STM32H533VEI6, STM32H533VET6, STM32H533ZEJ6, STM32H533ZET6, STM32H562AGI6, STM32H562AII6, STM32H562IGK6, STM32H562IGT6, STM32H562IIK6, STM32H562IIT6, STM32H562RGT6, STM32H562RGV6, STM32H562RIT6, STM32H562RIV6, STM32H562VGT6, STM32H562VIT6, STM32H562ZGT6, STM32H562ZIT6, STM32H563AGI6, STM32H563AII3Q, STM32H563AII6, STM32H563IGK6, STM32H563IGT6, STM32H563IIK3Q, STM32H563IIK6, STM32H563IIT3Q, STM32H563IIT6, STM32H563MIY3QTR, STM32H563RGT6, STM32H563RGV6, STM32H563RIT6, STM32H563RIV6, STM32H563VGT6, STM32H563VIT3Q, STM32H563VIT6, STM32H563ZGT6, STM32H563ZIT3Q, STM32H563ZIT6, STM32H573AII3Q, STM32H573AII6, STM32H573I-DK, STM32H573IIK3Q, STM32H573IIK6, STM32H573IIT3Q, STM32H573IIT6, STM32H573MIY3QTR, STM32H573RIT6, STM32H573RIV6, STM32H573VIT3Q, STM32H573VIT6, STM32H573ZIT3Q, STM32H573ZIT6, STM32H7R3A8I6, STM32H7R3I8K6, STM32H7R3I8T6, STM32H7R3L8H6, STM32H7R3L8H6H, STM32H7R3R8V6, STM32H7R3V8H6, STM32H7R3V8T6, STM32H7R3V8Y6TR, STM32H7R3Z8J6, STM32H7R3Z8T6, STM32H7R7A8I6, STM32H7R7I8K6, STM32H7R7I8T6, STM32H7R7L8H6, STM32H7R7L8H6H, STM32H7R7Z8J6, STM32H7S3A8I6, STM32H7S3I8K6, STM32H7S3I8T6, STM32H7S3L8H6, STM32H7S3L8H6H, STM32H7S3R8V6, STM32H7S3V8H6, STM32H7S3V8T6, STM32H7S3V8Y6TR, STM32H7S3Z8J6, STM32H7S3Z8T6, STM32H7S78-DK, STM32H7S7A8I6, STM32H7S7I8K6, STM32H7S7I8T6, STM32H7S7L8H6, STM32H7S7L8H6H, STM32H7S7Z8J6, STM32L4R5QGI6STR, STM32MP131AAE3, STM32MP131AAF3, STM32MP131AAG3, STM32MP131CAE3, STM32MP131CAF3, STM32MP131CAG3, STM32MP131DAE7, STM32MP131DAF7, STM32MP131DAG7, STM32MP131FAE7, STM32MP131FAF7, STM32MP131FAG7, STM32MP133AAE3, STM32MP133AAF3, STM32MP133AAG3, STM32MP133CAE3, STM32MP133CAF3, STM32MP133CAG3, STM32MP133DAE7, STM32MP133DAF7, STM32MP133DAG7, STM32MP133FAE7, STM32MP133FAF7, STM32MP133FAG7, STM32MP135AAE3, STM32MP135AAF3, STM32MP135AAG3, STM32MP135CAE3, STM32MP135CAF3, STM32MP135CAG3, STM32MP135DAE7, STM32MP135DAF7, STM32MP135DAG7, STM32MP135F-DK, STM32MP135FAE7, STM32MP135FAF7, STM32MP135FAF7T, STM32MP135FAF7U, STM32MP135FAG7, STM32MP231AAJ3, STM32MP231AAK3, STM32MP231AAL3, STM32MP231CAJ3, STM32MP231CAK3, STM32MP231CAL3, STM32MP231DAJ3, STM32MP231DAK3, STM32MP231DAL3, STM32MP231FAJ3, STM32MP231FAK3, STM32MP231FAL3, STM32MP233AAJ3, STM32MP233AAK3, STM32MP233AAL3, STM32MP233CAJ3, STM32MP233CAK3, STM32MP233CAL3, STM32MP233DAJ3, STM32MP233DAK3, STM32MP233DAL3, STM32MP233FAJ3, STM32MP233FAK3, STM32MP233FAL3, STM32MP235AAJ3, STM32MP235AAK3, STM32MP235AAL3, STM32MP235CAJ3, STM32MP235CAK3, STM32MP235CAL3, STM32MP235DAJ3, STM32MP235DAK3, STM32MP235DAL3, STM32MP235FAJ3, STM32MP235FAK3, STM32MP235FAL3, STM32MP251AAI3, STM32MP251AAJ3, STM32MP251AAK3, STM32MP251AAL3, STM32MP251CAI3, STM32MP251CAJ3, STM32MP251CAK3, STM32MP251CAL3, STM32MP251DAI3, STM32MP251DAJ3, STM32MP251DAK3, STM32MP251DAL3, STM32MP251FAI3, STM32MP251FAJ3, STM32MP251FAK3, STM32MP251FAL3, STM32MP253AAI3, STM32MP253AAJ3, STM32MP253AAK3, STM32MP253AAL3, STM32MP253CAI3, STM32MP253CAJ3, STM32MP253CAK3, STM32MP253CAL3, STM32MP253DAI3, STM32MP253DAJ3, STM32MP253DAK3, STM32MP253DAL3, STM32MP253FAI3, STM32MP253FAJ3, STM32MP253FAK3, STM32MP253FAL3, STM32MP255AAI3, STM32MP255AAJ3, STM32MP255AAK3, STM32MP255AAL3, STM32MP255CAI3, STM32MP255CAJ3, STM32MP255CAK3, STM32MP255CAL3, STM32MP255DAI3, STM32MP255DAJ3, STM32MP255DAK3, STM32MP255DAL3, STM32MP255FAI3, STM32MP255FAJ3, STM32MP255FAK3, STM32MP255FAL3, STM32MP257AAI3, STM32MP257AAJ3, STM32MP257AAK3, STM32MP257AAL3, STM32MP257CAI3, STM32MP257CAJ3, STM32MP257CAK3, STM32MP257CAL3, STM32MP257DAI3, STM32MP257DAJ3, STM32MP257DAK3, STM32MP257DAL3, STM32MP257F-DK, STM32MP257F-EV1, STM32MP257FAI3, STM32MP257FAJ3, STM32MP257FAK3, STM32MP257FAL3, STM32N645A0H3Q, STM32N645B0H3Q, STM32N645I0H3Q, STM32N645L0H3Q, STM32N645X0H3Q, STM32N645Z0H3Q, STM32N647A0H3Q, STM32N647B0H3Q, STM32N647I0H3Q, STM32N647L0H3Q, STM32N647X0H3Q, STM32N647Z0H3Q, STM32N655A0H3Q, STM32N655B0H3Q, STM32N655I0H3Q, STM32N655L0H3Q, STM32N655X0H3Q, STM32N655Z0H3Q, STM32N6570-DK, STM32N657A0H3Q, STM32N657B0H3Q, STM32N657I0H3Q, STM32N657L0H3Q, STM32N657X0H3Q, STM32N657Z0H3Q, STM32U031C6T6, STM32U031C6U6, STM32U031C8T6, STM32U031C8U6, STM32U031F4P6, STM32U031F6P6, STM32U031F8P6, STM32U031G6Y6TR, STM32U031G8Y6TR, STM32U031K4U6, STM32U031K6U6, STM32U031K8U6, STM32U031R6I6, STM32U031R6T6, STM32U031R8I6, STM32U031R8T6, STM32U073C8T6, STM32U073C8U6, STM32U073CBT6, STM32U073CBU6, STM32U073CCT6, STM32U073CCU6, STM32U073H8Y6TR, STM32U073HBY6TR, STM32U073HCY6TR, STM32U073K8U6, STM32U073KBU6, STM32U073KCU6, STM32U073M8I6, STM32U073M8T6, STM32U073MBI6, STM32U073MBT6, STM32U073MCI6, STM32U073MCT6, STM32U073R8I6, STM32U073R8T6, STM32U073RBI6, STM32U073RBT6, STM32U073RCI6, STM32U073RCT6, STM32U083C-DK, STM32U083CCT6, STM32U083CCU6, STM32U083HCY6TR, STM32U083KCU6, STM32U083MCI6, STM32U083MCT6, STM32U083RCI6, STM32U083RCT6, STM32U375CET6, STM32U375CET6Q, STM32U375CEU6, STM32U375CEU6Q, STM32U375CEY6QTR, STM32U375CGT6, STM32U375CGT6Q, STM32U375CGU6, STM32U375CGU6Q, STM32U375CGY6QTR, STM32U375KEU6, STM32U375KGU6, STM32U375REI6, STM32U375REI6Q, STM32U375RET6, STM32U375RET6Q, STM32U375REY6GTR, STM32U375REY6QTR, STM32U375RGI6, STM32U375RGI6Q, STM32U375RGT6, STM32U375RGT6Q, STM32U375RGY6GTR, STM32U375RGY6QTR, STM32U375VEI6, STM32U375VEI6Q, STM32U375VET6, STM32U375VET6Q, STM32U375VGI6, STM32U375VGI6Q, STM32U375VGT6, STM32U375VGT6Q, STM32U385CGT6, STM32U385CGT6Q, STM32U385CGU6, STM32U385CGU6Q, STM32U385CGY6QTR, STM32U385KGU6, STM32U385RGI6, STM32U385RGI6Q, STM32U385RGT6, STM32U385RGT6Q, STM32U385RGY6GTR, STM32U385RGY6QTR, STM32U385VGI6, STM32U385VGI6Q, STM32U385VGT6, STM32U385VGT6Q, STM32U535CBT6, STM32U535CBT6Q, STM32U535CBU6, STM32U535CBU6Q, STM32U535CCT6, STM32U535CCT6Q, STM32U535CCU6, STM32U535CCU6Q, STM32U535CET6, STM32U535CET6Q, STM32U535CEU6, STM32U535CEU6Q, STM32U535JEY6QTR, STM32U535NCY6QTR, STM32U535NEY6QTR, STM32U535RBI6, STM32U535RBI6Q, STM32U535RBT6, STM32U535RBT6Q, STM32U535RCI6, STM32U535RCI6Q, STM32U535RCT6, STM32U535RCT6Q, STM32U535REI6, STM32U535REI6Q, STM32U535RET6, STM32U535RET6Q, STM32U535VCI6, STM32U535VCI6Q, STM32U535VCT6, STM32U535VCT6Q, STM32U535VEI6, STM32U535VEI6Q, STM32U535VET6, STM32U535VET6Q, STM32U545CET6, STM32U545CET6Q, STM32U545CEU6, STM32U545CEU6Q, STM32U545JEY6QTR, STM32U545NEY6QTR, STM32U545REI6, STM32U545REI6Q, STM32U545RET6, STM32U545RET6Q, STM32U545VEI6, STM32U545VEI6Q, STM32U545VET6, STM32U545VET6Q, STM32U595AIH6, STM32U595AIH6Q, STM32U595AJH6, STM32U595AJH6Q, STM32U595QII6, STM32U595QII6Q, STM32U595QJI6, STM32U595QJI6Q, STM32U595RIT6, STM32U595RIT6Q, STM32U595RJT6, STM32U595RJT6Q, STM32U595VIT6, STM32U595VIT6Q, STM32U595VJT6, STM32U595VJT6Q, STM32U595ZIT6, STM32U595ZIT6Q, STM32U595ZIY6QTR, STM32U595ZJT6, STM32U595ZJT6Q, STM32U595ZJY6QTR, STM32U599BJY6QTR, STM32U599NIH6Q, STM32U599NJH6Q, STM32U599VIT6Q, STM32U599VJT6, STM32U599VJT6Q, STM32U599ZIT6Q, STM32U599ZIY6QTR, STM32U599ZJT6Q, STM32U599ZJY6QTR, STM32U5A5AJH6, STM32U5A5AJH6Q, STM32U5A5QII3Q , STM32U5A5QJI6, STM32U5A5QJI6Q, STM32U5A5RJT6, STM32U5A5RJT6Q, STM32U5A5VJT6, STM32U5A5VJT6Q, STM32U5A5ZJT6, STM32U5A5ZJT6Q, STM32U5A5ZJY6QTR, STM32U5A9BJY6QTR, STM32U5A9J-DK, STM32U5A9NJH6Q, STM32U5A9VJT6Q, STM32U5A9ZJT6Q, STM32U5A9ZJY6QTR, STM32U5F7VIT6, STM32U5F7VIT6Q, STM32U5F7VJT6, STM32U5F7VJT6Q, STM32U5F9BJY6QTR, STM32U5F9NJH6Q, STM32U5F9VIT6Q, STM32U5F9VJT6Q, STM32U5F9ZIJ6QTR, STM32U5F9ZIT6Q, STM32U5F9ZJJ6QTR, STM32U5F9ZJT6Q, STM32U5G7VJT6, STM32U5G7VJT6Q, STM32U5G9BJY6QTR, STM32U5G9J-DK1, STM32U5G9J-DK2, STM32U5G9NJH6Q, STM32U5G9VJT6Q, STM32U5G9ZJJ6QTR, STM32U5G9ZJT6Q, STM32WB05KZV6TR, STM32WB05KZV7TR, STM32WB05TZF6TR, STM32WB05TZF7TR, STM32WB06CCF6TR, STM32WB06CCF7TR, STM32WB06CCV6TR, STM32WB06CCV7TR, STM32WB06KCV6TR, STM32WB06KCV7TR, STM32WB07CCF6TR, STM32WB07CCF7TR, STM32WB07CCV6TR, STM32WB07CCV7TR, STM32WB07KCV6TR, STM32WB07KCV7TR, STM32WB09KEV6TR, STM32WB09KEV7TR, STM32WB09TEF6TR, STM32WB09TEF7TR, STM32WB1MMCH6, STM32WBA50KGU6, STM32WBA50KGU6TR, STM32WBA52CEU6, STM32WBA52CEU6TR, STM32WBA52CEU7, STM32WBA52CEU7TR, STM32WBA52CGU6, STM32WBA52CGU6TR, STM32WBA52CGU6U, STM32WBA52CGU7, STM32WBA52CGU7TR, STM32WBA52KEU6, STM32WBA52KEU6TR, STM32WBA52KGU6, STM32WBA52KGU6TR, STM32WBA54CEU6, STM32WBA54CEU6TR, STM32WBA54CEU7, STM32WBA54CEU7TR, STM32WBA54CGU6, STM32WBA54CGU6TR, STM32WBA54CGU7, STM32WBA54CGU7TR, STM32WBA54KEU6, STM32WBA54KEU6TR, STM32WBA54KEU7, STM32WBA54KEU7TR, STM32WBA54KGU6, STM32WBA54KGU6TR, STM32WBA54KGU7, STM32WBA54KGU7TR, STM32WBA55CEU6, STM32WBA55CEU6TR, STM32WBA55CEU7, STM32WBA55CEU7TR, STM32WBA55CGU6, STM32WBA55CGU6TR, STM32WBA55CGU6U, STM32WBA55CGU7, STM32WBA55CGU7TR, STM32WBA55G-DK1, STM32WBA55HEF6, STM32WBA55HEF7, STM32WBA55HGF6, STM32WBA55HGF7, STM32WBA55UEI6, STM32WBA55UEI6TR, STM32WBA55UEI7, STM32WBA55UEI7TR, STM32WBA55UGI6, STM32WBA55UGI6TR, STM32WBA55UGI7, STM32WBA55UGI7TR, STM32WBA5MJGH6TR, STM32WBA62CGU6, STM32WBA62CIU6, STM32WBA62MGF6, STM32WBA62MIF6, STM32WBA62PGI6, STM32WBA62PII6, STM32WBA63CGU6, STM32WBA63CGU7, STM32WBA63CIU6, STM32WBA63CIU7, STM32WBA64CGU6, STM32WBA64CGU7, STM32WBA64CIU6, STM32WBA64CIU7, STM32WBA65CGU6, STM32WBA65CGU7, STM32WBA65CIU6, STM32WBA65CIU7, STM32WBA65I-DK1, STM32WBA65MGF6, STM32WBA65MGF7, STM32WBA65MIF6, STM32WBA65MIF7, STM32WBA65PGI6, STM32WBA65PGI7, STM32WBA65PII6, STM32WBA65PII7, STM32WBA65RGV6, STM32WBA65RGV7, STM32WBA65RIV6, STM32WBA65RIV7, STM32WL30K8V6, STM32WL30KBV6, STM32WL31C8V6, STM32WL31CBV6, STM32WL31K8V6, STM32WL31KBV6, STM32WL33C8V6, STM32WL33C8V6TR, STM32WL33C8V7, STM32WL33C8V7TR, STM32WL33CBV6, STM32WL33CBV6TR, STM32WL33CBV7, STM32WL33CBV7TR, STM32WL33CCV6, STM32WL33CCV6TR, STM32WL33CCV7, STM32WL33CCV7A, STM32WL33CCV7ATR, STM32WL33CCV7TR, STM32WL33K8V6, STM32WL33K8V6TR, STM32WL33K8V7, STM32WL33K8V7TR, STM32WL33KBV6, STM32WL33KBV6TR, STM32WL33KBV7, STM32WL33KBV7TR, STM32WL33KCV6, STM32WL33KCV6TR, STM32WL33KCV7, STM32WL33KCV7TR, STM32WL5MOCH6, STM32WL5MOCH6TR]
2025-07-13 12:47:55,712 [INFO] DbMcus:218 - Found 4686 MCUs, 4686 are supported
2025-07-13 12:47:55,714 [INFO] ApiDb:423 - Load user favorites file C:\Users\Alireza/.stm32cubeide/favorites.mcus.txt: 0 item(s)
2025-07-13 12:47:55,714 [INFO] ApiDb:427 - User favorites MCUs=[]
2025-07-13 12:47:55,714 [INFO] DbMcus:224 - Set 0 / 0 favorites MCUs
2025-07-13 12:47:56,070 [INFO] ApiDb:423 - Load user favorites file C:\Users\Alireza/.stm32cubeide/favorites.boards.txt: 0 item(s)
2025-07-13 12:47:56,070 [INFO] ApiDb:427 - User favorites Boards=[]
2025-07-13 12:47:56,070 [INFO] DbBoards:198 - Set 0 / 0 favorites Boards
2025-07-13 12:47:56,155 [INFO] UtilMem:75 - End LoadConfig() Used Memory: 275174056 Bytes (346030080)
2025-07-13 12:47:56,272 [WARN] ThirdParty:833 - waiting for thirdparty lock release [change project]
2025-07-13 12:47:56,272 [INFO] ThirdParty:835 - entering critical section [change project]
2025-07-13 12:47:56,272 [INFO] ThirdParty:1030 - CMSIS Pack Vendor :STMicroelectronics USBPD 4.1
2025-07-13 12:47:56,272 [INFO] ThirdParty:1030 - CMSIS Pack Vendor :STMicroelectronics X-CUBE-AZRTOS-H7 3.3.0
2025-07-13 12:47:56,272 [INFO] ThirdParty:1030 - CMSIS Pack Vendor :STMicroelectronics X-CUBE-NFC9 1.0.0
2025-07-13 12:47:56,272 [INFO] ThirdParty:1030 - CMSIS Pack Vendor :STMicroelectronics USB_HOST 2.0.0
2025-07-13 12:47:56,272 [INFO] ThirdParty:1030 - CMSIS Pack Vendor :STMicroelectronics FP-SNS-MOTENVWB1 1.4.0
2025-07-13 12:47:56,273 [INFO] ThirdParty:1030 - CMSIS Pack Vendor :STMicroelectronics X-CUBE-AZRTOS-F4 1.1.0
2025-07-13 12:47:56,273 [INFO] ThirdParty:1030 - CMSIS Pack Vendor :STMicroelectronics LIBJPEG 8.0.0
2025-07-13 12:47:56,273 [INFO] ThirdParty:1030 - CMSIS Pack Vendor :STMicroelectronics FP-ATR-ASTRA1 2.0.2
2025-07-13 12:47:56,273 [INFO] ThirdParty:1030 - CMSIS Pack Vendor :STMicroelectronics X-CUBE-BLE1 7.1.0
2025-07-13 12:47:56,273 [INFO] ThirdParty:1030 - CMSIS Pack Vendor :Avnet-IotConnect X-CUBE-IoTC-DA16k-PMOD 1.0.0
2025-07-13 12:47:56,273 [INFO] ThirdParty:1030 - CMSIS Pack Vendor :STMicroelectronics X-CUBE-SMBUS 2.1.0
2025-07-13 12:47:56,273 [INFO] ThirdParty:1030 - CMSIS Pack Vendor :wolfSSL I-CUBE-wolfMQTT 1.19.2
2025-07-13 12:47:56,273 [INFO] ThirdParty:1030 - CMSIS Pack Vendor :STMicroelectronics USB_DEVICE 3.0.0
2025-07-13 12:47:56,273 [INFO] ThirdParty:1030 - CMSIS Pack Vendor :STMicroelectronics X-CUBE-ISPU 2.1.0
2025-07-13 12:47:56,273 [INFO] ThirdParty:1030 - CMSIS Pack Vendor :STMicroelectronics X-CUBE-AZRTOS-WB 2.0.0
2025-07-13 12:47:56,273 [INFO] ThirdParty:1030 - CMSIS Pack Vendor :STMicroelectronics X-CUBE-ST60 1.0.0
2025-07-13 12:47:56,273 [INFO] ThirdParty:1030 - CMSIS Pack Vendor :STMicroelectronics X-CUBE-GNSS1 7.0.1
2025-07-13 12:47:56,273 [INFO] ThirdParty:1030 - CMSIS Pack Vendor :STMicroelectronics X-CUBE-AZRTOS-F7 1.1.0
2025-07-13 12:47:56,273 [INFO] ThirdParty:1030 - CMSIS Pack Vendor :STMicroelectronics X-CUBE-AZRTOS-L5 2.0.0
2025-07-13 12:47:56,273 [INFO] ThirdParty:1030 - CMSIS Pack Vendor :STMicroelectronics X-CUBE-TOUCHGFX 4.25.0
2025-07-13 12:47:56,273 [INFO] ThirdParty:1030 - CMSIS Pack Vendor :STMicroelectronics USB_DEVICE 2.0.0
2025-07-13 12:47:56,273 [INFO] ThirdParty:1030 - CMSIS Pack Vendor :STMicroelectronics X-CUBE-NFC6 3.1.0
2025-07-13 12:47:56,273 [INFO] ThirdParty:1030 - CMSIS Pack Vendor :STMicroelectronics X-CUBE-AI 10.1.0
2025-07-13 12:47:56,273 [INFO] ThirdParty:1030 - CMSIS Pack Vendor :STMicroelectronics FP-SNS-STBOX1 2.0.0
2025-07-13 12:47:56,273 [INFO] ThirdParty:1030 - CMSIS Pack Vendor :STMicroelectronics X-CUBE-MEMS1 11.2.0
2025-07-13 12:47:56,273 [INFO] ThirdParty:1030 - CMSIS Pack Vendor :STMicroelectronics FreeRTOS 0.0.1
2025-07-13 12:47:56,273 [INFO] ThirdParty:1030 - CMSIS Pack Vendor :STMicroelectronics X-CUBE-AZRTOS-G0 1.1.0
2025-07-13 12:47:56,273 [INFO] ThirdParty:1030 - CMSIS Pack Vendor :STMicroelectronics X-CUBE-SAFEA1 1.2.2
2025-07-13 12:47:56,273 [INFO] ThirdParty:1030 - CMSIS Pack Vendor :STMicroelectronics X-CUBE-NFC4 3.0.0
2025-07-13 12:47:56,273 [INFO] ThirdParty:1030 - CMSIS Pack Vendor :STMicroelectronics X-CUBE-SUBG2 5.0.0
2025-07-13 12:47:56,274 [INFO] ThirdParty:1030 - CMSIS Pack Vendor :STMicroelectronics X-CUBE-AZRTOS-H7RS 1.1.0
2025-07-13 12:47:56,274 [INFO] ThirdParty:1030 - CMSIS Pack Vendor :STMicroelectronics STM32_WPAN 1.0.0
2025-07-13 12:47:56,274 [INFO] ThirdParty:1030 - CMSIS Pack Vendor :EmbeddedOffice I-CUBE-FS-RTOS 1.0.1
2025-07-13 12:47:56,274 [INFO] ThirdParty:1030 - CMSIS Pack Vendor :STMicroelectronics lwIP 2.0.3
2025-07-13 12:47:56,274 [INFO] ThirdParty:1030 - CMSIS Pack Vendor :Cesanta I-CUBE-Mongoose 7.13.0
2025-07-13 12:47:56,274 [INFO] ThirdParty:1030 - CMSIS Pack Vendor :STMicroelectronics USB_HOST 1.0.0
2025-07-13 12:47:56,274 [INFO] ThirdParty:1030 - CMSIS Pack Vendor :Infineon AIROC-Wi-Fi-Bluetooth-STM32 1.7.0
2025-07-13 12:47:56,274 [INFO] ThirdParty:1030 - CMSIS Pack Vendor :STMicroelectronics X-CUBE-AZRTOS-G4 2.0.0
2025-07-13 12:47:56,274 [INFO] ThirdParty:1030 - CMSIS Pack Vendor :STMicroelectronics X-CUBE-WB05N 2.0.0
2025-07-13 12:47:56,274 [INFO] ThirdParty:1030 - CMSIS Pack Vendor :STMicroelectronics PDM2PCM 3.1.0
2025-07-13 12:47:56,274 [INFO] ThirdParty:1030 - CMSIS Pack Vendor :STMicroelectronics PDM2PCM 3.3.0
2025-07-13 12:47:56,274 [INFO] ThirdParty:1030 - CMSIS Pack Vendor :wolfSSL I-CUBE-wolfTPM 3.8.0
2025-07-13 12:47:56,274 [INFO] ThirdParty:1030 - CMSIS Pack Vendor :STMicroelectronics X-CUBE-DISPLAY 3.0.0
2025-07-13 12:47:56,274 [INFO] ThirdParty:1030 - CMSIS Pack Vendor :wolfSSL I-CUBE-wolfSSH 1.4.20
2025-07-13 12:47:56,274 [INFO] ThirdParty:1030 - CMSIS Pack Vendor :STMicroelectronics X-CUBE-NFC7 2.0.0
2025-07-13 12:47:56,274 [INFO] ThirdParty:1030 - CMSIS Pack Vendor :STMicroelectronics X-CUBE-TCPP 4.2.0
2025-07-13 12:47:56,274 [INFO] ThirdParty:1030 - CMSIS Pack Vendor :RealThread X-CUBE-RT-Thread_Nano 4.1.1
2025-07-13 12:47:56,274 [INFO] ThirdParty:1030 - CMSIS Pack Vendor :STMicroelectronics FP-ATR-SIGFOX1 3.2.0
2025-07-13 12:47:56,274 [INFO] ThirdParty:1030 - CMSIS Pack Vendor :STMicroelectronics X-CUBE-NFC10 1.0.0
2025-07-13 12:47:56,274 [INFO] ThirdParty:1030 - CMSIS Pack Vendor :STMicroelectronics X-CUBE-BLEMGR 4.0.0
2025-07-13 12:47:56,274 [INFO] ThirdParty:1030 - CMSIS Pack Vendor :STMicroelectronics X-CUBE-EEPRMA1 5.1.0
2025-07-13 12:47:56,274 [INFO] ThirdParty:1030 - CMSIS Pack Vendor :STMicroelectronics X-CUBE-FREERTOS 1.3.1
2025-07-13 12:47:56,274 [INFO] ThirdParty:1030 - CMSIS Pack Vendor :STMicroelectronics HAL Drivers 0.0.0
2025-07-13 12:47:56,274 [INFO] ThirdParty:1030 - CMSIS Pack Vendor :STMicroelectronics MBEDTLS 2.16.2
2025-07-13 12:47:56,274 [INFO] ThirdParty:1030 - CMSIS Pack Vendor :STMicroelectronics X-CUBE-IPS 3.1.0
2025-07-13 12:47:56,274 [INFO] ThirdParty:1030 - CMSIS Pack Vendor :STMicroelectronics X-CUBE-ALS 1.0.2
2025-07-13 12:47:56,274 [INFO] ThirdParty:1030 - CMSIS Pack Vendor :emotas I-CUBE-CANOPEN 1.3.0
2025-07-13 12:47:56,274 [INFO] ThirdParty:1030 - CMSIS Pack Vendor :STMicroelectronics X-CUBE-FREERTOS 1.3.0
2025-07-13 12:47:56,274 [INFO] ThirdParty:1030 - CMSIS Pack Vendor :STMicroelectronics MBEDTLS 2.14.1
2025-07-13 12:47:56,275 [INFO] ThirdParty:1030 - CMSIS Pack Vendor :wolfSSL I-CUBE-wolfSSL 5.7.6
2025-07-13 12:47:56,275 [INFO] ThirdParty:1030 - CMSIS Pack Vendor :ITTIA_DB I-CUBE-ITTIADB 8.9.0
2025-07-13 12:47:56,275 [INFO] ThirdParty:1030 - CMSIS Pack Vendor :portGmbH I-Cube-SoM-uGOAL 1.1.0
2025-07-13 12:47:56,275 [INFO] ThirdParty:1030 - CMSIS Pack Vendor :quantropi X-CUBE-qispace-sdk-base 2.0.0
2025-07-13 12:47:56,275 [INFO] ThirdParty:1030 - CMSIS Pack Vendor :STMicroelectronics X-CUBE-AI 10.0.0
2025-07-13 12:47:56,275 [INFO] ThirdParty:1030 - CMSIS Pack Vendor :STMicroelectronics ThreadX 1.0.0
2025-07-13 12:47:56,275 [INFO] ThirdParty:1030 - CMSIS Pack Vendor :STMicroelectronics FP-SNS-SMARTAG2 1.2.0
2025-07-13 12:47:56,275 [INFO] ThirdParty:1030 - CMSIS Pack Vendor :STMicroelectronics FP-SNS-FLIGHT1 5.1.0
2025-07-13 12:47:56,275 [INFO] ThirdParty:1030 - CMSIS Pack Vendor :STMicroelectronics X-CUBE-AZRTOS-WL 2.0.0
2025-07-13 12:47:56,275 [INFO] ThirdParty:1030 - CMSIS Pack Vendor :SEGGER I-CUBE-embOS 1.3.1
2025-07-13 12:47:56,275 [INFO] ThirdParty:1030 - CMSIS Pack Vendor :STMicroelectronics X-CUBE-ALGOBUILD 1.4.0
2025-07-13 12:47:56,275 [INFO] ThirdParty:1030 - CMSIS Pack Vendor :STMicroelectronics X-CUBE-DPower 1.3.0
2025-07-13 12:47:56,275 [INFO] ThirdParty:1030 - CMSIS Pack Vendor :STMicroelectronics FP-SNS-MOTENV1 5.0.0
2025-07-13 12:47:56,275 [INFO] ThirdParty:1030 - CMSIS Pack Vendor :STMicroelectronics USB_DEVICE 1.0.0
2025-07-13 12:47:56,275 [INFO] ThirdParty:1030 - CMSIS Pack Vendor :STMicroelectronics X-CUBE-AZRTOS-L4 2.0.0
2025-07-13 12:47:56,275 [INFO] ThirdParty:1030 - CMSIS Pack Vendor :STMicroelectronics ThreadX 0.0.2
2025-07-13 12:47:56,275 [INFO] ThirdParty:1030 - CMSIS Pack Vendor :WES I-CUBE-Cesium 1.3.0
2025-07-13 12:47:56,275 [INFO] ThirdParty:1030 - CMSIS Pack Vendor :STMicroelectronics lwIP 2.1.2
2025-07-13 12:47:56,275 [INFO] ThirdParty:1030 - CMSIS Pack Vendor :STMicroelectronics X-CUBE-SFXS2LP1 4.0.0
2025-07-13 12:47:56,275 [INFO] ThirdParty:1030 - CMSIS Pack Vendor :STMicroelectronics X-CUBE-BLE2 3.3.0
2025-07-13 12:47:56,275 [INFO] ThirdParty:1030 - CMSIS Pack Vendor :STMicroelectronics X-CUBE-TOF1 3.4.3
2025-07-13 12:47:56,275 [INFO] ThirdParty:1030 - CMSIS Pack Vendor :STMicroelectronics PDM2PCM 3.2.0
2025-07-13 12:47:56,275 [INFO] ThirdParty:841 - exiting critical section [change project]
2025-07-13 12:47:56,654 [INFO] PinOutPanel:1589 - setPackage(No Configuration,No Configuration)
2025-07-13 12:47:56,655 [INFO] PinOutPanel:1589 - setPackage(STM32F401CCUx,UFQFPN48)
2025-07-13 12:47:57,111 [INFO] UtilMem:75 - Before build in PCC Used Memory: 273742096 Bytes (346030080)
2025-07-13 12:47:57,994 [INFO] UtilMem:75 - After build in PCC Used Memory: 219383440 Bytes (346030080)
2025-07-13 12:47:58,029 [INFO] IPUIPlugin:80 - create IPUIPlugin
2025-07-13 12:47:58,029 [INFO] IPUIPlugin:80 - create IPUIPlugin
2025-07-13 12:47:58,029 [INFO] IPUIPlugin:80 - create IPUIPlugin
2025-07-13 12:47:58,029 [INFO] IPUIPlugin:80 - create IPUIPlugin
2025-07-13 12:47:58,029 [INFO] IPUIPlugin:80 - create IPUIPlugin
2025-07-13 12:47:58,029 [INFO] IPUIPlugin:80 - create IPUIPlugin
2025-07-13 12:47:58,029 [INFO] IPUIPlugin:80 - create IPUIPlugin
2025-07-13 12:47:58,030 [INFO] IPUIPlugin:80 - create IPUIPlugin
2025-07-13 12:47:58,030 [INFO] IPUIPlugin:80 - create IPUIPlugin
2025-07-13 12:47:58,030 [INFO] IPUIPlugin:80 - create IPUIPlugin
2025-07-13 12:47:58,030 [INFO] IPUIPlugin:80 - create IPUIPlugin
2025-07-13 12:47:58,031 [INFO] IPUIPlugin:80 - create IPUIPlugin
2025-07-13 12:47:58,031 [INFO] IPUIPlugin:80 - create IPUIPlugin
2025-07-13 12:47:58,031 [INFO] IPUIPlugin:80 - create IPUIPlugin
2025-07-13 12:47:58,031 [INFO] IPUIPlugin:80 - create IPUIPlugin
2025-07-13 12:47:58,032 [INFO] IPUIPlugin:80 - create IPUIPlugin
2025-07-13 12:47:58,032 [INFO] IPUIPlugin:80 - create IPUIPlugin
2025-07-13 12:47:58,032 [INFO] IPUIPlugin:80 - create IPUIPlugin
2025-07-13 12:47:58,033 [INFO] IPUIPlugin:80 - create IPUIPlugin
2025-07-13 12:47:58,033 [INFO] IPUIPlugin:80 - create IPUIPlugin
2025-07-13 12:47:58,033 [INFO] IPUIPlugin:80 - create IPUIPlugin
2025-07-13 12:47:58,034 [INFO] IPUIPlugin:80 - create IPUIPlugin
2025-07-13 12:47:58,034 [INFO] IPUIPlugin:80 - create IPUIPlugin
2025-07-13 12:47:58,034 [INFO] IPUIPlugin:80 - create IPUIPlugin
2025-07-13 12:47:58,034 [INFO] IPUIPlugin:80 - create IPUIPlugin
2025-07-13 12:47:58,035 [INFO] IPUIPlugin:80 - create IPUIPlugin
2025-07-13 12:47:58,035 [INFO] IPUIPlugin:80 - create IPUIPlugin
2025-07-13 12:47:58,035 [INFO] IPUIPlugin:80 - create IPUIPlugin
2025-07-13 12:47:58,035 [INFO] IPUIPlugin:80 - create IPUIPlugin
2025-07-13 12:47:58,036 [INFO] IPUIPlugin:80 - create IPUIPlugin
2025-07-13 12:47:58,036 [INFO] IPUIPlugin:80 - create IPUIPlugin
2025-07-13 12:47:58,036 [INFO] IPUIPlugin:80 - create IPUIPlugin
2025-07-13 12:47:58,037 [INFO] IPUIPlugin:80 - create IPUIPlugin
2025-07-13 12:47:58,037 [INFO] IPUIPlugin:80 - create IPUIPlugin
2025-07-13 12:47:58,037 [INFO] IPUIPlugin:80 - create IPUIPlugin
2025-07-13 12:47:58,038 [INFO] IPUIPlugin:80 - create IPUIPlugin
2025-07-13 12:47:58,038 [INFO] IPUIPlugin:80 - create IPUIPlugin
2025-07-13 12:47:58,165 [INFO] ApiDbMcu:508 - Load IP Config File for PDM2PCM
2025-07-13 12:47:58,172 [WARN] IP:2250 - I2C_Coeff_DF not found: check if there is a RefParameter without a condition.
2025-07-13 12:47:58,173 [WARN] IP:2250 - Analog_Filter not found: check if there is a RefParameter without a condition.
2025-07-13 12:47:58,409 [INFO] CADModel:165 - CPN selected for project levelSTM32F401CCU6
2025-07-13 12:47:58,409 [INFO] CADModel:114 - Register for checkConnection events
2025-07-13 12:47:58,474 [INFO] OpenFileManager:385 - Restore cursor
2025-07-13 12:47:58,651 [WARN] IP:2250 - I2C_Coeff_DF not found: check if there is a RefParameter without a condition.
2025-07-13 12:47:58,651 [WARN] IP:2250 - Analog_Filter not found: check if there is a RefParameter without a condition.
2025-07-13 12:47:58,651 [WARN] IP:2250 - I2C_Coeff_DF not found: check if there is a RefParameter without a condition.
2025-07-13 12:47:58,651 [WARN] IP:2250 - Analog_Filter not found: check if there is a RefParameter without a condition.
2025-07-13 12:48:39,610 [WARN] IP:2250 - I2C_Coeff_DF not found: check if there is a RefParameter without a condition.
2025-07-13 12:48:39,610 [WARN] IP:2250 - Analog_Filter not found: check if there is a RefParameter without a condition.
2025-07-13 12:48:39,642 [INFO] NvicIntPanel:101 - NVIC parent = com.st.microxplorer.plugins.ip.nvic.MultiNvicIntPanel[,0,0,0x0,invalid,layout=javax.swing.BoxLayout,alignmentX=0.0,alignmentY=0.0,border=,flags=9,maximumSize=,minimumSize=,preferredSize=]
2025-07-13 12:56:15,895 [WARN] IP:2250 - I2C_Coeff_DF not found: check if there is a RefParameter without a condition.
2025-07-13 12:56:15,896 [WARN] IP:2250 - Analog_Filter not found: check if there is a RefParameter without a condition.
2025-07-13 13:08:10,446 [INFO] NvicIntPanel:101 - NVIC parent = com.st.microxplorer.plugins.ip.nvic.MultiNvicIntPanel[,0,0,0x0,invalid,layout=javax.swing.BoxLayout,alignmentX=0.0,alignmentY=0.0,border=,flags=9,maximumSize=,minimumSize=,preferredSize=]
2025-07-13 13:08:24,530 [WARN] IP:2250 - I2C_Coeff_DF not found: check if there is a RefParameter without a condition.
2025-07-13 13:08:24,530 [WARN] IP:2250 - Analog_Filter not found: check if there is a RefParameter without a condition.
2025-07-13 13:08:24,531 [WARN] IP:2250 - I2C_Coeff_DF not found: check if there is a RefParameter without a condition.
2025-07-13 13:08:24,531 [WARN] IP:2250 - Analog_Filter not found: check if there is a RefParameter without a condition.
2025-07-13 13:08:27,147 [INFO] NvicIntPanel:101 - NVIC parent = com.st.microxplorer.plugins.ip.nvic.MultiNvicIntPanel[,0,0,450x188,layout=javax.swing.BoxLayout,alignmentX=0.0,alignmentY=0.0,border=,flags=9,maximumSize=,minimumSize=,preferredSize=]
2025-07-13 13:08:29,053 [INFO] NvicIntPanel:101 - NVIC parent = com.st.microxplorer.plugins.ip.nvic.MultiNvicIntPanel[,0,0,0x0,invalid,layout=javax.swing.BoxLayout,alignmentX=0.0,alignmentY=0.0,border=,flags=9,maximumSize=,minimumSize=,preferredSize=]
2025-07-13 13:13:32,376 [INFO] UtilMem:75 - End SaveConfig() Used Memory: 272003552 Bytes (353370112)
2025-07-13 13:13:33,456 [INFO] UtilMem:75 - End SaveConfig() Used Memory: 290759336 Bytes (353370112)
2025-07-13 13:13:33,705 [INFO] UtilMem:75 - End SaveConfig() Used Memory: 319163456 Bytes (353370112)
2025-07-13 13:13:34,343 [INFO] BlockDiagram:2775 - set Specific Code input for plugin: NVIC
2025-07-13 13:13:34,343 [INFO] BlockDiagram:2775 - set Specific Code input for plugin: USART
2025-07-13 13:13:34,343 [INFO] BlockDiagram:2775 - set Specific Code input for plugin: SYS
2025-07-13 13:13:34,344 [INFO] BlockDiagram:2775 - set Specific Code input for plugin: GPIO
2025-07-13 13:13:34,344 [INFO] BlockDiagram:2775 - set Specific Code input for plugin: RCC
2025-07-13 13:13:34,345 [INFO] BlockDiagram:2775 - set Specific Code input for plugin: I2C
2025-07-13 13:13:34,346 [INFO] CodeGenerator:882 - code generatio: config db path: C:\ST\STM32CubeIDE_1.18.0\STM32CubeIDE\plugins\com.st.stm32cube.common.mx_6.14.0.202502271554\\db\
2025-07-13 13:13:34,350 [WARN] IP:2250 - I2C_Coeff_DF not found: check if there is a RefParameter without a condition.
2025-07-13 13:13:34,350 [WARN] IP:2250 - Analog_Filter not found: check if there is a RefParameter without a condition.
2025-07-13 13:13:34,543 [INFO] CodeEngine:263 - oldGeneratedFile, D:\university\studies\Navigation-STM32\Navigation-STM32\Navigation\MXTmpFiles\license.tmp_save
2025-07-13 13:13:34,992 [INFO] CodeEngine:287 - Generated code: D:\university\studies\Navigation-STM32\Navigation-STM32\Navigation\MXTmpFiles\license.tmp
2025-07-13 13:13:35,061 [INFO] CodeEngine:263 - oldGeneratedFile, D:\university\studies\Navigation-STM32\Navigation-STM32\Navigation\MXTmpFiles\gpio.tmp_save
2025-07-13 13:13:35,188 [INFO] CodeEngine:287 - Generated code: D:\university\studies\Navigation-STM32\Navigation-STM32\Navigation\MXTmpFiles\gpio.tmp
2025-07-13 13:13:35,284 [INFO] CodeEngine:263 - oldGeneratedFile, D:\university\studies\Navigation-STM32\Navigation-STM32\Navigation\Core\Src\stm32f4xx_it.c_save
2025-07-13 13:13:35,453 [INFO] CodeEngine:287 - Generated code: D:\university\studies\Navigation-STM32\Navigation-STM32\Navigation\Core\Src\stm32f4xx_it.c
2025-07-13 13:13:35,458 [INFO] CodeEngine:263 - oldGeneratedFile, D:\university\studies\Navigation-STM32\Navigation-STM32\Navigation\Core\Inc\stm32f4xx_it.h_save
2025-07-13 13:13:35,556 [INFO] CodeEngine:287 - Generated code: D:\university\studies\Navigation-STM32\Navigation-STM32\Navigation\Core\Inc\stm32f4xx_it.h
2025-07-13 13:13:35,569 [INFO] CodeEngine:263 - oldGeneratedFile, D:\university\studies\Navigation-STM32\Navigation-STM32\Navigation\Core\Src\stm32f4xx_hal_msp.c_save
2025-07-13 13:13:35,743 [INFO] CodeEngine:287 - Generated code: D:\university\studies\Navigation-STM32\Navigation-STM32\Navigation\Core\Src\stm32f4xx_hal_msp.c
2025-07-13 13:13:35,747 [INFO] CodeEngine:263 - oldGeneratedFile, D:\university\studies\Navigation-STM32\Navigation-STM32\Navigation\MXTmpFiles\system.tmp_save
2025-07-13 13:13:35,888 [INFO] CodeEngine:287 - Generated code: D:\university\studies\Navigation-STM32\Navigation-STM32\Navigation\MXTmpFiles\system.tmp
2025-07-13 13:13:35,900 [INFO] CodeEngine:319 - oldGeneratedFile, D:\university\studies\Navigation-STM32\Navigation-STM32\Navigation\Core\Inc\stm32f4xx_hal_conf.h_save
2025-07-13 13:13:36,075 [INFO] CodeEngine:343 - Generated code: D:\university\studies\Navigation-STM32\Navigation-STM32\Navigation\Core\Inc\stm32f4xx_hal_conf.h
2025-07-13 13:13:36,123 [INFO] ApiDbMcu:508 - Load IP Config File for I2C1
2025-07-13 13:13:36,127 [INFO] ApiDbMcu:508 - Load IP Config File for USART1
2025-07-13 13:13:36,132 [INFO] ApiDbMcu:508 - Load IP Config File for RCC
2025-07-13 13:13:36,143 [INFO] CodeEngine:263 - oldGeneratedFile, D:\university\studies\Navigation-STM32\Navigation-STM32\Navigation\Core\Inc\main.h_save
2025-07-13 13:13:36,253 [INFO] CodeEngine:287 - Generated code: D:\university\studies\Navigation-STM32\Navigation-STM32\Navigation\Core\Inc\main.h
2025-07-13 13:13:36,258 [INFO] CodeEngine:263 - oldGeneratedFile, D:\university\studies\Navigation-STM32\Navigation-STM32\Navigation\Core\Src\main.c_save
2025-07-13 13:13:36,403 [INFO] CodeEngine:287 - Generated code: D:\university\studies\Navigation-STM32\Navigation-STM32\Navigation\Core\Src\main.c
2025-07-13 13:13:36,757 [INFO] ProjectBuilder:3324 - Time for Copy HAL[1] : 117mS.
2025-07-13 13:13:36,762 [INFO] ProjectBuilder:4912 - Project Generator version: 4.6.0-B36
2025-07-13 13:13:36,857 [INFO] ConfigFileManager:1590 - The Die is : DIE423
2025-07-13 13:13:36,867 [INFO] ApiDbMcu:508 - Load IP Config File for FATFS
2025-07-13 13:13:36,873 [INFO] ApiDbMcu:508 - Load IP Config File for FREERTOS
2025-07-13 13:13:36,875 [INFO] ApiDbMcu:508 - Load IP Config File for LIBJPEG
2025-07-13 13:13:36,886 [INFO] ApiDbMcu:508 - Load IP Config File for MBEDTLS
2025-07-13 13:13:36,895 [INFO] ApiDbMcu:508 - Load IP Config File for USB_DEVICE
2025-07-13 13:13:36,900 [INFO] ApiDbMcu:508 - Load IP Config File for USB_HOST
2025-07-13 13:13:37,290 [INFO] LogOutputStream:77 - [STDOUT_REDIRECT] 
2025-07-13 13:13:38,365 [INFO] ProjectBuilder:5191 - Time for Generating toolchain IDE Files: 1602mS.
2025-07-13 13:13:38,365 [INFO] ProjectBuilder:3181 - Time for Copy CMSIS : 0mS.
2025-07-13 13:13:38,367 [INFO] ProjectBuilder:3181 - Time for Copy CMSIS : 0mS.
2025-07-13 14:12:42,457 [INFO] Activator:176 - 


2025-07-13 14:12:42,458 [INFO] Activator:177 - !SESSION log4j initialized
2025-07-13 14:12:46,868 [INFO] LogOutputStream:77 - [STDOUT_REDIRECT] 
2025-07-13 14:12:47,566 [INFO] ApplicationProperties:184 - Using Application install path: C:\ST\STM32CubeIDE_1.18.0\STM32CubeIDE\plugins\com.st.stm32cube.common.mx_6.14.0.202502271554
2025-07-13 14:12:47,595 [INFO] DbMcusXml:78 - Set database path to: C:\ST\STM32CubeIDE_1.18.0\STM32CubeIDE\plugins\com.st.stm32cube.common.mx_6.14.0.202502271554\\db\/mcu/
2025-07-13 14:12:47,596 [INFO] ApiDb:274 - Set plugin database path to: C:\ST\STM32CubeIDE_1.18.0\STM32CubeIDE\plugins\com.st.stm32cube.common.mx_6.14.0.202502271554\\db\/plugins/boardmanager/
2025-07-13 14:12:47,596 [WARN] ApiDb:259 - Overriding images path with different value:  => C:\ST\STM32CubeIDE_1.18.0\STM32CubeIDE\plugins\com.st.stm32cube.common.mx_6.14.0.202502271554\\db\/plugins/mcufinder/images/
2025-07-13 14:12:47,607 [INFO] ApiDb:250 - Set database path to: C:\Users\Alireza\.stmcufinder\plugins\mcufinder//mcu/
2025-07-13 14:12:47,609 [INFO] DbMcusAds:125 - Set database path to: C:\Users\Alireza\.stmcufinder\plugins\mcufinder//mcu/
2025-07-13 14:12:47,612 [INFO] CrossReferenceDbSqlite:203 - Set database path to: C:\Users\Alireza\.stmcufinder\plugins\mcufinder//mcu/cs/
2025-07-13 14:12:47,752 [INFO] RulesReader:64 - Compatibility file has been processed (301 Rules)
2025-07-13 14:12:47,842 [INFO] DbMcusXml:78 - Set database path to: C:\ST\STM32CubeIDE_1.18.0\STM32CubeIDE\plugins\com.st.stm32cube.common.mx_6.14.0.202502271554\\db\/mcu/
2025-07-13 14:12:47,842 [INFO] ApiDb:274 - Set plugin database path to: C:\ST\STM32CubeIDE_1.18.0\STM32CubeIDE\plugins\com.st.stm32cube.common.mx_6.14.0.202502271554\\db\/plugins/boardmanager/
2025-07-13 14:12:47,842 [INFO] ApiDb:261 - Set plugin images path to: C:\ST\STM32CubeIDE_1.18.0\STM32CubeIDE\plugins\com.st.stm32cube.common.mx_6.14.0.202502271554\\db\/plugins/mcufinder/images/
2025-07-13 14:12:47,842 [WARN] DbFile:41 - Overriding database path with different value: C:\Users\Alireza\.stmcufinder\plugins\mcufinder/ => C:\Users\Alireza\.stmcufinder\plugins\mcufinder
2025-07-13 14:12:47,843 [INFO] ApiDb:250 - Set database path to: C:\Users\Alireza\.stmcufinder\plugins\mcufinder//mcu/
2025-07-13 14:12:47,843 [WARN] DbFile:41 - Overriding database path with different value: C:\Users\Alireza\.stmcufinder\plugins\mcufinder/ => C:\Users\Alireza\.stmcufinder\plugins\mcufinder
2025-07-13 14:12:47,843 [INFO] DbMcusAds:125 - Set database path to: C:\Users\Alireza\.stmcufinder\plugins\mcufinder//mcu/
2025-07-13 14:12:47,843 [WARN] DbFile:41 - Overriding database path with different value: C:\Users\Alireza\.stmcufinder\plugins\mcufinder/ => C:\Users\Alireza\.stmcufinder\plugins\mcufinder
2025-07-13 14:12:47,843 [WARN] DbFile:41 - Overriding database path with different value: C:\Users\Alireza\.stmcufinder\plugins\mcufinder/ => C:\Users\Alireza\.stmcufinder\plugins\mcufinder
2025-07-13 14:12:47,843 [INFO] CrossReferenceDbSqlite:203 - Set database path to: C:\Users\Alireza\.stmcufinder\plugins\mcufinder//mcu/cs/
2025-07-13 14:12:47,929 [INFO] MainPanel:272 - HeapMemory: 268435456
2025-07-13 14:12:48,046 [INFO] DbMcusXml:78 - Set database path to: C:\ST\STM32CubeIDE_1.18.0\STM32CubeIDE\plugins\com.st.stm32cube.common.mx_6.14.0.202502271554\\db\/mcu/
2025-07-13 14:12:48,046 [INFO] ApiDb:274 - Set plugin database path to: C:\ST\STM32CubeIDE_1.18.0\STM32CubeIDE\plugins\com.st.stm32cube.common.mx_6.14.0.202502271554\\db\/plugins/boardmanager/
2025-07-13 14:12:48,046 [INFO] ApiDb:261 - Set plugin images path to: C:\ST\STM32CubeIDE_1.18.0\STM32CubeIDE\plugins\com.st.stm32cube.common.mx_6.14.0.202502271554\\db\/plugins/mcufinder/images/
2025-07-13 14:12:48,047 [WARN] DbFile:41 - Overriding database path with different value: C:\Users\Alireza\.stmcufinder\plugins\mcufinder/ => C:\Users\Alireza\.stmcufinder\plugins\mcufinder
2025-07-13 14:12:48,047 [INFO] ApiDb:250 - Set database path to: C:\Users\Alireza\.stmcufinder\plugins\mcufinder//mcu/
2025-07-13 14:12:48,047 [WARN] DbFile:41 - Overriding database path with different value: C:\Users\Alireza\.stmcufinder\plugins\mcufinder/ => C:\Users\Alireza\.stmcufinder\plugins\mcufinder
2025-07-13 14:12:48,047 [INFO] DbMcusAds:125 - Set database path to: C:\Users\Alireza\.stmcufinder\plugins\mcufinder//mcu/
2025-07-13 14:12:48,047 [WARN] DbFile:41 - Overriding database path with different value: C:\Users\Alireza\.stmcufinder\plugins\mcufinder/ => C:\Users\Alireza\.stmcufinder\plugins\mcufinder
2025-07-13 14:12:48,047 [WARN] DbFile:41 - Overriding database path with different value: C:\Users\Alireza\.stmcufinder\plugins\mcufinder/ => C:\Users\Alireza\.stmcufinder\plugins\mcufinder
2025-07-13 14:12:48,047 [INFO] CrossReferenceDbSqlite:203 - Set database path to: C:\Users\Alireza\.stmcufinder\plugins\mcufinder//mcu/cs/
2025-07-13 14:12:48,066 [INFO] ApplicationProperties:184 - Using Application install path: C:\ST\STM32CubeIDE_1.18.0\STM32CubeIDE\plugins\com.st.stm32cube.common.mx_6.14.0.202502271554
2025-07-13 14:12:48,068 [INFO] PluginManage:196 - Search for loadable plugins [exclusion list=, ]
2025-07-13 14:12:48,070 [INFO] PluginManage:310 - Check plugin analytics
2025-07-13 14:12:48,267 [INFO] AnalyticsPlugin:253 - Accepted Software Licenses: STM32CubeMX.6.13.0
2025-07-13 14:12:48,268 [INFO] AnalyticsPlugin:255 - Accepted CMSIS Pack Licenses: 
2025-07-13 14:12:48,268 [INFO] AnalyticsPlugin:257 - Accepted Firmware Licenses: FW.F4.1.28.0
2025-07-13 14:12:48,270 [INFO] PluginManage:359 - Loaded plugin analytics (category:tool,tabindex:-1)
2025-07-13 14:12:48,270 [INFO] PluginManage:310 - Check plugin cadmodel
2025-07-13 14:12:48,275 [INFO] CADModel:105 - Init CAD model plugin
2025-07-13 14:12:48,275 [INFO] PluginManage:359 - Loaded plugin cadmodel (category:power,tabindex:5)
2025-07-13 14:12:48,275 [INFO] PluginManage:310 - Check plugin clock
2025-07-13 14:12:48,284 [INFO] PluginManage:359 - Loaded plugin clock (category:base,tabindex:2)
2025-07-13 14:12:48,284 [INFO] PluginManage:310 - Check plugin ddr
2025-07-13 14:12:48,287 [INFO] PluginManage:359 - Loaded plugin ddr (category:tool,tabindex:6)
2025-07-13 14:12:48,287 [INFO] PluginManage:310 - Check plugin filemanager
2025-07-13 14:12:48,454 [INFO] PluginManage:359 - Loaded plugin filemanager (category:base,tabindex:10)
2025-07-13 14:12:48,454 [INFO] PluginManage:310 - Check plugin ipmanager
2025-07-13 14:12:48,462 [INFO] PluginManage:359 - Loaded plugin ipmanager (category:base,tabindex:5)
2025-07-13 14:12:48,463 [INFO] PluginManage:310 - Check plugin lpbam
2025-07-13 14:12:48,473 [INFO] PluginManage:359 - Loaded plugin lpbam (category:base,tabindex:0)
2025-07-13 14:12:48,473 [INFO] PluginManage:310 - Check plugin memorymap
2025-07-13 14:12:48,495 [INFO] PluginManage:359 - Loaded plugin memorymap (category:base,tabindex:4)
2025-07-13 14:12:48,495 [INFO] PluginManage:310 - Check plugin pinoutandconfiguration
2025-07-13 14:12:48,508 [INFO] PluginManage:359 - Loaded plugin pinoutandconfiguration (category:base,tabindex:1)
2025-07-13 14:12:48,508 [INFO] PluginManage:310 - Check plugin pinoutconfig
2025-07-13 14:12:48,605 [WARN] SupportedApi:132 - Cannot load RTOS API schema: s4s-elt-must-match.1: The content of 'definitions' must match (annotation?, (simpleType | complexType)?, (unique | key | keyref)*)). A problem was found starting at: attribute.
2025-07-13 14:12:48,779 [INFO] PluginManage:359 - Loaded plugin pinoutconfig (category:base,tabindex:0)
2025-07-13 14:12:48,779 [INFO] PluginManage:310 - Check plugin power
2025-07-13 14:12:48,791 [INFO] PluginManage:359 - Loaded plugin power (category:power,tabindex:4)
2025-07-13 14:12:48,791 [INFO] PluginManage:310 - Check plugin projectmanager
2025-07-13 14:12:48,807 [INFO] PluginManage:359 - Loaded plugin projectmanager (category:projectmanager,tabindex:4)
2025-07-13 14:12:48,807 [INFO] PluginManage:310 - Check plugin rif
2025-07-13 14:12:48,815 [INFO] PluginManage:359 - Loaded plugin rif (category:base,tabindex:3)
2025-07-13 14:12:48,815 [INFO] PluginManage:310 - Check plugin thirdparty
2025-07-13 14:12:48,976 [INFO] PluginManage:359 - Loaded plugin thirdparty (category:base,tabindex:-1)
2025-07-13 14:12:48,976 [WARN] IntegrityCheckThread:84 - waiting for thirdparty lock release [integrity check]
2025-07-13 14:12:48,976 [INFO] PluginManage:310 - Check plugin tools
2025-07-13 14:12:48,976 [INFO] IntegrityCheckThread:86 - entering critical section [integrity check]
2025-07-13 14:12:48,977 [INFO] ThirdPartyUpdaterWithRetryManager:70 - Updater plugin not ready yet. [1/15]
2025-07-13 14:12:48,979 [INFO] PluginManage:359 - Loaded plugin tools (category:base,tabindex:7)
2025-07-13 14:12:48,979 [INFO] PluginManage:310 - Check plugin tutovideos
2025-07-13 14:12:49,219 [ERROR] ConfigurationRetriever:142 - IOException on connection: Connect timed out
2025-07-13 14:12:49,240 [INFO] PluginManage:359 - Loaded plugin tutovideos (category:base,tabindex:-1)
2025-07-13 14:12:49,240 [INFO] PluginManage:310 - Check plugin updater
2025-07-13 14:12:49,271 [INFO] PluginManage:359 - Loaded plugin updater (category:base,tabindex:12)
2025-07-13 14:12:49,271 [INFO] PluginManage:310 - Check plugin userauth
2025-07-13 14:12:49,276 [INFO] UserAuth:118 - Init User Auth plugin
2025-07-13 14:12:49,277 [INFO] PluginManage:359 - Loaded plugin userauth (category:base,tabindex:14)
2025-07-13 14:12:49,277 [INFO] PluginManage:283 - PluginManage : Loaded plugins [18]
2025-07-13 14:12:49,498 [INFO] PinOutPanel:1589 - setPackage(No Configuration,No Configuration)
2025-07-13 14:12:49,575 [INFO] CADModel:165 - CPN selected for project level
2025-07-13 14:12:49,576 [INFO] CADModel:114 - Register for checkConnection events
2025-07-13 14:12:49,596 [INFO] IPUIPlugin:80 - create IPUIPlugin
2025-07-13 14:12:49,596 [INFO] PluginManager:220 - loadIPPluginJar : add adc
2025-07-13 14:12:49,599 [INFO] IPUIPlugin:80 - create IPUIPlugin
2025-07-13 14:12:49,599 [INFO] PluginManager:220 - loadIPPluginJar : add aes
2025-07-13 14:12:49,602 [INFO] IPUIPlugin:80 - create IPUIPlugin
2025-07-13 14:12:49,602 [INFO] PluginManager:220 - loadIPPluginJar : add can
2025-07-13 14:12:49,604 [INFO] IPUIPlugin:80 - create IPUIPlugin
2025-07-13 14:12:49,604 [INFO] PluginManager:220 - loadIPPluginJar : add comp
2025-07-13 14:12:49,606 [INFO] IPUIPlugin:80 - create IPUIPlugin
2025-07-13 14:12:49,606 [INFO] PluginManager:220 - loadIPPluginJar : add cryp
2025-07-13 14:12:49,610 [INFO] IPUIPlugin:80 - create IPUIPlugin
2025-07-13 14:12:49,610 [INFO] PluginManager:220 - loadIPPluginJar : add ddr_ctrl_phy
2025-07-13 14:12:49,612 [INFO] IPUIPlugin:80 - create IPUIPlugin
2025-07-13 14:12:49,612 [INFO] PluginManager:220 - loadIPPluginJar : add dfsdm
2025-07-13 14:12:49,617 [INFO] IPUIPlugin:80 - create IPUIPlugin
2025-07-13 14:12:49,618 [INFO] PluginManager:220 - loadIPPluginJar : add dma
2025-07-13 14:12:49,620 [INFO] IPUIPlugin:80 - create IPUIPlugin
2025-07-13 14:12:49,620 [INFO] PluginManager:220 - loadIPPluginJar : add dma3
2025-07-13 14:12:49,623 [INFO] IPUIPlugin:80 - create IPUIPlugin
2025-07-13 14:12:49,623 [INFO] PluginManager:220 - loadIPPluginJar : add extmemmanager
2025-07-13 14:12:49,624 [INFO] IPUIPlugin:80 - create IPUIPlugin
2025-07-13 14:12:49,624 [INFO] PluginManager:220 - loadIPPluginJar : add fatfs
2025-07-13 14:12:49,627 [INFO] IPUIPlugin:80 - create IPUIPlugin
2025-07-13 14:12:49,628 [INFO] PluginManager:220 - loadIPPluginJar : add fmc
2025-07-13 14:12:49,635 [INFO] IPUIPlugin:80 - create IPUIPlugin
2025-07-13 14:12:49,636 [INFO] PluginManager:220 - loadIPPluginJar : add freertos
2025-07-13 14:12:49,638 [INFO] IPUIPlugin:80 - create IPUIPlugin
2025-07-13 14:12:49,638 [INFO] PluginManager:220 - loadIPPluginJar : add genericplugin
2025-07-13 14:12:49,641 [INFO] IPUIPlugin:80 - create IPUIPlugin
2025-07-13 14:12:49,641 [INFO] PluginManager:220 - loadIPPluginJar : add gfxmmu
2025-07-13 14:12:49,645 [INFO] IPUIPlugin:80 - create IPUIPlugin
2025-07-13 14:12:49,645 [INFO] PluginManager:220 - loadIPPluginJar : add gic
2025-07-13 14:12:49,650 [INFO] IPUIPlugin:80 - create IPUIPlugin
2025-07-13 14:12:49,650 [INFO] PluginManager:220 - loadIPPluginJar : add gpio
2025-07-13 14:12:49,653 [INFO] IPUIPlugin:80 - create IPUIPlugin
2025-07-13 14:12:49,653 [INFO] PluginManager:220 - loadIPPluginJar : add gtzc
2025-07-13 14:12:49,655 [INFO] IPUIPlugin:80 - create IPUIPlugin
2025-07-13 14:12:49,655 [INFO] PluginManager:220 - loadIPPluginJar : add hash
2025-07-13 14:12:49,658 [INFO] IPUIPlugin:80 - create IPUIPlugin
2025-07-13 14:12:49,658 [INFO] PluginManager:220 - loadIPPluginJar : add i2c
2025-07-13 14:12:49,660 [INFO] IPUIPlugin:80 - create IPUIPlugin
2025-07-13 14:12:49,660 [INFO] PluginManager:220 - loadIPPluginJar : add i2s
2025-07-13 14:12:49,663 [INFO] IPUIPlugin:80 - create IPUIPlugin
2025-07-13 14:12:49,664 [INFO] PluginManager:220 - loadIPPluginJar : add i3c
2025-07-13 14:12:49,667 [INFO] IPUIPlugin:80 - create IPUIPlugin
2025-07-13 14:12:49,667 [INFO] PluginManager:220 - loadIPPluginJar : add ipddr
2025-07-13 14:12:49,673 [INFO] IPUIPlugin:80 - create IPUIPlugin
2025-07-13 14:12:49,673 [INFO] PluginManager:220 - loadIPPluginJar : add linkedlist
2025-07-13 14:12:49,676 [INFO] IPUIPlugin:80 - create IPUIPlugin
2025-07-13 14:12:49,676 [INFO] PluginManager:220 - loadIPPluginJar : add lorawan
2025-07-13 14:12:49,678 [INFO] IPUIPlugin:80 - create IPUIPlugin
2025-07-13 14:12:49,678 [INFO] PluginManager:220 - loadIPPluginJar : add ltdc
2025-07-13 14:12:49,682 [INFO] IPUIPlugin:80 - create IPUIPlugin
2025-07-13 14:12:49,682 [INFO] PluginManager:220 - loadIPPluginJar : add mdma
2025-07-13 14:12:49,686 [INFO] IPUIPlugin:80 - create IPUIPlugin
2025-07-13 14:12:49,686 [INFO] PluginManager:220 - loadIPPluginJar : add nvic
2025-07-13 14:12:49,689 [INFO] IPUIPlugin:80 - create IPUIPlugin
2025-07-13 14:12:49,689 [INFO] PluginManager:220 - loadIPPluginJar : add opamp
2025-07-13 14:12:49,692 [INFO] IPUIPlugin:80 - create IPUIPlugin
2025-07-13 14:12:49,692 [INFO] PluginManager:220 - loadIPPluginJar : add openamp
2025-07-13 14:12:49,695 [INFO] IPUIPlugin:80 - create IPUIPlugin
2025-07-13 14:12:49,695 [INFO] PluginManager:220 - loadIPPluginJar : add pdm2pcm
2025-07-13 14:12:49,699 [INFO] IPUIPlugin:80 - create IPUIPlugin
2025-07-13 14:12:49,702 [INFO] PluginManager:220 - loadIPPluginJar : add plateformsettings
2025-07-13 14:12:49,704 [INFO] IPUIPlugin:80 - create IPUIPlugin
2025-07-13 14:12:49,704 [INFO] PluginManager:220 - loadIPPluginJar : add quadspi
2025-07-13 14:12:49,706 [INFO] IPUIPlugin:80 - create IPUIPlugin
2025-07-13 14:12:49,706 [INFO] PluginManager:220 - loadIPPluginJar : add radio
2025-07-13 14:12:49,710 [INFO] IPUIPlugin:80 - create IPUIPlugin
2025-07-13 14:12:49,710 [INFO] PluginManager:220 - loadIPPluginJar : add resmgrutility
2025-07-13 14:12:49,712 [INFO] IPUIPlugin:80 - create IPUIPlugin
2025-07-13 14:12:49,712 [INFO] PluginManager:220 - loadIPPluginJar : add sai
2025-07-13 14:12:49,714 [INFO] IPUIPlugin:80 - create IPUIPlugin
2025-07-13 14:12:49,715 [INFO] PluginManager:220 - loadIPPluginJar : add spi
2025-07-13 14:12:49,722 [INFO] IPUIPlugin:80 - create IPUIPlugin
2025-07-13 14:12:49,722 [INFO] PluginManager:220 - loadIPPluginJar : add stm32_wpan
2025-07-13 14:12:49,724 [INFO] IPUIPlugin:80 - create IPUIPlugin
2025-07-13 14:12:49,724 [INFO] PluginManager:220 - loadIPPluginJar : add tim
2025-07-13 14:12:49,726 [INFO] IPUIPlugin:80 - create IPUIPlugin
2025-07-13 14:12:49,726 [INFO] PluginManager:220 - loadIPPluginJar : add touchsensing
2025-07-13 14:12:49,728 [INFO] IPUIPlugin:80 - create IPUIPlugin
2025-07-13 14:12:49,728 [INFO] PluginManager:220 - loadIPPluginJar : add tracer_emb
2025-07-13 14:12:49,730 [INFO] IPUIPlugin:80 - create IPUIPlugin
2025-07-13 14:12:49,730 [INFO] PluginManager:220 - loadIPPluginJar : add ts
2025-07-13 14:12:49,731 [INFO] IPUIPlugin:80 - create IPUIPlugin
2025-07-13 14:12:49,732 [INFO] PluginManager:220 - loadIPPluginJar : add tsc
2025-07-13 14:12:49,734 [INFO] IPUIPlugin:80 - create IPUIPlugin
2025-07-13 14:12:49,734 [INFO] PluginManager:220 - loadIPPluginJar : add ucpd
2025-07-13 14:12:49,736 [INFO] IPUIPlugin:80 - create IPUIPlugin
2025-07-13 14:12:49,736 [INFO] PluginManager:220 - loadIPPluginJar : add usart
2025-07-13 14:12:49,739 [INFO] IPUIPlugin:80 - create IPUIPlugin
2025-07-13 14:12:49,740 [INFO] PluginManager:220 - loadIPPluginJar : add usbx
2025-07-13 14:12:49,855 [FATAL] Updater:351 - Updater called before beeing initialized
2025-07-13 14:12:49,883 [INFO] RulesReader:64 - Compatibility file has been processed (301 Rules)
2025-07-13 14:12:49,894 [INFO] RulesReader:64 - Compatibility file has been processed (301 Rules)
2025-07-13 14:12:49,901 [INFO] CADModel:165 - CPN selected for project level
2025-07-13 14:12:49,901 [INFO] CADModel:114 - Register for checkConnection events
2025-07-13 14:12:49,901 [FATAL] Updater:351 - Updater called before beeing initialized
2025-07-13 14:12:49,901 [ERROR] CADModel:125 - Updater not yet initialized, retry later 
2025-07-13 14:12:50,057 [FATAL] Updater:351 - Updater called before beeing initialized
2025-07-13 14:12:50,060 [INFO] CADModel:165 - CPN selected for project level
2025-07-13 14:12:50,060 [INFO] CADModel:114 - Register for checkConnection events
2025-07-13 14:12:50,060 [FATAL] Updater:351 - Updater called before beeing initialized
2025-07-13 14:12:50,060 [ERROR] CADModel:125 - Updater not yet initialized, retry later 
2025-07-13 14:12:50,064 [FATAL] Updater:351 - Updater called before beeing initialized
2025-07-13 14:12:50,197 [FATAL] Updater:351 - Updater called before beeing initialized
2025-07-13 14:12:50,202 [INFO] DbMcusAds:53 - JSON generation date=Wed May 07 12:37:55 IRST 2025 (1746608875484)
2025-07-13 14:12:50,202 [FATAL] Updater:351 - Updater called before beeing initialized
2025-07-13 14:12:50,234 [WARN] DetailPanel:346 - Failed to get advertising image, set to default
2025-07-13 14:12:50,435 [FATAL] Updater:351 - Updater called before beeing initialized
2025-07-13 14:12:50,437 [FATAL] Updater:351 - Updater called before beeing initialized
2025-07-13 14:12:50,437 [FATAL] Updater:351 - Updater called before beeing initialized
2025-07-13 14:12:50,437 [WARN] DetailPanel:346 - Failed to get advertising image, set to default
2025-07-13 14:12:50,438 [FATAL] Updater:351 - Updater called before beeing initialized
2025-07-13 14:12:50,485 [ERROR] Updater:1198 - MainUpdater not yet initialized. External WinMGr cannot be set.
2025-07-13 14:12:50,488 [INFO] Updater:1134 - Updater Version found : 6.14.0
2025-07-13 14:12:50,501 [INFO] ApplicationProperties:184 - Using Application install path: C:\ST\STM32CubeIDE_1.18.0\STM32CubeIDE\plugins\com.st.stm32cube.common.mx_6.14.0.202502271554
2025-07-13 14:12:51,221 [ERROR] ConfigurationRetriever:142 - IOException on connection: Connect timed out
2025-07-13 14:12:51,978 [INFO] ThirdPartyUpdaterWithRetryManager:70 - Updater plugin not ready yet. [2/15]
2025-07-13 14:12:52,998 [ERROR] CheckConnectionManager:249 - Problem, Http access forbiden
2025-07-13 14:12:53,001 [INFO] MainUpdater:2872 - connection check result : 22
2025-07-13 14:12:53,002 [INFO] MainUpdater:289 - Updater Check For Update Now.
2025-07-13 14:12:53,002 [INFO] MicroXplorer:498 - Change Database Version : DB.6.0.140
2025-07-13 14:12:53,016 [INFO] McuFinderGlobals:63 - Set McuFinder mode to 2 (CubeIDE integrated)
2025-07-13 14:12:53,017 [INFO] UserAuth:486 - Internet connection configuration mode: 2
2025-07-13 14:12:53,022 [INFO] UserAuth:486 - Internet connection configuration mode: 2
2025-07-13 14:12:53,175 [INFO] CheckServerUpdateThread:120 - End of CheckServer Thread
2025-07-13 14:12:53,224 [ERROR] ConfigurationRetriever:142 - IOException on connection: Connect timed out
2025-07-13 14:12:53,272 [ERROR] ConfigurationRetriever:142 - IOException on connection: Connect timed out
2025-07-13 14:12:55,157 [WARN] PackLoader:240 - Cannot read IP mode file for STMicroelectronics.FP-SNS-MOTENVWB1.1.4.0
2025-07-13 14:12:55,163 [WARN] PackLoader:240 - Cannot read IP mode file for STMicroelectronics.FP-ATR-ASTRA1.2.0.2
2025-07-13 14:12:55,171 [WARN] PackLoader:240 - Cannot read IP mode file for STMicroelectronics.X-CUBE-SMBUS.2.1.0
2025-07-13 14:12:55,175 [WARN] PackLoader:240 - Cannot read IP mode file for STMicroelectronics.X-CUBE-ST60.1.0.0
2025-07-13 14:12:55,197 [WARN] PackLoader:240 - Cannot read IP mode file for STMicroelectronics.X-CUBE-AZRTOS-F7.1.1.0
2025-07-13 14:12:55,216 [WARN] PackLoader:240 - Cannot read IP mode file for Infineon.AIROC-Wi-Fi-Bluetooth-STM32.1.7.0
2025-07-13 14:12:55,225 [WARN] PackLoader:240 - Cannot read IP mode file for STMicroelectronics.X-CUBE-DISPLAY.3.0.0
2025-07-13 14:12:55,235 [WARN] PackLoader:240 - Cannot read IP mode file for STMicroelectronics.X-CUBE-NFC10.1.0.0
2025-07-13 14:12:55,244 [WARN] PackLoader:240 - Cannot read IP mode file for STMicroelectronics.X-CUBE-BLEMGR.4.0.0
2025-07-13 14:12:55,250 [WARN] PackLoader:240 - Cannot read IP mode file for emotas.I-CUBE-CANOPEN.1.3.0
2025-07-13 14:12:55,254 [WARN] ConditionMgr:438 - getConditionDescription Invalid condition id : Cortex-A Device cause : null
2025-07-13 14:12:55,262 [WARN] ConditionMgr:1044 - genDependencies : Invalid condition id : Cortex-A Device cause : null
2025-07-13 14:12:55,262 [WARN] ConditionMgr:1044 - genDependencies : Invalid condition id : Cortex-A Device cause : null
2025-07-13 14:12:55,262 [WARN] ConditionMgr:1044 - genDependencies : Invalid condition id : Cortex-A Device cause : null
2025-07-13 14:12:55,265 [WARN] PackLoader:240 - Cannot read IP mode file for STMicroelectronics.X-CUBE-AI.10.0.0
2025-07-13 14:12:55,269 [WARN] PackLoader:240 - Cannot read IP mode file for STMicroelectronics.FP-SNS-SMARTAG2.1.2.0
2025-07-13 14:12:55,273 [WARN] PackLoader:240 - Cannot read IP mode file for STMicroelectronics.FP-SNS-FLIGHT1.5.1.0
2025-07-13 14:12:55,280 [INFO] LogOutputStream:77 - [STDOUT_REDIRECT] 1 : Invalid condition id : UX_CORESTACK_Condition cause : null
2025-07-13 14:12:55,280 [INFO] LogOutputStream:77 - [STDOUT_REDIRECT] 1 : Invalid condition id : UX_CORESTACK_Condition cause : null
2025-07-13 14:12:55,281 [INFO] LogOutputStream:77 - [STDOUT_REDIRECT] 1 : Invalid condition id : UX_CORESTACK_Condition cause : null
2025-07-13 14:12:55,281 [INFO] LogOutputStream:77 - [STDOUT_REDIRECT] 1 : Invalid condition id : UX_CORESTACK_Condition cause : null
2025-07-13 14:12:55,282 [INFO] LogOutputStream:77 - [STDOUT_REDIRECT] 1 : Invalid condition id : UX_CORESTACK_Condition cause : null
2025-07-13 14:12:55,284 [WARN] PackLoader:240 - Cannot read IP mode file for STMicroelectronics.X-CUBE-AZRTOS-WL.2.0.0
2025-07-13 14:12:55,288 [WARN] PackLoader:240 - Cannot read IP mode file for STMicroelectronics.FP-SNS-MOTENV1.5.0.0
2025-07-13 14:12:55,294 [WARN] PackLoader:240 - Cannot read IP mode file for WES.I-CUBE-Cesium.1.3.0
2025-07-13 14:12:55,297 [WARN] PackLoader:240 - Cannot read IP mode file for STMicroelectronics.X-CUBE-BLE2.3.3.0
2025-07-13 14:12:55,313 [WARN] PackLoader:240 - Cannot read IP mode file for STMicroelectronics.X-CUBE-NFC9.1.0.0
2025-07-13 14:12:55,318 [WARN] PackLoader:240 - Cannot read IP mode file for STMicroelectronics.X-CUBE-BLE1.7.1.0
2025-07-13 14:12:55,321 [WARN] PackLoader:240 - Cannot read IP mode file for wolfSSL.I-CUBE-wolfMQTT.1.19.2
2025-07-13 14:12:55,323 [WARN] PackLoader:240 - Cannot read IP mode file for STMicroelectronics.X-CUBE-AI.10.1.0
2025-07-13 14:12:55,360 [WARN] PackLoader:240 - Cannot read IP mode file for STMicroelectronics.X-CUBE-MEMS1.11.2.0
2025-07-13 14:12:55,479 [WARN] PackLoader:240 - Cannot read IP mode file for STMicroelectronics.X-CUBE-AZRTOS-G0.1.1.0
2025-07-13 14:12:55,488 [WARN] PackLoader:240 - Cannot read IP mode file for STMicroelectronics.X-CUBE-SAFEA1.1.2.2
2025-07-13 14:12:55,494 [WARN] PackLoader:240 - Cannot read IP mode file for STMicroelectronics.X-CUBE-NFC4.3.0.0
2025-07-13 14:12:55,503 [WARN] PackLoader:240 - Cannot read IP mode file for EmbeddedOffice.I-CUBE-FS-RTOS.1.0.1
2025-07-13 14:12:55,509 [WARN] PackLoader:240 - Cannot read IP mode file for STMicroelectronics.X-CUBE-WB05N.2.0.0
2025-07-13 14:12:55,513 [WARN] PackLoader:240 - Cannot read IP mode file for wolfSSL.I-CUBE-wolfTPM.3.8.0
2025-07-13 14:12:55,517 [WARN] PackLoader:240 - Cannot read IP mode file for STMicroelectronics.X-CUBE-TCPP.4.2.0
2025-07-13 14:12:55,523 [WARN] PackLoader:240 - Cannot read IP mode file for RealThread.X-CUBE-RT-Thread_Nano.4.1.1
2025-07-13 14:12:55,527 [WARN] PackLoader:240 - Cannot read IP mode file for STMicroelectronics.FP-ATR-SIGFOX1.3.2.0
2025-07-13 14:12:55,531 [WARN] PackLoader:240 - Cannot read IP mode file for STMicroelectronics.X-CUBE-EEPRMA1.5.1.0
2025-07-13 14:12:55,535 [WARN] PackLoader:240 - Cannot read IP mode file for wolfSSL.I-CUBE-wolfSSL.5.7.6
2025-07-13 14:12:55,539 [WARN] PackLoader:240 - Cannot read IP mode file for ITTIA_DB.I-CUBE-ITTIADB.8.9.0
2025-07-13 14:12:55,583 [WARN] PackLoader:240 - Cannot read IP mode file for SEGGER.I-CUBE-embOS.1.3.1
2025-07-13 14:12:55,622 [WARN] PackLoader:240 - Cannot read IP mode file for STMicroelectronics.X-CUBE-ALGOBUILD.1.4.0
2025-07-13 14:12:55,634 [WARN] PackLoader:240 - Cannot read IP mode file for STMicroelectronics.X-CUBE-AZRTOS-F4.1.1.0
2025-07-13 14:12:55,638 [WARN] PackLoader:240 - Cannot read IP mode file for Avnet-IotConnect.X-CUBE-IoTC-DA16k-PMOD.1.0.0
2025-07-13 14:12:55,640 [WARN] PackLoader:240 - Cannot read IP mode file for STMicroelectronics.X-CUBE-ISPU.2.1.0
2025-07-13 14:12:55,649 [WARN] PackLoader:240 - Cannot read IP mode file for STMicroelectronics.X-CUBE-AZRTOS-L5.2.0.0
2025-07-13 14:12:55,656 [WARN] PackLoader:240 - Cannot read IP mode file for STMicroelectronics.X-CUBE-NFC6.3.1.0
2025-07-13 14:12:55,663 [WARN] PackLoader:240 - Cannot read IP mode file for STMicroelectronics.X-CUBE-FREERTOS.1.3.1
2025-07-13 14:12:55,666 [WARN] PackLoader:240 - Cannot read IP mode file for STMicroelectronics.X-CUBE-FREERTOS.1.3.0
2025-07-13 14:12:55,670 [WARN] PackLoader:240 - Cannot read IP mode file for STMicroelectronics.X-CUBE-DPower.1.3.0
2025-07-13 14:12:55,681 [WARN] ConditionMgr:438 - getConditionDescription Invalid condition id : LAN8742 Phy interface Condition cause : null
2025-07-13 14:12:55,681 [WARN] PackLoader:240 - Cannot read IP mode file for STMicroelectronics.X-CUBE-AZRTOS-L4.2.0.0
2025-07-13 14:12:55,682 [WARN] ConditionMgr:1044 - genDependencies : Invalid condition id : LAN8742 Phy interface Condition cause : null
2025-07-13 14:12:55,682 [WARN] ConditionMgr:1044 - genDependencies : Invalid condition id : LAN8742 Phy interface Condition cause : null
2025-07-13 14:12:55,682 [WARN] ConditionMgr:1044 - genDependencies : Invalid condition id : LAN8742 Phy interface Condition cause : null
2025-07-13 14:12:55,687 [WARN] PackLoader:240 - Cannot read IP mode file for STMicroelectronics.X-CUBE-SFXS2LP1.4.0.0
2025-07-13 14:12:55,698 [WARN] PackLoader:240 - Cannot read IP mode file for STMicroelectronics.X-CUBE-AZRTOS-H7.3.3.0
2025-07-13 14:12:55,706 [WARN] ConditionMgr:438 - getConditionDescription Invalid condition id : UX DEVICE CLASS RTOS Condition cause : null
2025-07-13 14:12:55,706 [WARN] ConditionMgr:438 - getConditionDescription Invalid condition id : UX DEVICE CLASS RTOS Condition cause : null
2025-07-13 14:12:55,707 [WARN] PackLoader:240 - Cannot read IP mode file for STMicroelectronics.X-CUBE-AZRTOS-WB.2.0.0
2025-07-13 14:12:55,707 [WARN] ConditionMgr:1044 - genDependencies : Invalid condition id : UX DEVICE CLASS RTOS Condition cause : null
2025-07-13 14:12:55,707 [WARN] ConditionMgr:1044 - genDependencies : Invalid condition id : UX DEVICE CLASS RTOS Condition cause : null
2025-07-13 14:12:55,708 [WARN] ConditionMgr:1044 - genDependencies : Invalid condition id : UX DEVICE CLASS RTOS Condition cause : null
2025-07-13 14:12:55,708 [WARN] ConditionMgr:1044 - genDependencies : Invalid condition id : UX DEVICE CLASS RTOS Condition cause : null
2025-07-13 14:12:55,708 [WARN] ConditionMgr:1044 - genDependencies : Invalid condition id : UX DEVICE CLASS RTOS Condition cause : null
2025-07-13 14:12:55,712 [WARN] PackLoader:240 - Cannot read IP mode file for STMicroelectronics.X-CUBE-GNSS1.7.0.1
2025-07-13 14:12:55,717 [WARN] PackLoader:240 - Cannot read IP mode file for STMicroelectronics.X-CUBE-TOUCHGFX.4.25.0
2025-07-13 14:12:55,723 [WARN] PackLoader:240 - Cannot read IP mode file for STMicroelectronics.FP-SNS-STBOX1.2.0.0
2025-07-13 14:12:55,729 [WARN] PackLoader:240 - Cannot read IP mode file for STMicroelectronics.X-CUBE-SUBG2.5.0.0
2025-07-13 14:12:55,740 [WARN] PackLoader:240 - Cannot read IP mode file for STMicroelectronics.X-CUBE-AZRTOS-H7RS.1.1.0
2025-07-13 14:12:55,744 [WARN] PackLoader:240 - Cannot read IP mode file for Cesanta.I-CUBE-Mongoose.7.13.0
2025-07-13 14:12:55,753 [WARN] PackLoader:240 - Cannot read IP mode file for STMicroelectronics.X-CUBE-AZRTOS-G4.2.0.0
2025-07-13 14:12:55,757 [WARN] PackLoader:240 - Cannot read IP mode file for wolfSSL.I-CUBE-wolfSSH.1.4.20
2025-07-13 14:12:55,759 [WARN] PackLoader:240 - Cannot read IP mode file for STMicroelectronics.X-CUBE-NFC7.2.0.0
2025-07-13 14:12:55,766 [WARN] PackLoader:240 - Cannot read IP mode file for STMicroelectronics.X-CUBE-IPS.3.1.0
2025-07-13 14:12:55,772 [WARN] PackLoader:240 - Cannot read IP mode file for STMicroelectronics.X-CUBE-ALS.1.0.2
2025-07-13 14:12:55,776 [WARN] PackLoader:240 - Cannot read IP mode file for portGmbH.I-Cube-SoM-uGOAL.1.1.0
2025-07-13 14:12:55,782 [WARN] PackLoader:240 - Cannot read IP mode file for STMicroelectronics.X-CUBE-TOF1.3.4.3
2025-07-13 14:12:55,788 [INFO] ThirdParty:978 - Integrity check success = true
2025-07-13 14:12:55,788 [INFO] IntegrityCheckThread:100 - exiting critical section [integrity check]
2025-07-13 14:12:55,788 [INFO] IntegrityCheckThread:103 - End integrity checks thread
2025-07-13 14:12:58,273 [ERROR] ConfigurationRetriever:142 - IOException on connection: Connect timed out
2025-07-13 14:13:03,276 [ERROR] ConfigurationRetriever:142 - IOException on connection: Connect timed out
