Frame_Sequence,Timestamp_us,Timestamp_s,Event_Flag,Q_w,Q_x,Q_y,Q_z,Accel_X,Accel_Y,Accel_Z,Temperature_C
4294967295,116,0.000116,0x0,0.0,0.0,0.0,0.0,0.0,7.150670472430872e+22,7.990203843580107e-42,24458765008896.0
1543519440,1607576262234553321,1607576262234.5532,0x0,-242688.0,-7.568815195032901e-25,1.8200463544453364e-37,3373028406722560.0,1.4762354902543963e-15,-4.5189778708596944e+24,1.0862139015846275e-19,-2.9424298789902602e+23
269582396,6298286472025916,6298286472.025916,0x0,13755169636352.0,4.416498869242784e+32,8.867499449750725e-24,2.89869780574226e+35,-0.13505838811397552,-4380332723798016.0,-1.6834492816533833e+33,2.4555021308234163e-24
1007943040,24675695975383,24675695.975383,0x0,0.2083989381790161,-0.0032693238463252783,-0.009122591465711594,-0.9779958724975586,0.0068375114351511,0.026066187769174576,0.007451057434082031,38.108455657958984
1132477651,1620242638656453609,1620242638656.4536,0x0,-7.071333204165323e-39,-4.185764682690517e-29,1.1704914381488463e-12,4.069781817073336e+17,-8.641853417910642e+24,1.4873323453163987e+28,-2.365566088297184e+21,4.4328632223472665e+28
2554052409,14140139334044275529,14140139334044.275,0xaa,2.0882782582388187e-25,-2.6469779601696886e-23,-1.7726286216657172e-07,-1.363556156874779e-09,-2.0390696931146677e-17,1.7584471236675903e-38,-3225616121856.0,-5.586426266966566e-39
3212466629,4382107235633014066,4382107235633.014,0x0,2.545831555637623e-18,-3.650543624226693e-35,3.0828566215145976e-44,0.20863331854343414,-0.0036039992701262236,-0.008318339474499226,-0.9779519438743591,0.0038407500833272934
4073717820,6347764488843579,6347764488.843579,0x0,12921945980928.0,29006191656960.0,8.9140311559229e-38,2.9191830394419484e+35,-8.005292464924571e-38,-220776.921875,-28185845760.0,6.735227355600055e-24
1006046336,24868969528828,24868969.528828,0x0,0.20882129669189453,-0.0035289220977574587,-0.00831990409642458,-0.9779120683670044,0.004544534720480442,0.024842029437422752,0.00724339485168457,38.06053161621094
2852142283,1632909012608433098,1632909012608.433,0x0,-4.9173831939697266e-06,301801614082048.0,4.19301216126805e+33,2.0510277019631616e+16,-6.101224348725575e-34,2.3444890821633035e+24,1.5139597744944066e+23,-2.9424379854695894e+23
2983395388,6397242502445371,6397242502.445371,0x0,90076201615360.0,3.3626507413115735e+30,3.7081226814587483e-28,2.6612922013315174e+35,-6.844941946582139e-09,-109608060321792.0,-2.2575395632884465e-06,8.067993556867047e-25
1003319680,25062243019460,25062243.01946,0x0,0.20921121537685394,-0.0032960653770715,-0.008359787985682487,-0.9778291583061218,0.004837905056774616,0.025324760004878044,0.005288481712341309,37.96468734741211
2969582802,1645575385737083825,1645575385737.084,0x0,28.125,4.623934563149565e-14,-1.1040332258046675e+33,261707988992.0,233568160.0,2.905868299525587e+32,-0.00024459388805553317,0.12316109985113144
3212464545,4382786476117695144,4382786476117.695,0x0,-206612388118528.0,-5.594355184347539e+19,3.0828566215145976e-44,0.20950961112976074,-0.003971891012042761,-0.008626571856439114,-0.9777604937553406,0.004157780669629574
3033366588,6446720551423803,6446720551.423803,0x0,52064667303936.0,5529266028544.0,9.394589088162139e-38,2.7409513650498593e+35,-1.4782931111276124e-36,-709827.6875,-448826048512.0,1.103552804493712e-24
1003616512,25255516547780,25255516.54778,0x0,0.2086191326379776,-0.0035906373523175716,-0.008864568546414375,-0.9779502153396606,0.006196506321430206,0.025980355218052864,0.007446110248565674,37.72507095336914
1132477644,1658241758042471373,1658241758042.4714,0x0,-1.3624586956795388e+37,7.611457037565161e-13,7.261472521168466e-25,8.918430491335752e+21,-4.345013986663806e+19,10942425333760.0,1.1827827626736154e+21,-3.4858143389999985e-13
23,13501541648086435515,13501541648086.436,0x0,2.967646432748091e-28,1.3931855669113702e-09,3.978844082661193e-20,5.58794387320343e-39,-2.734080961630525e-09,3.7380699784997603e-32,3.2229864679470793e-44,0.20832742750644684
3212468535,4382350047316780112,4382350047316.7803,0x0,-751.0256958007812,5.980935005288893e-31,3.2229864679470793e-44,0.20810295641422272,-0.003132157726213336,-0.008222286589443684,-0.9780673384666443,0.005563968792557716
3273818172,6496198565025595,6496198565.025595,0x0,15777293926400.0,318993.9375,2.1450764378560733e-33,2.8878974226283157e+35,-0.00177248555701226,-671075.6875,-8.571138400964829e+23,1.4206875101670424e-24
1003061888,25448790126351,25448790.126351,0x0,0.20888826251029968,-0.0031026701908558607,-0.008026931434869766,-0.9779016375541687,0.005613812245428562,0.02419218420982361,0.007106125354766846,37.77299499511719
763378898,1670908131171122146,1670908131171.122,0x0,-7.335084749131074e-36,-225699168.0,1.6222004757360092e+27,1759381632.0,48319.4765625,-5.2537845736078716e-33,-4202087.5,-1.2116600099228877e+17
35668028,6545676588275516,6545676588.275516,0x0,167233141604352.0,1948136767488000.0,4.442981502094756e-35,2.5867036400140884e+35,-5.256053741307277e-22,-3180149504.0,9.135067060357648e-28,1.1035529031013252e-24
1004223232,25642063604420,25642063.60442,0x0,0.21007682383060455,-0.003109600627794862,-0.008145042695105076,-0.977645993232727,0.004914836958050728,0.0250052772462368,0.008696973323822021,37.91676330566406
3590339795,1683574507593022477,1683574507593.0225,0x0,8.67992639541626e-07,1.8922962035690312e+34,-33223363002368.0,2699.755126953125,-2.3186213443731456e+16,4.1978736673863754e+24,8.287160316974272e-25,-3.485824096819551e-13
3124452452,14140168614983812024,14140168614983.81,0xaa,7.310795556229344e-25,-2097152.0,-3.665811753007539e-32,-3.3262699235606097e-13,-2.908905973477162e+28,0.023373737931251526,-5.941108780139545e+31,5.579726659008629e-39
3212460952,4380063707373305788,4380063707373.3057,0x0,-751.9187622070312,9.16575622581393e+23,3.2229864679470793e-44,0.21024064719676971,-0.003116920357570052,-0.007985335774719715,-0.9776120781898499,0.004231713712215424
4220452924,6595154598661179,6595154598.661179,0x0,372339304824832.0,10220271616.0,6.644442213965262e-35,2.4855958281398848e+35,-6.027483633735953e-12,-5910.02880859375,-1.9141640120324947e+32,1.4206875101670424e-24
1005101440,25835337132740,25835337.13274,0x0,0.21097861230373383,-0.003426305716857314,-0.007666018325835466,-0.9774546027183533,0.003652920015156269,0.024459216743707657,0.006610751152038574,38.06053161621094
3951689728,1500186098390416983,1500186098390.417,0x0,2.442140765564061e+35,1.0729225546773866e+33,-1184007.375,3.8938418526803993e-38,2.4555023280386426e-24,2.160737772259509e-39,-1.0176901842728262e+37,-1.9449712225428725e-29
1610628299,1696240879075081181,1696240879075.0813,0x0,1.3010426069826053e-17,-3.331441716815312e+31,1.1622006690359399e-09,0.00010000920883612707,-8.063344212323908e+23,-251118.53125,0.12523187696933746,-3.4858029548771874e-13
74186812,6644632631559228,6644632631.559228,0x0,46632607416320.0,-4.721871726821856e-34,6.2922760628894915e-30,2.7460219674507722e+35,-1.813898753596626e-25,-8400450093056.0,-1.1188694748758016e+16,1.103552804493712e-24
1007005696,26028610723874,26028610.723874,0x0,0.2087290734052658,-0.003668987425044179,-0.008176762610673904,-0.9779324531555176,0.0039019128307700157,0.02499379590153694,0.007545888423919678,38.06053161621094
3036691661,1708907253027060719,1708907253027.0608,0x0,-1191182336.0,-5.886617513934846e-29,-2.9938728921793988e-15,2352681616146432.0,-9042782208.0,2.594043359762329e-38,-4.960942798767461e+27,0.12316077947616577
56852540,6694110658025276,6694110658.025276,0x0,23078469894144.0,17044642725888.0,1.605289431958479e-33,2.8415521166839716e+35,-5.19508683450655e-20,-1635015.375,-815107.75,2.4555021308234163e-24
1004975104,26221884189380,26221884.18938,0x0,0.20855435729026794,-0.003021548269316554,-0.008287941105663776,-0.9779710173606873,0.005245829001069069,0.023893311619758606,0.0055876970291137695,37.868839263916016
3892329668,1721573627802368948,1721573627802.3691,0x0,-0.0004863739013671875,1.5291831232389086e-06,2.395158952699864e-18,5690532630102016.0,6.6150947566900875e-12,5.195269128094315e-13,-5.91391099861831e+20,-1.2116551995595162e+17
1077666452,14140102253444123993,14140102253444.125,0xaa,1.5073955509948625e-24,-8388608.0,-199582224.0,-95911.8671875,-4.4411368622666884e+23,-4.949585870799382e-24,-3228199813120.0,5.5841589660512885e-39
3212463920,4382071209453049596,4382071209453.0493,0x0,-750.8186645507812,-1.5017175000373542e+28,3.2229864679470793e-44,0.2094273716211319,-0.0032173178624361753,-0.008858080953359604,-0.9777787923812866,0.0063313450664281845
3049947196,6743588678059067,6743588678.059067,0x0,66854387187712.0,246642868224.0,1.51615778586573e-30,2.6984090109062e+35,-11697006837760.0,-1353.0072021484375,-4.232750692371827e-15,2.4555021308234163e-24
1003312640,26415157717700,26415157.7177,0x0,0.20943333208560944,-0.0034340417478233576,-0.008109062910079956,-0.9777832627296448,0.0044096410274505615,0.024821586906909943,0.006014466285705566,37.96468734741211
83901641,1734240000107690963,1734240000107.691,0x0,2.3980084756774665e-35,7.522315665715132e-26,-9.377745300298557e-07,203504.0625,-2.2123144749851244e+27,6.951512544151725e-18,2.0232312955550817e-28,-3.4858148811010847e-13
3575382076,6793066691660859,6793066691.660859,0x0,67739150450688.0,14404580016128.0,1.2716199421832993e-33,2.6983583048821908e+35,-1.3703176200902719e-14,-53751020.0,-841817522176.0,8.067993556867047e-25
1002408320,26608431246020,26608431.24602,0x0,0.2096404731273651,-0.003335040993988514,-0.008588521741330624,-0.9777351021766663,0.005874793976545334,0.024893084540963173,0.006456434726715088,37.91676330566406
310394048,1746906380646169545,1746906380646.1697,0x0,2.4672520198586525e+20,3821788064645120.0,1.5193823617732397e+21,47173349376.0,9.890493402053835e-07,2.3562577873537625e-14,-4.844670125460596e+24,0.12316125631332397
3212464123,4380451852159037884,4380451852159.038,0x0,-206532914446336.0,198751.421875,3.363116314379561e-44,0.20934449136257172,-0.003029773011803627,-0.008253317326307297,-0.9778024554252625,0.005411246791481972
3135766588,6842544734207035,6842544734.207035,0x0,92824980684800.0,1.9913736126988288e+18,2.0509171730374988e-32,2.6620527916916543e+35,-1.9779187130101787e-25,-1791630720.0,-6.882088950379315e+16,2.4555021308234163e-24
301989888,7330549078561806036,7330549078561.807,0x0,7364100.0,-9.922504780172405e-15,-2.3273551050806418e-05,-8.48604812561382e-22,-1.2116619856078438e+17,2.782146554709186e-24,9.44473296573929e+21,1.6122388618693824e-19
1002543104,26801704786903,26801704.786903,0x0,0.20985671877861023,-0.0036551684606820345,-0.008558481000363827,-0.9776878356933594,0.004641840234398842,0.026364337652921677,0.0058495402336120605,37.96468734741211
25181390,1759572748834978767,1759572748834.9788,0x0,-3571213767016448.0,-5.319190719286532e-18,-0.7723909020423889,5922305.0,-2.8156957440460135e-21,6.174151834579598e-33,9.421403775056073e-38,0.12316109985113144
3212461738,4385177613268061208,4385177613268.061,0x0,-751.6063232421875,2.460413952061201e+32,3.363116314379561e-44,0.21014176309108734,-0.0037210930604487658,-0.009505744092166424,-0.977617621421814,0.00689021497964859
3367567420,6892022757456955,6892022757.456955,0x0,179671366893568.0,1266.382568359375,-2.7646244674642425e+38,2.5825455479749335e+35,,-229584.921875,-2.251517613549734e+28,2.4555021308234163e-24
1003707136,26994978302660,26994978.30266,0x0,0.20994414389133453,-0.0035248957574367523,-0.00827499758452177,-0.9776719808578491,0.004324427805840969,0.025442641228437424,0.0076081156730651855,37.96468734741211
2701147349,1772239125256879051,1772239125256.8792,0x0,-37658273251328.0,1.672311375270701e-17,-2.834252011006853e+17,5561860.0,22623.73828125,4.575364010411372e+26,1.5875041512361587e+29,-3.4858072916858773e-13
3212462249,4382472355101243216,4382472355101.243,0x0,-3.9039458409175213e+36,-2.630473432202571e-18,3.363116314379561e-44,0.20981372892856598,-0.0034621283411979675,-0.008556297980248928,-0.9776977896690369,0.005756658501923084
3339223100,6941500771058747,6941500771.058747,0x0,82175609274368.0,1309799.75,1.185789410379989e-37,2.6801548422629134e+35,-1.0693412416357847e-33,-145368.921875,-1623203328.0,1.4206875101670424e-24
1005222912,27188251843543,27188251.843543,0x0,0.20907603204250336,-0.0031233562622219324,-0.007698860019445419,-0.9778640866279602,0.003374863415956497,0.024403413757681847,0.007096052169799805,37.96468734741211
1131741184,4227115649073233494,4227115649073.2334,0x1,2.7375540614412477e+35,-1.0343543051755533e-29,-785.5661010742188,-2.8882299828404693e+34,1.4206875101670424e-24,2.2737384804226622e-39,175104.0,-7.061910873291203e-38
1740651722,1784905495915609092,1784905495915.6091,0x0,2.3034738432453545e-28,-0.016875427216291428,-7.680821674216394e-29,20579325313024.0,2.9212672281175855e-09,-0.0002522119611967355,-4.44913108209945e-16,-1.2116588932313907e+17
141393980,6990978794308668,6990978794.308668,0x0,134039486857216.0,505743296.0,-4.0489961270233363e+36,2.6159608177969496e+35,4.6096858922156605e+31,-6662.15380859375,-8.651773374997007e+31,1.103552804493712e-24
1004211968,27381525409551,27381525.409551,0x0,0.20940224826335907,-0.0035584287252277136,-0.008148105815052986,-0.9777891635894775,0.004434207454323769,0.024897616356611252,0.006505787372589111,37.96468734741211
1518353623,1797571871514246138,1797571871514.246,0x0,1.3143305152518056e+20,-877630848.0,1.3799933418212618e-10,42878390272.0,-8.674212736980991e-11,-1.1609870408718746e+17,3.237169687702142e-27,-3.4857986180684974e-13
3637608508,7040456817558587,7040456817.558587,0x0,58211839246336.0,3002613248.0,5.7915746245336235e-37,2.725131085559011e+35,-7.258850760438891e-27,-5375292928.0,-3.9168830939101396e-13,8.067993556867047e-25
2227141206,9240490854156315065,9240490854156.314,0xaa,0.12316133826971054,7.302876674639896e-24,-8796093022208.0,-2.1429833812672512e+17,-2.6995238072458674e+19,1.1587443086394544e-30,2.2290963741511405e-08,-3.878061035994392e-23
1006729216,27574798925308,27574798.925308,0x0,0.2087252289056778,-0.0033009210601449013,-0.007812845520675182,-0.9779375195503235,0.0030997563153505325,0.0244271382689476,0.006064355373382568,37.91676330566406
2256551119,1810238244642896877,1810238244642.897,0x0,-2.578310786669609e+17,5.799573603477992e-13,-1.6369884470089716e-16,808072595374080.0,-2.5851316620486087e-38,-173.232177734375,3.161297394672046e-30,-3.485806749584791e-13
3292262674,107999270826,107999.270826,0xaa,-6.150105063332408e-25,-2.8202513270338613e-34,5.343658241591109e-12,4.3116977398061466e+17,196360032.0,-5.584807767240271e-39,9.255844775323845e-30,6.734038456218184e-16
25,13506169449578088159,13506169449578.088,0x1,4.7663635488643066e+32,1.1524158151312958e-33,9.90740472945687e-21,5.5855658697094706e-39,-206325397061632.0,2.693584042268225e-15,3.5032461608120427e-44,0.20863617956638336
4111728700,7089934827944251,7089934827.944251,0x0,31408022093824.0,3.0276434783316553e+22,1.8242134998556217e-33,2.798857644468285e+35,-1.8868319443339708e-31,-9594939.0,-7.009863806652363e+28,1.103552804493712e-24
1003172864,27768072415940,27768072.41594,0x0,0.20875613391399384,-0.0034116480965167284,-0.008579283952713013,-0.9779241681098938,0.004979397170245647,0.025452375411987305,0.005480527877807617,37.96468734741211
4244651232,1822904618594876354,1822904618594.8765,0x0,1.9928302666284093e-38,0.00031326946918852627,1.9971896168929034e+18,-6.507189756006007e-24,-5.168349040247766e+29,-18448904093696.0,-1.1943072308895353e-07,0.1231609433889389
3661349492,14140150614775878969,14140150614775.879,0xaa,1.0818393489129358e-23,-6.64613997892458e+35,2.2908224926656748e-33,1.8558721961119313e+30,,-0.023373903706669807,-192140.109375,5.5834344947452325e-39
3257237564,7139412867274555,7139412867.274555,0x0,28215083008.0,7.528520931928985e+24,7.4704156439440265e-25,4.0385050506558475e+35,-6.38472615404503e+16,-1855903367168.0,-989859584.0,4.89677271787858e-25
1002954752,27961345956823,27961345.956823,0x0,0.2046915739774704,-0.003445022040978074,-0.009075883775949478,-0.9787783622741699,0.0065905991941690445,0.02571813017129898,0.0058647990226745605,37.96468734741211
729824466,1835570992546855826,1835570992546.856,0x0,3.601599019020796e-10,-30751.16015625,8.413026427061132e-24,-3.4121379415165784e-33,8.627650458947755e-06,885979136.0,-4.844678195911129e+24,-1.2116584637346611e+17
3212479408,4382344974959832834,4382344974959.833,0x0,-750.6212158203125,-5.703864102639096e-37,3.5032461608120427e-44,0.2049836963415146,-0.0034662026446312666,-0.008674860000610352,-0.9787207841873169,0.005854911170899868
3241312316,7188890896956475,7188890896.956475,0x0,107013472256.0,147070091264.0,2.343051046493407e-38,3.728691243960068e+35,-4.02126444594153e-28,-1718951.375,-25233055744.0,1.103552804493712e-24
1001602304,28154619472580,28154619.47258,0x0,0.2054876834154129,-0.003083982737734914,-0.008334235288202763,-0.9786193370819092,0.0052179861813783646,0.025025220587849617,0.006444573402404785,37.96468734741211
2919251161,1848237368968756182,1848237368968.756,0x0,-2.149346103657787e-20,9.198306745154273e+17,4.958275564314044e+36,-8.859386457319721e-37,-1.3867009700661297e-37,1.7714383837733408e-16,3.644735555030643e-12,-1.2116594086274662e+17
3522854972,7238368897694011,7238368897.694011,0x0,306788171776.0,9.227487787028722e+30,2.4978952693509606e-25,3.434494892659101e+35,-0.00027579625020734966,-5.1559381581430784e+17,2.162920367485215e-36,1.1035529031013252e-24
1003030784,28347893038588,28347893.038588,0x0,0.20587597787380219,-0.0036427071318030357,-0.008482148870825768,-0.9785345792770386,0.004907389171421528,0.0260634645819664,0.008226990699768066,38.15637969970703
3288349904,1860903741274143713,1860903741274.1438,0x0,1.942890293094024e-14,-3.871032398924843e-21,-5213474783232.0,3.2145382406034577e+28,-1.6941131279368192e+16,-6.988064125779443e-38,2.0717895862055023e-25,-1.2116619856078438e+17
3212470614,4381779572571557412,4381779572571.5576,0x0,-1.4463983087150516e-31,-8.741045285368627e+17,3.5032461608120427e-44,0.2074679136276245,-0.0035606268793344498,-0.007657789625227451,-0.9782053828239441,0.002579057589173317
449773628,7287846943456316,7287846943.456316,0x0,3603007799296.0,1.4797207695400108e+19,4.800468313362627e-31,3.0754082994140754e+35,-3.9260858453182834e-10,-7279389.5,1.9078908404730534e-38,1.1035529031013252e-24
1004208128,28541166529220,28541166.52922,0x0,0.20748326182365417,-0.0037246488500386477,-0.008463725447654724,-0.9781948328018188,0.0050029754638671875,0.024592973291873932,0.007129073143005371,37.91676330566406
3632282833,1873570114402794508,1873570114402.7944,0x0,-0.0005035400390625,9.074579408686934e-31,4.017132526417614e-15,1.1557259141092091e+24,-6.161409659487676e-34,-7.559337183993264e-11,4.261421472088512e+37,-2.9424291584143198e+23
3212470219,4380501270046365256,4380501270046.365,0x0,-206642402557952.0,9.345246945278389e-33,3.6433760072445244e-44,0.20761194825172424,-0.0036032728385180235,-0.007325604557991028,-0.9781771898269653,0.002032090909779072
4179198012,7337324960274235,7337324960.274235,0x0,8577989214208.0,8.555651552269896e+26,2.4278885534088557e-36,2.962993044185836e+35,1.682248905357165e+32,-202328.921875,-10.031307220458984,1.4206875101670424e-24
1004963328,28734440057540,28734440.05754,0x0,0.20817461609840393,-0.0036514413077384233,-0.006965674925595522,-0.9780600666999817,0.001912551000714302,0.022127773612737656,0.0064713358879089355,37.96468734741211
2441100481,1886236488354774008,1886236488354.774,0x0,-1.0663643479347229e-07,-1.9460187338982236e+37,-6.536991417239156e-29,1.924363318198272e+16,-0.09216208755970001,1.7211204214082578e+24,-8.014833450317383,0.12316069006919861
3212466935,4381377778381422120,4381377778381.422,0x0,-206723872718848.0,1.1568855370569509e-05,3.6433760072445244e-44,0.20898368954658508,-0.003945505246520042,-0.008444053120911121,-0.9778746962547302,0.003451785072684288
62111804,7386802983524156,7386802983.524156,0x0,28655484928000.0,-2.275754892860887e-37,-1.4321063606054702e+38,2.8152354921528273e+35,1.4094488380231307e-12,-506673.84375,-0.03161643445491791,1.4206875101670424e-24
1008304704,28927713573297,28927713.573297,0x0,0.20823489129543304,-0.0038038950879126787,-0.008060120977461338,-0.9780382513999939,0.003867063671350479,0.02392006665468216,0.006750643253326416,38.06053161621094
914373835,1898902864776674277,1898902864776.6743,0x0,-2.6237692574149207e-17,9.336686290642784e-14,0.0010050381533801556,4.102060557887078e+16,-3.911085171761813e+28,5.668574875987431e-15,4.620242967670555e+18,1.1503092349604625e+35
61161532,7436281006774076,7436281006.774076,0x0,29397977399296.0,5.860606740377061e+27,8.91864737206651e-34,2.808796025174074e+35,-1.636442490000017e-26,-9.709040641784668,-0.05712912976741791,1.103552804493712e-24
1002589184,29120987151868,29120987.151868,0x0,0.20985175669193268,-0.004104222171008587,-0.008385545574128628,-0.9776886105537415,0.0036880197003483772,0.024789374321699142,0.004935145378112793,37.77299499511719
3036691643,1911569238728653759,1911569238728.6538,0x0,54492397568.0,-6.953307945287562e+37,2.9889138527259547e-38,392417738752.0,1.7764063672394781e+22,-0.373492032289505,-1.3259417064113574e-23,0.12316107004880905
305863545,14140181507401891797,14140181507401.893,0xaa,5.800941677995541e-23,-9.671406556917033e+24,-2.5795619130660043e-18,-1.984844436745425e-20,-6308354560.0,5.98367977142334,-4.064500832289561e-17,5.5810831159220955e-39
3212463299,4378235271074545112,4378235271074.545,0x0,-2.735026205513691e-09,-1.5311134631935018e-28,3.6433760072445244e-44,0.20941315591335297,-0.0035564028657972813,-0.007235667668282986,-0.9777939915657043,0.001979316584765911
3669688380,7485759023591739,7485759023.591739,0x0,61755187265536.0,5.9170119871326585e+31,-1.1072112735201312e+36,2.7168150995511075e+35,1702619391197184.0,-1045.9447021484375,-26306797568.0,1.4206875101670424e-24
1003250944,29314260655063,29314260.655063,0x0,0.20953120291233063,-0.003622995223850012,-0.0067361509427428246,-0.977772057056427,0.0009734276682138443,0.02321345917880535,0.005671203136444092,38.108455657958984
1719680198,1924235615973882752,1924235615973.8828,0x0,22265110462464.0,-5.388221592160845e-35,2.5782397082122083e-29,170439393280.0,-2.4795954243378136e-32,-4.0404397860718504e-22,1075733120.0,-3.485799431220127e-13
448086551,11546761647108390912,11546761647108.39,0x0,3272416.5,2730226176.0,28690100518912.0,1.686437351262959e+29,-3.394416826864827e-21,-1.2116561444523213e+17,7.538020964356899e-23,1.5777218104420236e-30
2961080380,7535237040409659,7535237040.409659,0x0,98908801859584.0,-6.571868953045414e-38,-8.535154268124953e+26,2.6611398851890837e+35,-0.11224507540464401,-2730.88916015625,5.073995240636874e-39,8.067994049905113e-25
1002884352,29507534120569,29507534.120569,0x0,0.21023645997047424,-0.0038568121381103992,-0.0077777584083378315,-0.9776120185852051,0.0026602819561958313,0.024361073970794678,0.008634626865386963,37.77299499511719
2822224768,9689705130250189818,9689705130250.19,0x0,-73184.4609375,-3.4885893071085587e+34,4.139359456821364e-24,2.467812712537792e-39,-616562688.0,3.2066170239538744e-28,4.790082996919409e-08,11779074.0
2248162514,1936901984162692059,1936901984162.6921,0x0,-2.1787744691422693e+29,1.3730663939215445e+34,1.3420908823977328e-16,531392.75,-4.8301692940259834e-31,3.2904244395806135e-19,-1.984381369636819e+28,-1.2116615561111142e+17
3359313809,14140142596071934462,14140142596071.934,0xaa,9.523254434484166e-23,-9.4039548065783e-38,-1.4319453182265886e-34,6442694737920.0,-7.414024404579754e-29,1.1524148049408381e-33,-3.702714320814251e+30,5.58148949247675e-39
3314647100,7584715082955835,7584715082.955835,0x0,7724901335040.0,1.7663720872214528e+16,-1.7114696533500351e+37,2.9833259617430905e+35,-1.1345915696874176e-37,-12361.0576171875,1.5465164815332008e-37,1.5457628463609858e-23
1003301376,29700807686577,29700807.686577,0x0,0.20629389584064484,-0.0036435083020478487,-0.008068530820310116,-0.9784500002861023,0.0037879934534430504,0.02480221912264824,0.008518636226654053,37.91676330566406
701546362,8394776503339072261,8394776503339.072,0xaa,1.103552804493712e-24,2.484314403253681e-39,-1182793728.0,-0.00044106185669079423,1.0773304522647814e-17,-7.153408376259599e-38,6.37254531693954e-21,1.9560446470022474e-13
3607116997,1949568358938000346,1949568358938.0005,0x0,-2.319211489520967e-11,-8.467334416981071e-17,-2.6395115426680604e-08,-1.1327888720805838e-36,-1.335469792207374e+25,1.8385630028205924e-05,8605862912.0,-1.2116582060366234e+17
3843293244,7634193083693371,7634193083.693371,0x0,300102451200.0,1.9523114782428166e+37,4.731792998870405e-37,3.45548718659888e+35,14160.1865234375,-125812.4609375,-1.4372353763460417e+37,1.4206875101670424e-24
1003968896,29894081240023,29894081.240023,0x0,0.20664004981517792,-0.0036078570410609245,-0.007869825698435307,-0.9783787131309509,0.0035933423787355423,0.023984018713235855,0.007474124431610107,37.96468734741211
1396718791,1962234732889979918,1962234732889.98,0x0,-3.7865323450608567e-28,21279.162109375,-2.1917353402957824e+16,6.601282454078249e+33,6.1036858013597795e+32,-2.2200552848516963e-05,-2.355347300388011e-38,0.1231609433889389
105087036,7683671129455676,7683671129.455676,0x0,2891586732032.0,631203.875,-1.389253234520832e+25,3.115060212118808e+35,3161.796630859375,-0.026334872469305992,-1966087.5,2.4555021308234163e-24
1006342016,30087354818594,30087354.818594,0x0,0.20770587027072906,-0.0034958275500684977,-0.008451517671346664,-0.9781485795974731,0.00452239066362381,0.025486456230282784,0.006392836570739746,37.77299499511719
3607117017,1974901112605129688,1974901112605.1296,0x0,-4.466775307786349e-22,8.439203129313776e-16,2036184448.0,4.415125295798095e+24,-134551611375616.0,-1.744011640548706,-0.003913502674549818,-3.4857945523103506e-13
3212472672,4384587729571019728,4384587729571.02,0x0,-751.6104736328125,3.844396800095627e+30,3.783505853677006e-44,0.2068655639886856,-0.003057863563299179,-0.008674821816384792,-0.978326141834259,0.005393534898757935
4081811516,7733149152705595,7733149152.705595,0x0,4225979383808.0,5.799938940893492e+26,1.3155631519440371e-20,3.0414352633279588e+35,-169413894471680.0,-1.744519215545833e+23,-4.252120904853073e-19,2.4555021308234163e-24
1006735296,30280628296663,30280628.296663,0x0,0.20673398673534393,-0.0034837594721466303,-0.008486812934279442,-0.9783541560173035,0.004789818078279495,0.026377972215414047,0.0060277581214904785,38.108455657958984
1660959960,1987567479970610113,1987567479970.61,0x0,-7.535205098774256e-18,-140.2434539794922,-1.3018630336331451e-21,9.062918020844468e+32,16875252.0,3.4755719971666474e-29,-3.951628326108422e-31,9.062356179164593e-25
3212474598,4384432659775368722,4384432659775.3687,0x0,-3.9000199270086145e+36,-4.1101147378165174e-20,3.783505853677006e-44,0.20622561872005463,-0.0035673989914357662,-0.007951410487294197,-0.9784656763076782,0.0035299044102430344
3227516988,7782627175955515,7782627175.955515,0x0,1657219842048.0,2.3327066159644814e+29,3.2044842972817086e-28,3.171901863103448e+35,-0.43109700083732605,-8166929168596992.0,-8.498371784071423e-09,1.4206875101670424e-24
1004614016,30473901824983,30473901.824983,0x0,0.20707033574581146,-0.004084862302988768,-0.00807121116667986,-0.9782842397689819,0.0025034910067915916,0.02512887492775917,0.004436135292053223,38.06053161621094
2281716939,2000233858039167891,2000233858039.168,0x0,1.5852670688344146e+19,3.794124526581317e+29,-2.3924663247267937e+32,1.048063496677039e+27,3.380117041823209e+27,328156.625,8812412010496.0,9.062387733600802e-25
3246293052,7832105199205435,7832105199.205435,0x0,2039639703552.0,4.633683069735011e+32,7.785941015614155e-34,3.1453319065226645e+35,-1.662485718783773e-28,-113697240.0,-1.2305169325214915e+30,8.067993556867047e-25
1001759232,30667175378428,30667175.378428,0x0,0.20784418284893036,-0.003898454597219825,-0.008024429902434349,-0.978121280670166,0.0033960361033678055,0.0246948953717947,0.006628870964050293,37.91676330566406
3682614466,2012900227874569120,2012900227874.5693,0x0,-6.972200594645983e-14,-1.543662228667498e-19,-5.78140020666279e-13,4.377340887557991e+24,-3.32542849793875e+19,-4.3444770335204616e-30,70499245752320.0,4.432878333920012e+28
3212470115,4379489916916382692,4379489916916.383,0x0,-750.363525390625,-6.298659717276675e+34,3.783505853677006e-44,0.2076166272163391,-0.003966646268963814,-0.007866675965487957,-0.9781705737113953,0.002390279434621334
3027697724,7881583216023355,7881583216.023355,0x0,2838033858560.0,3.863783400502647e+32,-8.388732484412726e+29,3.1136911494705616e+35,1.0495900345684414e-13,-1144455.375,-7.148139716841518e+19,1.4206875101670424e-24
1001392384,30860448818809,30860448.818809,0x0,0.21209819614887238,-0.004404353443533182,-0.007981293834745884,-0.9772058129310608,0.0034765172749757767,0.02548232488334179,0.0074904561042785645,38.06053161621094
3145743564,2025566602649877448,2025566602649.8774,0x0,1.9228484564762163e-30,-4.375842001299121e-38,-27490024.0,44457063874560.0,6.9368406569303575e+37,-1.258373887176731e-29,-2.0807702224641557e+34,0.12316134572029114
3212464124,4376764639900616968,4376764639900.617,0x0,-3.899263456512928e+36,6.734011986438582e-16,3.923635700109488e-44,0.2096320241689682,-0.0037068126257508993,-0.007264091167598963,-0.9777463674545288,0.0020306268706917763
3804889148,7931061236057147,7931061236.057147,0x0,106871671226368.0,7.126726993522332e+31,8.195418398486619e-38,2.6470945146089612e+35,14417331748864.0,-63628.23046875,8.314651718927796e-28,1.4206876087746555e-24
1006325120,31053722384817,31053722.384817,0x0,0.20987820625305176,-0.003875680733472109,-0.008822759613394737,-0.9776800274848938,0.00457746721804142,0.025319848209619522,0.008913815021514893,38.06053161621094
2063613141,2038232970838686711,2038232970838.6868,0x0,5.0067901611328125e-06,-2.3319189204563052e-20,4.167409785468218e+20,2955.752685546875,-7.283590093720704e-05,-1.6007582318438452e-32,-1.9843804251635225e+28,0.12316105514764786
3212462378,4379723700576223980,4379723700576.2236,0x0,-206599838760960.0,833623883776.0,3.923635700109488e-44,0.2100454419851303,-0.003924279473721981,-0.007580642122775316,-0.9776543378829956,0.002736929804086685
2777284668,7980539272171323,7980539272.171323,0x0,232851651952640.0,2.618509959167045e+33,7.373973494429915e-36,2.544211991894438e+35,-1.3713890097724217e-38,-450281.84375,-4.1081291812289634e-20,2.4555021308234163e-24
1004848000,31246995975951,31246995.975951,0x0,0.2096375674009323,-0.003664920572191477,-0.007905338890850544,-0.9777403473854065,0.0027526943013072014,0.02439720928668976,0.00778120756149292,37.91676330566406
3598728388,2050899352200428529,2050899352200.4285,0x0,9.204086381942034e-10,-4.6864760308017345e+20,7.882068126428509e+19,4101414584320.0,5523257688064.0,2.3592769165330178e+30,-1.822362356504459e-12,-1.211654340566057e+17
3946520690,14140019682697856338,14140019682697.857,0xaa,8.313435262131876e-22,-5.902958103587057e+20,13079896129536.0,1535137.625,2.827768062394393e-34,3.106904910728004e+34,-12262065.0,5.582275620915236e-39
3712254012,8030017292205115,8030017292.205115,0x0,52083994656768.0,6.337664012481831e+31,1.9948407465294556e-35,2.7378075915612933e+35,-7.923231586074631e-39,-12007483.0,-7.123223452060179e-13,2.4555021308234163e-24
1007748992,31440269454020,31440269.45402,0x0,0.20819255709648132,-0.00424035033211112,-0.008053506724536419,-0.9780455231666565,0.003245585598051548,0.026174239814281464,0.0063912272453308105,37.96468734741211
2550152404,2063565723682487281,2063565723682.4873,0x0,-4.733165431326071e-29,-1.8508633782414878e+38,-13102.900390625,1.0118154393380454e+17,4.6714530981262214e-06,0.004828872159123421,4.555921612192648e-13,-3.485803768028817e-13
2344356671,15004711177173301805,15004711177173.3,0x0,-5.77530714556203e+17,-3.4858078337869636e-13,1.1068216807907406e-21,-32.0,-6.449197914794584e-19,-1.1335129472971342e+26,1.2150241752125513e-24,-1.2136315391889627e+32
3870720060,8079495315455035,8079495315.455035,0x0,929070145601536.0,1.2804001141842195e+21,-7.54341903765471e+22,2.3738395531533578e+35,-2.6460086147932655e+21,-0.596927285194397,-7.091574980781605e-15,1.4206875101670424e-24
1004998656,31633542982340,31633542.98234,0x0,0.21149815618991852,-0.003679711604490876,-0.007759432308375835,-0.9773406386375427,0.0028685247525572777,0.023475363850593567,0.005640745162963867,38.108455657958984
3699391689,2076232097634466762,2076232097634.4668,0x0,2.2803010541544873e-31,7.385147569038963e-07,-3.2430015114258233e-25,3.477883996419462e-12,3.9431373903257494e+24,7115412189741056.0,-8.014839172363281,0.12316107749938965
3212454871,4378894574316069984,4378894574316.07,0x0,-3.898667977643471e+36,-1.3658198938484736e+16,3.923635700109488e-44,0.21192766726016998,-0.0038037034682929516,-0.007578426506370306,-0.9772485494613647,0.002030358649790287
3167977532,8128973329056827,8128973329.056827,0x0,1150948156112896.0,6.495188608464213e+26,-2.776141308221038e+24,2.3395115748991773e+35,-132475573501952.0,-11823162.0,-2.4289029170176946e-06,1.103552804493712e-24
1003117312,31826816523223,31826816.523223,0x0,0.21107217669487,-0.0034250414464622736,-0.0070713539607822895,-0.9774389266967773,0.0021849004551768303,0.022803228348493576,0.005067288875579834,37.91676330566406
3741334735,2088898471586446259,2088898471586.4463,0x0,-4.323455642275676e+17,-1.5811385258320107e-31,-6.430351905846457e-27,0.013045321218669415,-8.824125414755533e+16,-2.57478546927814e-07,-1101551763456.0,-1.2116601817215795e+17
3212460322,4380533787245177760,4380533787245.1777,0x0,-750.7362060546875,1.4601892102756086e-34,4.0637655465419695e-44,0.21066005527973175,-0.003807825269177556,-0.007822297513484955,-0.9775206446647644,0.003373660147190094
2431713340,8178451355522875,8178451355.522875,0x0,440655054635008.0,5.445160896425367e+22,2.943598336988544e-34,2.462473881191722e+35,-1.3895290266658404e-26,-163836.921875,-5.770262792372224e+16,2.4555021308234163e-24
1001147776,32020090001292,32020090.001292,0x0,0.20980127155780792,-0.003495956538245082,-0.007114633917808533,-0.9777119159698486,0.0021913060918450356,0.023249130696058273,0.007083714008331299,38.06053161621094
234896583,2101564848008346573,2101564848008.3467,0x0,1.736174262072583e+34,1.2460612879294786e-06,-0.18040241301059723,52.43357467651367,0.5497967004776001,7.80048955306766e+35,-2.985760616525113e-08,0.12316124141216278
3294887996,8227929378772795,8227929378.772795,0x0,68322192261120.0,1.9948500887447876e+27,1.1622408923674788e-36,2.698003362714127e+35,,-528820064.0,8.441044935682377e-34,3.0897717393853032e-24
1001030912,32213363630114,32213363.630114,0x0,0.20981714129447937,-0.0034887371584773064,-0.007778393104672432,-0.9777034521102905,0.0036140941083431244,0.023879926651716232,0.006737172603607178,37.868839263916016
209730755,2114231218667076543,2114231218667.0767,0x0,-1.8983148823238428e-26,4.265479855856524e+32,-4.4776147019454984e+21,5.460449695587158,4.568778379061219e-38,3.8102612306426013e+28,-9.689339097999688e+24,-1.2116594086274662e+17
305890634,14140139031249078173,14140139031249.078,0xaa,2.9150925210264486e-21,32.0,-1.3984254661613198e-37,1.8055845959915763e-32,7.59575368561055e-26,7.233813442764392e+24,3.879507175805843e-23,5.583929153103139e-39
3212461214,4378840217202057632,4378840217202.0576,0x0,-750.5320434570312,2.237733453567854e+20,4.0637655465419695e-44,0.21071256697177887,-0.003802727907896042,-0.008022897876799107,-0.9775077700614929,0.00346220750361681
3540320316,8277407402022715,8277407402.022715,0x0,314348656394240.0,4573770022912.0,,2.5067907481052945e+35,-1.3607698010916462e-33,-27345.115234375,2.518507408608957e-36,8.067994049905113e-25
1001665536,32406637133308,32406637.133308,0x0,0.21042189002037048,-0.0028511087875813246,-0.007522353436797857,-0.9775775671005249,0.004047047346830368,0.024059919640421867,0.0074536800384521484,37.868839263916016
2160082128,2126897595912305673,2126897595912.3057,0x0,1.2906342661267445e-15,6.534840415417748e-25,-6.919170569454192e+29,15791.0078125,-7.282714212065524e+22,-5.647337597558533e-10,7.28946070172043e-12,0.12316117435693741
3951231036,8326885431704635,8326885431.704635,0x0,97899484545024.0,16204862.0,8.487146551061245e-29,2.653635591706139e+35,-1.524946014797024e-06,-84641415430144.0,-1657865240576.0,9.272305000986697e-24
1004930944,32599910623940,32599910.62394,0x0,0.20918916165828705,-0.002815867541357875,-0.008897693827748299,-0.9778306484222412,0.006701292470097542,0.02656346932053566,0.007376372814178467,37.868839263916016
201342173,2139563968217693178,2139563968217.693,0x0,8.412825991399586e-12,1.0678560722858174e+20,-0.0011881320970132947,943753592832.0,-4.482242661327199e-23,3.8551550511888846e-16,4.344861810193104e-19,0.12316061556339264
42696764,8376363461386812,8376363461.386812,0x0,24152748589056.0,-6.885406494416457e+37,8.156448877850303e-14,2.822841593824603e+35,7.499756108187173e-17,-70841693896704.0,-0.7793004512786865,1.4206875101670424e-24
1007146816,32793184164823,32793184.164823,0x0,0.2099495828151703,-0.002804478630423546,-0.008729450404644012,-0.9776692390441895,0.006797194480895996,0.02684938907623291,0.0068209171295166016,37.96468734741211
1845509327,2152230343816264676,2152230343816.2646,0x0,-1.777120954833505e+26,4.2714242891432696e+20,4.979037145844582e+36,1324928.875,-7.656526683395873e+33,1.6278065772614568e-33,0.2504638135433197,1.1503118098757442e+35
97845308,8425841478204476,8425841478.204476,0x0,85562190987264.0,6.64161041200669e+23,2.08964247428245e-38,2.6751349458860096e+35,1.6766890796912737e+31,-63.33616256713867,-1.61890723049396e-09,3.089771542170077e-24
4215412797,4492097374239326237,4492097374239.326,0xaa,-25160495104.0,7.412714170364463e-29,8.304019185561052e-17,2.1586826137335497e+20,2.9494457244873047,-752.1282348632812,-4.031142219057072e+36,4.0637655465419695e-44
1005485056,32986457718268,32986457.718268,0x0,0.2104383260011673,-0.003547410015016794,-0.007851825095713139,-0.9775691628456116,0.0038486169651150703,0.023301851004362106,0.005153357982635498,37.91676330566406
16792771,2164896718591572940,2164896718591.573,0x0,-3.1384459903238144e+16,2.9807073774827623e+38,2.04505971407471e-31,10337255.0,1.6640283210690862e-24,2.5459597458628877e-23,1.2348810601097987e-32,-3.4858118995451104e-13
3162439740,8475319504670523,8475319504.670523,0x0,65364033536000.0,3.881210181693121e-17,2.590696278786536e-35,2.707485389203834e+35,-28908926.0,-11569.5576171875,-2.2648651346306864e-14,1.4206875101670424e-24
1004460160,33179731221463,33179731.221463,0x0,0.21040484309196472,-0.002177265239879489,-0.009900693781673908,-0.9775617718696594,0.010262154042720795,0.026184361428022385,0.004844248294830322,37.91676330566406
427834587,2177563093366881178,2177563093366.8813,0x0,3.836452449219374e-31,6.817623296732598e-35,-1072580460544.0,58044.10546875,0.027679193764925003,-1.2498132179115004e-31,6.474347849496039e-27,9.062398580438249e-25
2491318332,8524797515056187,8524797515.056187,0x0,992223344721920.0,-2.565219425840898e+33,2.315906255830058e-13,2.341641425977967e+35,12.012389183044434,-1.0651895824258188e+23,-14602951720960.0,2.4555021308234163e-24
1000996992,33373004774908,33373004.774908,0x0,0.20899967849254608,-0.0024059072602540255,-0.009067549370229244,-0.9778707027435303,0.00775594636797905,0.02595161646604538,0.0058522820472717285,37.91676330566406
3523230921,2190229464025611235,2190229464025.6113,0x0,4.0531850015098356e-23,4.14255032093167e+33,-1.621680673809181e-37,7515659567104.0,-144684515328.0,-1.6718974647742555e-34,-5.179469035133098e-26,-1.2116625869032653e+17
3315990588,8574275541522235,8574275541.522235,0x0,117016383979520.0,6.065432665903851e+22,2.9011073845309358e-33,2.631679883310186e+35,-3.2001715781314463e-15,-29601910.0,1.0893596349237998e-33,1.4206876087746555e-24
1001327744,33566278353479,33566278.353479,0x0,0.2098739594221115,-0.0032218347769230604,-0.00815389584749937,-0.9776891469955444,0.00445975549519062,0.02430988848209381,0.007844150066375732,37.96468734741211
4219485381,2202895836330933218,2202895836330.933,0x0,-2.2098415429924226e+37,1127373078528.0,-6.249737055999405e-14,460256.0625,-6.516011293174616e+26,7.031386331260486e+22,-131315.03125,-1.3741770570584453e-19
3542941756,8623753571204155,8623753571.204155,0x0,103448582291456.0,2.3825166127256916e+24,1.8609238001039713e-37,2.651759468817801e+35,6.876943829495679e+28,-2384398.75,1.9509740866303749e-31,2.4555023280386426e-24
1002515456,33759551831548,33759551.831548,0x0,0.20968134701251984,-0.003684484865516424,-0.008375543169677258,-0.977726936340332,0.004151700995862484,0.026098091155290604,0.008163094520568848,37.91676330566406
511720649,2215562210282912763,2215562210282.9126,0x0,1.3976043629695956e-19,-1.4055183730813911e+34,1.0356961928022065e+19,18014.029296875,176744246018048.0,9.742225082209899e-11,-2.98576274815332e-08,0.12316090613603592
4291461180,8673231588022075,8673231588.022076,0x0,780429917421568.0,1.819210228859447e-05,5.573732066807613e-23,2.3819527150652247e+35,1.7013163368953193e-32,-7.109907759654502e+16,-4.0801419350219426e+24,2.4555021308234163e-24
1003428736,33952825334743,33952825.334743,0x0,0.21083790063858032,-0.002582383342087269,-0.008773291483521461,-0.9774782657623291,0.007090307772159576,0.025166388601064682,0.007003188133239746,37.91676330566406
2600484043,2228228585881549821,2228228585881.55,0x0,0.00040435791015625,-1.2952686803615832e-27,1.274025560042371e+27,2603.754638671875,1.1328706630693495e-36,-4.443443065563872e+24,-512.9498291015625,-1.211655371358208e+17
60244028,8722709617703996,8722709617.703997,0x0,157316062117888.0,1.6599673973707527e-14,2.5037905909834355e-36,2.5957800183117225e+35,-0.0005834809853695333,-1045091.6875,-1456.00732421875,4.89677271787858e-25
1006042624,34146098888188,34146098.888188,0x0,0.20904715359210968,-0.0022220523096621037,-0.008827471174299717,-0.9778631925582886,0.00766809843480587,0.02598077803850174,0.006025075912475586,38.06053161621094
4102044875,2240894962303450101,2240894962303.45,0x0,26.625,4.850414648084411e-21,-0.006125825922936201,6.7945851558603784e+19,-5.4654546496762576e+29,-7.757304668426514,2.172429612626845e-19,-1.2116529661765222e+17
406716476,8772187631305788,8772187631.305788,0x0,38646115729408.0,0.0008289552060887218,6.406626663751042e-28,2.7685861481348347e+35,-6.068414241337415e+28,-341428064.0,-99072.46875,1.4206875101670424e-24
1006717248,34339372416508,34339372.416508,0x0,0.21006180346012115,-0.0035077473148703575,-0.0090797645971179,-0.9776396751403809,0.005354495719075203,0.025565827265381813,0.006720185279846191,37.77299499511719
713047235,2253561335432100800,2253561335432.101,0x0,2.4233807008389483e-26,916.9740600585938,430418167857152.0,173807.53125,96638.953125,4.6570916059919686e+36,-6.114828283898532e-05,0.12316099554300308
3057156156,8821665657771835,8821665657.771835,0x0,103126459744256.0,751112064.0,-1.4378902129548546e+36,2.6552579864040247e+35,2.5206809351643673e+32,-0.19398586452007294,-65.50045776367188,1.103552804493712e-24
1004828672,34532645944828,34532645.944828,0x0,0.2096734344959259,-0.0033592560794204473,-0.007439497392624617,-0.9777374267578125,0.003129291348159313,0.023055370897054672,0.006908118724822998,37.96468734741211
385891520,2266227709384080303,2266227709384.0806,0x0,13.0625,-8.016543161737794e-29,-8.875925905379805e-18,1893.8760986328125,4.4844628782445066e-36,51333771264.0,1.8924499432979896e+22,-3.4858170495054297e-13
3212462456,4378505119573975544,4378505119573.9756,0x0,2.5443231917906327e-18,1.6124880718275944e+37,4.344025239406933e-44,0.21005304157733917,-0.0033733020536601543,-0.007980557158589363,-0.9776515960693359,0.003811286762356758
3639607356,8871143677805627,8871143677.805628,0x0,262452566556672.0,2.3613028570409256e+24,3.6522822118682643e-37,2.5270733557793525e+35,6.778456137522873e+30,-6127.65380859375,1.944751629324816e-34,3.0897717393853032e-24
1000375040,34725919435460,34725919.43546,0x0,0.2109951376914978,-0.003060433082282543,-0.0072595905512571335,-0.9774553775787354,0.003134753555059433,0.023389611393213272,0.005617260932922363,38.06053161621094
2214608074,2278894080866139073,2278894080866.139,0x0,-5.054473876953125e-05,-3.6733220631912644e-12,-2.037578884613092e+20,1.2640850588496733e-09,570.9918212890625,-1.7951854938105862e-25,-1.432280214430648e-06,-1.2116620715071898e+17
3212456174,4378767915741477692,4378767915741.478,0x0,-2.7336828356538945e-09,-1.723880505575051e-13,4.344025239406933e-44,0.21147073805332184,-0.0031172707676887512,-0.008073495700955391,-0.9773460030555725,0.004269903525710106
2980249660,8920621704271675,8920621704.271675,0x0,2351099457568768.0,1.973189379961884e+32,3.3198055198154565e-31,2.236781368327088e+35,-1.1111395137319846e-09,-392791904.0,1.3239058935997043e-36,4.139359851251817e-24
1001930752,34919192976343,34919192.976343,0x0,0.21150916814804077,-0.0031765783205628395,-0.007212797645479441,-0.9773442149162292,0.002379043959081173,0.02372569963335991,0.00805884599685669,38.06053161621094
1442856131,2291560457288039410,2291560457288.0396,0x0,-7.711242941394206e-36,2.0537628819260378e-25,2.045470323700464e-38,9.906213449539791e-08,-0.0013179623056203127,1.8768399603345654e+19,35249627070464.0,0.12316136807203293
3212457595,4376656827636141524,4376656827636.1416,0x0,-2.735624393679359e-09,-213406070079488.0,4.344025239406933e-44,0.21126234531402588,-0.0032873796299099922,-0.006996243726462126,-0.9773988127708435,0.0022774767130613327
3873800252,8970099733953595,8970099733.953594,0x0,586555093680128.0,6.093575688798327e+26,3.431174739624472e-35,2.420134351144099e+35,-5.8013168101900165e-36,-16428603.0,-5.911192021786588e+28,2.4555021308234163e-24
1003239296,35112466504663,35112466.504663,0x0,0.21095147728919983,-0.0034749542828649282,-0.007522042375057936,-0.9774613976478577,0.0033512236550450325,0.024432171136140823,0.0066070556640625,38.06053161621094
3841998027,2304226826300177378,2304226826300.1772,0x0,9.328723168125674e-34,9.088030951568572e+18,3.404513476690241e-11,0.0010432000271975994,2.597023284182e-25,1.8768353423857287e+19,-6.11483701504767e-05,-1.2116580342379315e+17
3941531708,9019577763635771,9019577763.635773,0x0,474507986862080.0,1.7320999747762258e+18,-1.6629686286891347e+26,2.459532733728786e+35,5.834351421039538e-14,-30.769155502319336,-2.063949885491971e+35,1.103552804493712e-24
1005658496,35305740058108,35305740.058108,0x0,0.21096573770046234,-0.003388309618458152,-0.008527531288564205,-0.9774503707885742,0.00517004169523716,0.02456510439515114,0.006882309913635254,37.96468734741211
3091217611,2316893202722077721,2316893202722.0776,0x0,1.6408306828597046e-27,-164543987712.0,1.7704686675057424e-11,0.00028178124921396375,-1.9337897632999176e+24,10501006.0,1.7045675747149245e+38,0.12316080182790756
479313980,9069055783669564,9069055783.669563,0x0,597155072966656.0,3.4619388478703954e+20,6.413321280376926e-39,2.4214527077683364e+35,5.35447847949928e+26,-175.7587127685547,-1785614936571904.0,2.4555021308234163e-24
1006000256,35499013561303,35499013.561303,0x0,0.21086500585079193,-0.0036137455608695745,-0.007742534391582012,-0.9774778485298157,0.0026259589940309525,0.024551164358854294,0.005639195442199707,38.06053161621094
3447733445,2329559577497385972,2329559577497.3857,0x0,1.5166698312049482e-33,-2.5167165044734024e-26,0.8036401867866516,0.0011194938560947776,-68375317315584.0,-7.293883294519138e-16,-5.303772505443947e-23,1.4637400996873766e-37
3212459028,4378853127888442524,4378853127888.4424,0x0,-3.9038422104809526e+36,3.4964989282520924e+18,4.484155085839415e-44,0.21083295345306396,-0.0033560506999492645,-0.007577996701002121,-0.9774869680404663,0.002962641417980194
3591503932,9118533794055227,9118533794.055227,0x0,212497801936896.0,54366822400.0,-4.939451403351251e+29,2.5641392612596196e+35,8.702423554278247e+22,-0.1198849305510521,-1.6031701790750197e-13,4.139359456821364e-24
1891596869,17110375107084829,17110375107.084827,0xaa,-3.4858167784548866e-13,2.0265954734352442e-19,-0.5,-1.0819586546140236e-11,0.005719221197068691,-375.8670654296875,-2.8257113034195984e+22,-1.3480677761068564e+19
1006316416,35692287089623,35692287.089623,0x0,0.21008513867855072,-0.0033455519005656242,-0.00790421012789011,-0.9776453971862793,0.0039174919947981834,0.024022797122597694,0.006250917911529541,37.96468734741211
117456067,2342225953919286197,2342225953919.286,0x0,-4.588267460255075e-25,-4423.79248046875,3.3540212978190647e+19,3.9021005630493164,3502209536.0,1.1328822214274988e-33,4.0464582577677885e-28,0.12316084653139114
3212458386,4379730538173017138,4379730538173.017,0x0,-751.8995361328125,-3.738084378305558e-32,4.484155085839415e-44,0.21087919175624847,-0.003350413404405117,-0.008099501952528954,-0.9774728417396545,0.00453332532197237
3369140284,9168011826953275,9168011826.953276,0x0,719441381818368.0,3.680311949289062e+16,9.622997962155086e-35,2.3993955873243652e+35,-3.76136236661766e-27,-268249.84375,-11991611604992.0,3.089771542170077e-24
1003543296,35885560668194,35885560.668194,0x0,0.21107502281665802,-0.003356846049427986,-0.007061907090246677,-0.9774385690689087,0.0020120907574892044,0.0233373511582613,0.0061647891998291016,38.15637969970703
3682614474,2354892325401344935,2354892325401.345,0x0,-692224.0,1.9154335235643196e+23,9.227942865254535e-31,2.578137703324046e-10,-1.2956848870692655e-20,-286116839424.0,-35249648041984.0,-1.2116598381241958e+17
3376121970,14140170848366805805,14140170848366.805,0xaa,3.036751410165328e-19,0.0001220703125,3.936259722593615e-23,-7.212836275381433e-32,-3.12228478265118e+37,-4.9495732490248984e-24,-748.8529052734375,-5.5777746502478246e-39
2754019388,9217489850203195,9217489850.203196,0x0,964495035858944.0,1.2734664284929153e+22,-4.275514556711494e+30,2.365675883287888e+35,4.870096838825722e-13,-897187.6875,-1.1383548812800973e+33,1.4206875101670424e-24
1001960832,36078834146263,36078834.146263,0x0,0.2105311155319214,-0.0033481416758149862,-0.007267769426107407,-0.9775543808937073,0.0032780198380351067,0.023949425667524338,0.0064757466316223145,38.06053161621094
3345154048,12093778461106650711,12093778461106.65,0x0,2.465719066728306e+35,3.667030615595963e+27,-39698668.0,-1.4831570051109625e+32,1.4206875101670424e-24,3.016314562637669e-39,-7.28583859910259e-16,-1.3903161879378855e-28
2826976463,2367558699353324487,2367558699353.3247,0x0,-14.4375,5.6009311636328815e-14,0.00846754852682352,0.12340551614761353,1.1129848431767897e-10,-1.8124639388695453e-24,1.6646185548162e+35,-3.4858165074043435e-13
2714992700,9266967873453115,9266967873.453115,0x0,263195595898880.0,237265888.0,-4.829390796733535e+29,2.53209305408585e+35,2328411904.0,-16.689565658569336,-767463142719488.0,1.4206875101670424e-24
1001970176,36272107712271,36272107.712271,0x0,0.21054422855377197,-0.003777231089770794,-0.008088329806923866,-0.9775435924530029,0.0032975487411022186,0.024706734344363213,0.00803285837173462,38.15637969970703
2128740352,7617481979181809239,7617481979181.81,0x1,2.5152081461612162e+35,10859248640.0,-7844427264.0,9.047347114366632e-25,1.4206876087746555e-24,3.032457520946691e-39,2.6571237801485926e+17,0.001848171348683536
2566929614,2380225069188725761,2380225069188.7256,0x0,-3.021147940379222e-25,-9.025825199000456e-14,-3.631764287649743e-38,3.4802262783050537,-9.671388115679314e+17,-4.3208317325427794e+21,-5.33566043453039e-15,-1.2116625869032653e+17
3212460827,4379641636638807104,4379641636638.807,0x0,-206530599190528.0,6.124501038057645e-28,4.624284932271896e-44,0.21027909219264984,-0.003507588990032673,-0.008057699538767338,-0.9776018857955933,0.0045136744156479836
4154556476,9316445896703035,9316445896.703035,0x0,45768245248000.0,5926400959709184.0,-1877260763136.0,2.7658478247679355e+35,15744.1865234375,-0.862399697303772,4.507901816600452e-33,1.1035529031013252e-24
1002875520,36465381228028,36465381.228028,0x0,0.20905204117298126,-0.0038238184060901403,-0.008699988014996052,-0.9778583645820618,0.0049179112538695335,0.02600838430225849,0.007504820823669434,37.96468734741211
4269817037,2392891448903875584,2392891448903.8755,0x0,-2.1250362580715887e-16,6.045789754773996e+17,6.6478800773620605,153862368.0,1.6964062533181279e-12,-1668451926016.0,-34423488512.0,-3.485813796898912e-13
81346620,9365923913520956,9365923913.520956,0x0,89122718875648.0,1.3526336429374099e+37,1.3236585247823037e-26,2.660683729043408e+35,-0.005975812207907438,-1081580928.0,-4.377374112800399e+30,4.139359456821364e-24
1004778496,36658654718660,36658654.71866,0x0,0.2096795290708542,-0.004042757675051689,-0.009156404994428158,-0.9777189493179321,0.006016543135046959,0.025783268734812737,0.007341444492340088,38.15637969970703
2843753673,2405557821209263100,2405557821209.263,0x0,1.882207611218875e+35,-3.629426060565631e-19,-2.2454308383457766e-24,14813205504.0,-2.1198037120399253e-15,8.389422416687012,-4.96094102788003e+27,-3.48580837588805e-13
3212464381,4379578281578489706,4379578281578.4897,0x0,9.263852430920743e-30,9.385879735576765e+26,4.624284932271896e-44,0.20945745706558228,-0.003422630252316594,-0.0076462808065116405,-0.9777818918228149,0.003509233705699444
94109756,9415401933554748,9415401933.554749,0x0,44186623541248.0,2.1779516869517194e+20,-1049066901340160.0,2.7686873621124467e+35,4.504584616150806e-38,-1.0558456779108383e-05,-1.5347777538439192e+24,1.103552804493712e-24
1007658880,36851928309794,36851928.309794,0x0,0.20935462415218353,-0.00365140987560153,-0.00789365079253912,-0.9778010845184326,0.0032268092036247253,0.02466703951358795,0.006437957286834717,38.108455657958984
3380624595,2418224200101084129,2418224200101.084,0x0,1.5340386230730752e+16,128979746816.0,-1213.85693359375,50126168064.0,150269.90625,-39791005696.0,-1.5806490734942153e-30,-1.2116534815725978e+17
3929781645,14140101952796411649,14140101952796.412,0xaa,1.0046363931470647e-18,4.440892098500626e-16,8.572174730432348e+17,1535378.125,-2.1381623901972624e-11,100389416.0,-1.5169376125044158e-25,5.583036525981364e-39
76906556,9464879969668924,9464879969.668924,0x0,134290742444032.0,2.5100385912637882e+19,-1.278909181315202e+32,2.6163664659890226e+35,3842031360.0,-0.01351123582571745,-2.657134088070103e+17,3.089771542170077e-24
1006122240,37045201812988,37045201.812988,0x0,0.20993460714817047,-0.003230081172659993,-0.007371273823082447,-0.9776822924613953,0.002864445559680462,0.023021796718239784,0.006477236747741699,37.96468734741211
4227072000,14689540651123424854,14689540651123.426,0x0,2.608202994193959e+35,5.798906358765978e+16,-7852.27880859375,-0.0016555855982005596,1.4206875101670424e-24,3.097029354182779e-39,-9.813667847213481e+21,-5.032394164451262e-37
1409301699,2430890569113222058,2430890569113.222,0x0,-8.571973426213519e-19,-2.5295986944138575e+26,-2.238806506547819e+21,462913440.0,-6.612725358743787e+26,1.4512272512647168e+16,-4.665250408208976e-10,0.12316073477268219
775617581,14140150256146103491,14140150256146.104,0xaa,1.3095682541586128e-18,-536870912.0,9.425095476956925e+29,2.2337389964377508e-05,-1.1580419272549511e-30,-1531.822021484375,-1.6610938156653293e-13,-5.578204848876372e-39
3212461277,4378423089993907456,4378423089993.907,0x0,-751.8925170898438,-12421.916015625,4.624284932271896e-44,0.2100592404603958,-0.0035837418399751186,-0.008031104691326618,-0.9776490926742554,0.003516456112265587
3373563964,9514357980054587,9514357980.054588,0x0,122339995942912.0,1.1644607155710523e+33,-6.841902542027213e+26,2.632136039455862e+35,2.902104304759479e-34,-507.7361755371094,-1.8829463812805591e-13,1.103552804493712e-24
1003557632,37238475341308,37238475.341308,0x0,0.21045176684856415,-0.003381713293492794,-0.00779664795845747,-0.9775673151016235,0.003932426683604717,0.023992463946342468,0.0050272345542907715,37.91676330566406
729824458,2443556948005043111,2443556948005.043,0x0,-781684047872.0,7.089509726805773e-37,3.0505741162312194e-13,0.03097345493733883,0.022552240639925003,-2.2002685149388202e-34,-1.9758106365711586e-31,-3.4858100021913085e-13
3212459954,4379947206383551848,4379947206383.552,0x0,-3.898028447915656e+36,-1.537776491247799e+31,4.624284932271896e-44,0.21047721803188324,-0.0036183493211865425,-0.007837317883968353,-0.9775606393814087,0.00378998089581728
2567110716,9563836006520635,9563836006.520636,0x0,268899312467968.0,6.2889220968528925e+25,1.4740093753533346e-37,2.5231689919306495e+35,1.6525329671122702e+34,-1386.5697021484375,-2012.00732421875,3.089771542170077e-24
1002882816,37431748844503,37431748.844503,0x0,0.2102428376674652,-0.0034502760972827673,-0.008244785480201244,-0.977608323097229,0.004293574020266533,0.0240678321570158,0.007545053958892822,37.96468734741211
3145743562,2456223321957022673,2456223321957.023,0x0,-6.116414146101207e+31,9.992037486112711e+24,5.384353754732449e-31,0.0032308115623891354,1.2920106946660327e-14,-3.4940526038969736e+36,-1.4237216074586452e-14,-1.2116627587019571e+17
3877307,14140170766762427537,14140170766762.428,0xaa,2.104140476386611e-18,-1.0339757656912846e-25,-6.176947433318199e+34,-4.321676016735423e+20,-1.3354671101611926e-12,-4.7407546223753024e+29,-9.44815239509306e-27,-5.5798443680796323e-39
34,13501528647220558370,13501528647220.559,0xaa,-3.035643999069757e-25,2.9501790794621036e-31,5.628775720385828e-34,-5.5785341540154886e-39,-751.7184448242188,1.0275168098886952e-20,4.764414778704378e-44,0.21053126454353333
2738356284,9613314039418683,9613314039.418684,0x0,395935855149056.0,2.664655698681649e+20,1.943602511446832e-38,2.479815341402844e+35,-1.400053550769111e-37,-47268.23046875,-7284295991296.0,4.139359456821364e-24
1001825152,37625022397948,37625022.397948,0x0,0.21087490022182465,-0.0036222024355083704,-0.008265680633485317,-0.9774714112281799,0.004621503874659538,0.02497154474258423,0.007609128952026367,38.06053161621094
562052296,2468889690145831908,2468889690145.832,0x0,-5.492996255234949e-26,7326991384576.0,1.2713450193405151,7.085442066192627,-7.925486096746826e-30,1.2934048210582053e+21,4.960944569654892e+27,0.12316124141216278
3212456649,4383234707501551464,4383234707501.552,0x0,-3.902184440408504e+36,203523024.0,4.764414778704378e-44,0.21121422946453094,-0.0036010590847581625,-0.008738323114812374,-0.9773941040039062,0.005611651577055454
3974529084,9662792062668603,9662792062.668604,0x0,689874826952704.0,6.090919211735085e+21,3.250455000704467e-38,2.4061901945415885e+35,3.162685041572212e+30,-29252.115234375,7.192172186719931e-34,3.0897717393853032e-24
1004429952,37818295901143,37818295.901143,0x0,0.21110837161540985,-0.00348397227935493,-0.007849271409213543,-0.9774249196052551,0.003314073197543621,0.02465110272169113,0.008631408214569092,37.96468734741211
956316862,2481556066567732249,2481556066567.7324,0x0,3.9373797157524117e-22,4.0817037110907344e+33,-7.598962047007033e-23,0.0005750037962570786,-4743101.0,-4.0092291949908054e-34,-1.5806451238331965e-30,-1.2116601817215795e+17
4184178748,9712270085918523,9712270085.918524,0x0,803279143436288.0,5.1466806249972203e+33,5.086220057950062e-32,2.3826625994013526e+35,-1.41331660629873e-28,-4008524544.0,-5632.029296875,1.4206875101670424e-24
1008484928,38011569479714,38011569.479714,0x0,0.21127380430698395,-0.003778045764192939,-0.007390883285552263,-0.9773916602134705,0.0022920891642570496,0.024424277245998383,0.008560657501220703,37.91676330566406
742407359,2494222438873119749,2494222438873.1196,0x0,-3.415236843329339e-18,5.534484792171335e-27,-3.0811033724376102e-09,1.4070779208452677e-08,1.3984695682024854e+28,2.5021058691314483e+17,65657.4765625,-1.2116573470431642e+17
3212457766,4378614293349202684,4378614293349.2026,0x0,-3.903395680557022e+36,-2.693604794575433e-15,4.764414778704378e-44,0.2111673653125763,-0.0033888532780110836,-0.007875178009271622,-0.9774123430252075,0.0032211747020483017
173735996,9761748112384572,9761748112.384571,0x0,2229156746100736.0,3.6503831078159474e+21,2.4104398091388374e-36,2.2472268092729685e+35,-2.48977197280647e-32,-574.2848510742188,-1.654452914422452e+20,3.089771542170077e-24
1006047616,38204842957783,38204842.957783,0x0,0.21131789684295654,-0.0035138679668307304,-0.007698576431721449,-0.9773807525634766,0.0028216075152158737,0.02409951761364937,0.005758464336395264,37.96468734741211
15553,2506888811178441728,2506888811178.442,0x0,8.402034446321673e+25,-2.3035909733125617e-22,3.6076140587629144e+25,1.1305064617772587e-06,-23.093494415283203,-2.030577881674328e+33,1.234880766236211e-32,0.1231609433889389
4240736316,9811226119554107,9811226119.554108,0x0,1304433107402752.0,2.2179554426295438e+23,-2.0986472613164046e+27,2.3266322448008585e+35,8.263430494338014e-34,-25.646596908569336,-750.003662109375,3.089771542170077e-24
1004715136,38398116473540,38398116.47354,0x0,0.21204929053783417,-0.003877719398587942,-0.00862553995102644,-0.9772132039070129,0.00502057746052742,0.025030741468071938,0.004817545413970947,38.06053161621094
3498065086,2519555188423670694,2519555188423.671,0x0,-283467841536.0,-7.652188319250876e+26,-0.0003008499334100634,1.3398995196548604e-18,3.2877861544378106e-10,0.0001680673740338534,-3.394413191793776e-21,-1.3741703362159683e-19
3694881205,14140171185521739079,14140171185521.74,0xaa,6.83747122105057e-18,-2.9802322387695312e-08,5.357883654930432e+16,,-1.3359092478071322e-12,-4.5016049063066536e-36,4.469465420697816e-05,-5.580916361404841e-39
509362236,9860704152452156,9860704152.452156,0x0,6010067996377088.0,1.4041208625710419e+34,9.19118665565962e-33,2.12137445768231e+35,-3.8443990411258395e-21,-70049554432.0,3.403863366785089e-22,4.139359851251817e-24
1003703296,38591390039548,38591390.039548,0x0,0.21293796598911285,-0.003246006090193987,-0.007425425108522177,-0.9770321249961853,0.0029955264180898666,0.023848475888371468,0.0066010355949401855,37.91676330566406
3992992969,2532221560729058238,2532221560729.058,0x0,-1035993088.0,-1.0477413116889762e+31,-1.057682550506114e-22,1.3195718662940994e-18,1.4039497386875155e-07,-1.3000240203875302e+23,4.046460665180219e-28,-3.4858186758086884e-13
3142627406,13797378048354783250,13797378048354.783,0x0,9.277387409159135e+29,-5.579576720072946e-39,-3.9039860888240785e+36,1.1033005238580973e-11,4.90454462513686e-44,0.21242879331111908,-0.003235988086089492,-0.007456771098077297
2877423676,9910182156405819,9910182156.40582,0x0,8127864830427136.0,4.79186490641932e+21,7.459918575768555e-33,2.0799476360668514e+35,-1.155580497441379e-17,-2061376896.0,-64961626112.0,1.4206875101670424e-24
1000411136,38784663567868,38784663.567868,0x0,0.21324600279331207,-0.0036976533010601997,-0.009072343818843365,-0.9769493937492371,0.006078621372580528,0.025864630937576294,0.006295502185821533,38.06053161621094
1258306757,2544887936327629746,2544887936327.63,0x0,5.250450583350418e+37,-3.008025528138852e+24,-1.0225293868396147e-31,9.90416778741377e-16,-1.284922213073969e-08,877492.0625,0.003913493826985359,-3.485820031061404e-13
3212454059,4379755294357520800,4379755294357.521,0x0,-3.89977241822892e+36,5.463279575393894e+16,4.90454462513686e-44,0.21225759387016296,-0.0032796335872262716,-0.007325527723878622,-0.9771807789802551,0.002792639657855034
4053762108,9959660202168123,9959660202.168123,0x0,4976389627314176.0,6.114312596148787e+25,6.567357073189823e-28,2.139070860061496e+35,-0.0005740038468502462,-920278012002304.0,2.624097181642871e-32,1.4206876087746555e-24
1003677184,38977937108751,38977937.108751,0x0,0.21206814050674438,-0.0032409154810011387,-0.007717092055827379,-0.9772190451622009,0.0038202935829758644,0.024560879915952682,0.008135676383972168,37.91676330566406
2835365060,2557554308633017330,2557554308633.0176,0x0,2.099263639382087e-32,4.268081112434214e-21,3.026283887715663e+32,4.198863479132342e-12,-64625287168.0,40059310080.0,-1.4928795977198206e-08,-1.2116600958222336e+17
876314103,14140135988264749284,14140135988264.75,0xaa,1.4231038597127677e-17,6.044629098073146e+23,9.610113088580315e-27,1.7277573018697198e+21,1.8614669536893803e+30,-1.1037911029531646e+20,1.5196401038949846e+34,5.581185410709991e-39
4275503164,10009138209337659,10009138209.33766,0x0,3009706922606592.0,1.924038739960571e+20,4.410827939798226e-37,2.21568766233929e+35,6.0068070577545555e+22,-1730780544.0,-5.8557560560365714e+23,1.4206875101670424e-24
1006849984,39171210624508,39171210.624508,0x0,0.21147941052913666,-0.00370754930190742,-0.0075468397699296474,-0.9773463010787964,0.0026855645701289177,0.02569791115820408,0.008564233779907227,38.15637969970703
142621899,2570220682584996839,2570220682584.997,0x0,-3.6557916785146386e+27,-1.1250732621238209e+24,0.009322023950517178,4.041210074912094e-11,-136750634631168.0,1849.8509521484375,-3.644726881413263e-12,0.12316091358661652
3605069884,10058616245451835,10058616245.451836,0x0,1711870884970496.0,3.662274070985674e+28,-2.002996113371535e+33,2.2916957942585685e+35,8.791001832834406e-25,-32561.615234375,-1.757882017727752e-08,1.103552804493712e-24
1006807936,39364484152828,39364484.152828,0x0,0.21127308905124664,-0.0035898603964596987,-0.008351135067641735,-0.9773848056793213,0.0041875457391142845,0.026110054925084114,0.007245302200317383,38.06053161621094
3095411921,2582887058183568387,2582887058183.5684,0x0,9.108079886394091e+19,1.8937053691930214e+18,1.0605556035892359e+22,8.03673799509852e-07,3.109317658229532e+27,-5.3222898714011535e-05,-1.2948675669320656e-26,4.432854722087597e+28
601440792,15726103865801572352,15726103865801.572,0x0,-7.523049493172192e-29,7.807469955878332e-05,5.170233688939208e-18,-190.2330322265625,3.027922431292575e+23,-1.2116584637346611e+17,2.3663597497751566e-17,8192.0
1950059206,14140127621668456722,14140127621668.457,0xaa,2.3988858149497217e-17,3.0517578125e-05,9.204458959090883e+26,5.200569690871643e-15,-4.654735772416535e+29,-1.3931817921530865e-09,-1.0400859860870693e-14,-5.582815120824001e-39
4008935484,10108094259053627,10108094259.053629,0x0,118257629528064.0,-3.3152792044308633e-35,-2.878886078640219e+30,2.635026282824382e+35,1.6317434972685272e+34,-532596544.0,-23152680960.0,3.089771542170077e-24
1005075968,39557757643460,39557757.64346,0x0,0.21074514091014862,-0.004382637329399586,-0.008939500898122787,-0.9774903655052185,0.0031171049922704697,0.0277167446911335,0.005080997943878174,38.15637969970703
4214013818,17311903884291488541,17311903884291.488,0x0,6.73522814446096e-24,3.3076052770137977e-39,2.001777082378327e-22,8.140220642089844,-1.7063833417484543e-16,0.00015138095477595925,-2.965248604867022e-17,4.9648021444276743e-33
2130722002,2595553429665627065,2595553429665.627,0x0,0.000278472900390625,-7.903273591125526e-10,0.0045084403827786446,1.796894139260985e-05,1.5041875420859335e+19,-36410.9765625,8605880320.0,-1.2116546841634406e+17
2742517820,10157572282303547,10157572282.303549,0x0,453015970512896.0,-9.013235380229385e-29,4.2685237796570166e-33,2.4544623293982795e+35,4.634813649317948e-06,-1.502653901176832e+16,-6.795771056999911e-09,4.139359456821364e-24
1045924406,13550702593181263510,13550702593181.264,0xaa,-1.3931824582869012e-09,-4.2605575317766764e-11,5.587841578415534e-39,-750.500732421875,4.208708853304096e-17,5.044674471569341e-44,0.21052806079387665,-0.004113887902349234
1001876224,39751031171780,39751031.17178,0x0,0.2106061726808548,-0.004105834290385246,-0.008132289163768291,-0.9775285124778748,0.002267804928123951,0.025856856256723404,0.004316449165344238,38.06053161621094
3212852439,2608219803617606536,2608219803617.6064,0x0,3.885139958213483e-29,1.431946413998611e-20,-54077429907456.0,138991.640625,-1885322496.0,-2.5878424223594248e-24,2.0807744314602893e+34,4.4328533053776524e+28
2050698198,14140143006241313616,14140143006241.312,0xaa,3.97377797881046e-17,1.4411518807585587e+17,-761.3602294921875,-5.082605483567791e-18,-24642080.0,1.1037934778982806e+20,2.1073100701014426e+17,5.584229030974505e-39
3212461280,4382512019117222608,4382512019117.222,0x0,-3.89921750417867e+36,0.011846599169075489,5.044674471569341e-44,0.2102910876274109,-0.00394407706335187,-0.008409276604652405,-0.9775946736335754,0.003369346261024475
2840559676,10207050295905339,10207050295.90534,0x0,142129057759232.0,-5.196648201318216e-33,7.915928298738263e-37,2.6009520327606537e+35,-2.2314157839158412e+30,-3.683169119589158e+19,-5.2619938628595264e-08,4.139359456821364e-24
1001773568,39944304737788,39944304.737788,0x0,0.20871594548225403,-0.004137866664677858,-0.00862408708781004,-0.9779295325279236,0.0026890505105257034,0.02701287716627121,0.006103396415710449,38.06053161621094
3766500564,2620886177569586079,2620886177569.586,0x0,3.7269449679189215e-19,-3.632805190303138e-21,-2.137311004662773e-38,2280362868736.0,-9.803178505508187e-14,-2.670406022184295e-26,1.697211846555073e-21,-1.2116592368287744e+17
1530606798,14140178916462877158,14140178916462.877,0xaa,4.949559934047414e-17,1.504632769052528e-36,9.65126527247786e+32,2.0332981231086402e-17,5.471785247124217e-09,2.1258304361629343e-14,-6.803017593703942e-10,5.5862553085539184e-39
3163160636,10256528332019515,10256528332.019516,0x0,185400853266432.0,-1.7906931749466024e-30,8.040176729567855e-29,2.5670804087225554e+35,6.355132540885402e+17,-1.2516451246564966e+17,5.331002297928289e-31,3.0897717393853032e-24
1001093504,40137578215857,40137578.215857,0x0,0.21000874042510986,-0.0043572429567575455,-0.008116338402032852,-0.9776561260223389,0.0015886854380369186,0.026943422853946686,0.007249772548675537,37.96468734741211
754990301,2633552553991486448,2633552553991.4863,0x0,-3.1888484954833984e-06,-1.1586489545578615e-09,1.0384237891204304e+22,35582000.0,-3.8241868019104004,1.1527215813822433e-12,2.0717927909529298e-25,4.4328863619430325e+28
976950305,14140155375747130624,14140155375747.13,0xaa,6.299568655442953e-17,-3.851859888774472e-34,3.753779799870675e-29,-6.758738108113486e+18,5.603817953669932e-06,-1.1037937417810713e+20,-1.3738465789931853e-37,5.591667123223141e-39
2876342332,10306006355269435,10306006355.269436,0x0,47721381625856.0,-1.435902854139147e-34,6.238618295767394e-32,2.7449064349225714e+35,0.002546116476878524,-2.3903484149078426e+17,-1.3222680195230535e+23,1.4206875101670424e-24
1004780416,40330851794428,40330851.794428,0x0,0.20875926315784454,-0.0042914231307804585,-0.00832094345241785,-0.977922260761261,0.002397761680185795,0.027309399098157883,0.008781254291534424,37.91676330566406
2290105565,2646218927943465972,2646218927943.466,0x0,,-3.125447768922733e+31,-1.4262899672087825e-12,24152786337792.0,-2.2918251305722086e-31,4.4094946877876184e-13,34423549952.0,0.1231609433889389
3212466736,4387900991894531168,4387900991894.5312,0x0,2.5453476549792796e-18,-194.09619140625,5.044674471569341e-44,0.208806574344635,-0.0041937255300581455,-0.008932335302233696,-0.9779071807861328,0.003755742684006691
4010475580,10355484378519355,10355484378.519356,0x0,15756892831744.0,-3.759873907959124e-37,-3.277554994661095e+37,2.8896212293742198e+35,-173588602683392.0,-282224247177216.0,-3.5254869682028544e+16,2.4555021308234163e-24
1007557760,40524125285060,40524125.28506,0x0,0.20803508162498474,-0.004408039152622223,-0.008729594759643078,-0.978072464466095,0.0032794084399938583,0.027818851172924042,0.008064806461334229,37.91676330566406
4253039838,2658885301895445519,2658885301895.4453,0x0,1171456.0,2.040113742700232e+22,-0.02413726970553398,2.460543855437126e+19,-2.3682673665757087e-33,6.332407266288328e-21,-134466992.0,0.12316104024648666
133496892,10404962408201276,10404962408.201277,0x0,32434519277568.0,-2.0904635213298468e-33,3.9706531782549753e-35,2.792570097491153e+35,6.009046592671955e-22,-3.656644102507725e+17,-1.4013571914146976e+30,1.4206875101670424e-24
1005550208,40717398825943,40717398.825943,0x0,0.2087840586900711,-0.004152353852987289,-0.007957872934639454,-0.9779205918312073,0.0016844486817717552,0.026519982144236565,0.005410134792327881,37.96468734741211
2810199269,2671551674200832968,2671551674200.833,0x0,-1.2571287385602044e-26,-3.701293098856695e-05,8.967227206261264e-20,5.931653060467098e+16,5.514134331173772e+36,0.12913283705711365,2.130716313706897e+37,-1.2116556290562458e+17
951848885,1746098123207309912,1746098123207.3098,0xaa,0.5009285807609558,9.062374914611092e-25,1.311955435367895e-16,2147483648.0,-5.890606754051111e+28,-1.270980278583014e-18,2.8978618225877964e-31,1.7584465631482046e-38
3212465330,4386597778559625624,4386597778559.6255,0x0,-3.902872774684428e+36,2.5688217111353234e-21,5.184804318001823e-44,0.208876833319664,-0.004153878893703222,-0.008579248562455177,-0.9778954982757568,0.0032641347497701645
3410296892,10454440431451195,10454440431.451197,0x0,24810415456256.0,-8.342715606304429e-38,9.292852577574614e-38,2.8336419769385474e+35,3.234514692574162e-36,-702600118272.0,-1.260136831743704e-34,1.4206875101670424e-24
1045829024,13550148838753245360,13550148838753.246,0xaa,7.233828430743952e+24,-9.053712904390291e+26,-5.588759428909667e-39,-206467751739392.0,1.1297710322821786e-08,5.184804318001823e-44,0.20898884534835815,-0.004212993662804365
1005783296,40910672379388,40910672.379388,0x0,0.20898234844207764,-0.004169163294136524,-0.007925732061266899,-0.9778783917427063,0.0011239638552069664,0.02648119442164898,0.006080806255340576,37.96468734741211
2743090398,2684218049799404463,2684218049799.405,0x0,8.734267942607043e-27,6.2683674173608645e+32,-6.537564690894551e+37,8683888574464.0,-7626140709552128.0,7.517026915593306e-06,-4.93953893411858e-32,-3.4858013285739287e-13
3212465503,4385180327676945012,4385180327676.945,0x0,-206397539090432.0,3180022.75,5.184804318001823e-44,0.20894455909729004,-0.004134295508265495,-0.008536620065569878,-0.9778814911842346,0.0031881434842944145
2849636412,10503918454701115,10503918454.701117,0x0,47053514211328.0,-2.334843521834901e-31,3.804895069102481e-32,2.7461233794987905e+35,1.0275970652173783e-07,-1.2488743553545011e+17,-2.497060940475315e-23,3.089771542170077e-24
1003719680,41103945882583,41103945.882583,0x0,0.2094564288854599,-0.004269809927791357,-0.00827266089618206,-0.9777736663818359,0.0014494480565190315,0.02713516354560852,0.005849599838256836,38.06053161621094
1342192863,2696884423751383958,2696884423751.3843,0x0,-3.979039320256561e-11,1.9680519436349186e-09,0.059260912239551544,66514988.0,-2.7829588405005056e-36,-2.2896232300525718e-14,6.174425871700133e-33,0.12316086888313293
1580820163,14140131358290009346,14140131358290.01,0xaa,2.1012546169373421e-16,-0.00048828125,194905.09375,-5.329841169104954e-12,-3.0369788996328106e-25,-3.2437603377931415e-19,-2.408075813201529e-24,-5.5875150758733464e-39
3212465454,4383095623555278752,4383095623555.279,0x0,9.252756516565365e-30,3.9367232918448566e+33,5.184804318001823e-44,0.20915775001049042,-0.004159501288086176,-0.008258266374468803,-0.9778382182121277,0.0018372712656855583
3292561468,10553396471519035,10553396471.519035,0x0,20038706790400.0,2.2258059776297896e+33,-4.704780619979162e+16,2.8662457523060112e+35,-1.1780964224994417e-11,-1559164485632.0,-30305415069696.0,1.4206875101670424e-24
999119232,41297219398340,41297219.39834,0x0,0.20795688033103943,-0.003906937316060066,-0.007992369122803211,-0.9780975580215454,0.0024740397930145264,0.025920480489730835,0.005041062831878662,37.91676330566406
3789357056,10545947532452445782,10545947532452.445,0x0,2.6263050447652182e+35,13699841024.0,-716508864.0,-115081696.0,2.4555021308234163e-24,2.60361254671551e-42,-1.3877787807814457e-14,-7.149285704058846e+33
2239773904,2887416713853915,2887416713.853915,0x0,3.6193270602780103e-14,5.2284473725086446e+26,-1.1045911364401806e-13,9391.013671875,1.2376254485119472e+26,1.0248976692034929e+19,-2.332626869439025e-10,-3.485802412776101e-13
2084281573,14140138769256074654,14140138769256.076,0xaa,1.4012410110877798e-39,-549755813888.0,-0.7435141205787659,0.005716163665056229,1653902248247296.0,1.8438629532213717e-32,-2.3122784501578722e-30,5.583248122049477e-39
3212462269,4380143920184440172,4380143920184.4404,0x0,-751.7401123046875,9.799163912665322e-27,0.0,0.21004635095596313,-0.003377825254574418,-0.008629363030195236,-0.9776474833488464,0.005505220033228397
3941761084,29970669210683,29970669.210683,0x0,147128399691776.0,45366894592.0,-1.4663755198718e+38,2.602777251554576e+35,1.3659119941324409e+32,-56.36448287963867,-5292062.0,4.89677271787858e-25
2151466860,2756790679508864844,2756790679508.865,0x0,1.0842021724855044e-19,-2.579595827471119e-18,-1.3960532214696286e-06,2.8289623830219275e-34,2.825711078239617e+22,6.086535225313015e+34,-5.582254601438271e-39,-206454933946368.0
1005140864,190087358073,190087.358073,0x0,0.21039441227912903,-0.003681689267978072,-0.008220277726650238,-0.9775750637054443,0.00402461551129818,0.024939483031630516,0.005838572978973389,37.96468734741211
2399157457,15553797252332491,15553797252.332493,0x0,-0.00010919570922851562,-1.0967057370626105e-35,-1.1859971646242003e+35,0.23411576449871063,-7.886274780651499e+24,9.449845996044402e-15,8.522845986538464e+37,9.06237392853496e-25
3181281340,79448682812475,79448682.812475,0x0,1290757931532288.0,2.5359428213314e+20,2.1056738672165103e-33,2.3201420717980963e+35,-1.024699404706487e-27,-38711532.0,-7.55556490878133e-19,3.089771542170077e-24
2151467754,5999383465042886837,5999383465042.887,0x0,-2.658455991569832e+36,11.896458625793457,7.07816212211344e+24,24643068.0,5.190007441482288e-18,-3.786682105373332e-26,5.584299095897721e-39,6.098784394413736e+34
1006334208,383360949207,383360.949207,0x0,0.2108573019504547,-0.003414189675822854,-0.007979488000273705,-0.9774783253669739,0.003905833698809147,0.024871202185750008,0.006681382656097412,38.108455657958984
494943422,28220167087733734,28220167087.733734,0x0,-0.123046875,103746822144.0,4.519269016639577e-18,0.39596521854400635,67275805687808.0,-3.691096161898867e-14,256.4747314453125,-2.9424376251816193e+23
3271557180,128926725358651,128926725.358651,0x0,691524094394368.0,3468574208.0,1.1129252309306375e-36,2.4057338403255063e+35,-4.223304598610309e-26,-3936.514404296875,-5.407131240163955e+23,4.89677271787858e-25
3984532,9241974775222102345,9241974775222.102,0x0,3.777893186295716e+22,1.4663476233428566e-31,-5994.52392578125,7.242823724018085e-32,1.1037926862499086e+20,9.255301602894217e-30,5.583377041508195e-39,-2.7356041876203108e-09
1005973888,576634414713,576634.414713,0x0,0.20987455546855927,-0.0031086746603250504,-0.007251093629747629,-0.9776964783668518,0.003657565452158451,0.024136967957019806,0.007570803165435791,37.91676330566406
3699391680,40886540216384467,40886540216.38446,0x0,-1.1322034634319566e-23,1.3162451526655643e-18,196206280704.0,2078141440.0,1.9707843429363426e+31,4.986348245001584e+26,-9.330489714187706e-10,-1.2116619856078438e+17
3709009980,178404751824699,178404751.824699,0x0,115096533598208.0,1.8357920118690879e+24,1.898281632435731e-37,2.6370040158311445e+35,-1.148236337935792e-36,-4411933.5,3.1215585386085998e-30,1.1035529031013252e-24
3986246,12484567139228569632,12484567139228.57,0x0,-1.0097419586828951e-28,6.297810578532172e-22,-2.7007330501340955e+19,4.977203502971604e-21,2.8135115863363216e-37,3.699144176613947e-29,-5.584761524390948e-39,-1.4486507909900972e-31
1004104320,769907980721,769907.980721,0x0,0.20961429178714752,-0.0035302264150232077,-0.007970173843204975,-0.9777452945709229,0.004034827463328838,0.024832051247358322,0.007964491844177246,37.72507095336914
385891536,53552914991692748,53552914991.69275,0x0,1007616.0,-9.038364452392772e+24,3.222049797108051e-12,990.938232421875,2.89143377166214e+35,2.0533402912480042e-29,4.960946340542323e+27,9.062433093102852e-25
3466002492,227882771858491,227882771.858491,0x0,37091337568256.0,3468769670201344.0,1.1721282211556903e-35,2.7770540541443593e+35,-1.732131317803326e-26,-8816487424.0,-7.606762434651031e+35,1.103552804493712e-24
2151469621,15727159503235057618,15727159503235.059,0x0,-1.5407439555097887e-33,-6.176825620018333e+34,-402208915456.0,-1.8106689029324704e-32,2.825712879679468e+22,201547743232.0,-5.5826273468297814e-39,-206635742003200.0
1002867584,963181521604,963181.521604,0x0,0.20897293090820312,-0.003220152109861374,-0.00816609337925911,-0.9778820276260376,0.004798443056643009,0.02545791305601597,0.00711214542388916,37.91676330566406
3506453706,66219286473751540,66219286473.75153,0x0,4.67005655890839e-27,-2.861958889418596e-21,-7.326094034371908e-25,15718508658688.0,7.325603882096463e-35,-346244841472.0,3.027920629852724e+23,-1.2116619856078438e+17
2428243638,9168158953249405522,9168158953249.406,0x1,-1101551632384.0,-3.4858251810217233e-13,2.197239215047781e-38,-1.4411518807585587e+17,9.651286936428548e+32,-1.8037709551450514e-32,7.275360444922426e+27,-4.949583898647119e-24
352878652,277360785460284,277360785.460284,0x0,232069967904768.0,3.673055172545741e+16,1.2030801917135993e-27,2.539851273829653e+35,-101505.4921875,-60668751872.0,2.5723268842084084e-26,2.4555023280386426e-24
3225208425,523006739704709801,523006739704.70984,0x1,3.851859888774472e-34,-1.0819609097545424e-11,1.9373125367178056e-23,-6461043769344.0,-6579120766976.0,-3.7902523172670395e-26,-5.5810705042359166e-39,3227629912064.0
1007256064,1156455012236,1156455.012236,0x0,0.21002405881881714,-0.0034127221442759037,-0.007862993516027927,-0.9776586294174194,0.004114478826522827,0.024441123008728027,0.009363293647766113,37.91676330566406
1845509312,78885660425731064,78885660425.73108,0x0,2.0853970388352353e+25,-1.9789758467738188e-22,-7.295532505590652e+28,32176601088.0,0.00015139384777285159,-5.224505571411629e-15,-3.087201180906558e-33,-3.4858097311407654e-13
3995926588,326838815142203,326838815.142203,0x0,33563558805504.0,0.00093378487508744,-1.1826222050595852e+32,2.795916497005349e+35,6.823751093432636e+28,-0.3252199590206146,-1.9815941439645286e+17,3.089771542170077e-24
2151467734,3765598892939017613,3765598892939.0176,0x1,34359738368.0,-2.9740140438079834,1.2155889823584812e+35,-1.1099342858756254e+23,7.919336762190287e-23,-4.069527443435923e-17,-5.580407690062291e-39,-1.4469487927195416e-31
1006033664,1349728527993,1349728.527993,0x0,0.209332674741745,-0.002854995196685195,-0.008253488689661026,-0.977805495262146,0.0056679826229810715,0.024114392697811127,0.007049500942230225,37.77299499511719
1625866106,17672191796057095141,17672191796057.094,0x1,4.896773210916646e-25,1.1632178552360307e-40,-66560.0,-4.0287825116950312e-16,7.205251506547938e-08,7822861.0,-3.7709393278616058e-31,4.87784699718638e+19
1853897936,91552036847631346,91552036847.63135,0x0,-1.0788440704345703e-05,-0.17113623023033142,8.425235271347786e-32,32208940.0,1.1163574960996464e-24,222.2340087890625,8.689712246652786e-19,-2.942431500286126e+23
3212465748,4381625842816126866,4381625842816.127,0x0,-206499997548544.0,3256343296.0,1.401298464324817e-45,0.20899271965026855,-0.0033433008939027786,-0.00852788146585226,-0.9778742790222168,0.0050880685448646545
67289148,376316841608252,376316841.608252,0x0,60552596422656.0,1.1407481340765762e+21,3.3338451597863104e-28,2.711846107268619e+35,-0.00011511285993037745,-30445524992.0,-9.186512325704562e+21,3.7235011261385334e-25
2151466587,7008189360046323450,7008189360046.323,0x1,-0.0001220703125,-1.3393776055681024e+16,3.173747512252712e-19,7.627351531520015e+33,25699717120.0,49182872.0,5.583384048000517e-39,-206318149304320.0
1004863104,1543002119127,1543002.119127,0x0,0.20928382873535156,-0.003169007133692503,-0.008437369018793106,-0.9778134226799011,0.005469311028718948,0.02474365383386612,0.0063269734382629395,37.77299499511719
2642427075,104218410799610837,104218410799.61082,0x0,-9.844765188136658e-38,-5.5297098340602155e-28,2993870.25,3971745280.0,2082457037832192.0,5.4575907761505915e+37,-9.921885597534922e+27,9.062359137392988e-25
1220278949,3187253004000524883,3187253004000.525,0x0,9.921886778126543e+27,-2.9424282576943943e+23,4.523047844457057e-38,-6.310887241768095e-30,-837112412766208.0,-1.3951389519206714e-06,-3.1849307356404873e-19,1.393184345666043e-09
3212465228,4379893721158374604,4379893721158.3745,0x0,-751.2348022460938,4.031142219057072e+36,1.401298464324817e-45,0.20914514362812042,-0.003162286477163434,-0.008145183324813843,-0.9778455495834351,0.004474872723221779
3386933308,425794864858171,425794864.858171,0x0,59484223307776.0,725991072727040.0,3.1952858241120606e-37,2.7216830759263902e+35,-1.2674283582623208e-38,-380993.84375,-0.0017471383325755596,1.103552804493712e-24
3984780,10250781091753097979,10250781091753.098,0x1,-2.710505431213761e-20,-2.529991671270415e+38,7.781908647482165e+36,1.4687753915786743,392146.75,3.6263084688225575e+27,-5.583721760930419e-39,-3.9047191077836605e+36
1006365056,1736275722823,1736275.722823,0x0,0.21079643070697784,-0.0038875380996614695,-0.00850226916372776,-0.9774852991104126,0.003263978287577629,0.025649849325418472,0.007132768630981445,37.72507095336914
3573562577,116884781458340848,116884781458.34085,0x0,-503576325521408.0,-7.041106751649873e-23,3.7912257592981306e-26,0.05340186506509781,8.72430080396669e-19,-2.523812421321768e-18,1.3659301554419523e-12,-2.9424423089252317e+23
3212458694,4382666242802563896,4382666242802.564,0x0,-752.118896484375,-4.309717865783394e-14,1.401298464324817e-45,0.2109147161245346,-0.0038070278242230415,-0.00822473969310522,-0.9774624705314636,0.003608575090765953
1020519397,4762247064363184384,4762247064363.185,0xaa,1.401298464324817e-45,0.21107320487499237,-0.0038898976054042578,-0.00857612770050764,-0.9774249196052551,0.004258677363395691,0.026056090369820595,0.008478105068206787
3636854844,475272868811835,475272868.811835,0x0,8200434745344.0,-0.00034355552634224296,-3.7556357279106894e+37,2.9645140268357036e+35,8.719121182138075e-23,-3.621534045332764e+30,-2269199.0,1.103552804493712e-24
2151469015,13493372612687681363,13493372612687.682,0x1,-2.658455991569832e+36,-1.4044092631986565e+22,-4.6197424516129686e-30,1.734484694550593e+21,5.9836883544921875,5.6480294913328315e-34,5.585200130810282e-39,-751.995361328125
1006055168,1929549175767,1929549.175767,0x0,0.20805144309997559,-0.0034741477575153112,-0.008347144350409508,-0.9780761003494263,0.004384635016322136,0.025344915688037872,0.0071215033531188965,37.868839263916016
276839621,129551155410320272,129551155410.32027,0x0,0.0439453125,19962110410752.0,2.0921062893788003e-30,2.3479738379089396e+28,-2.106935855911034e-31,1.0709095507663258e+17,1.6646169702529497e+35,-3.4858053943320755e-13
2576678972,524750911358011,524750911.358011,0x0,10710574694400.0,1029868598853632.0,9.030755186659394e-33,2.9376907382052805e+35,-2.114395241235584e-17,-367724384.0,-1.2818242994816487e-11,1.103552804493712e-24
3984689,16735965398238482306,16735965398238.482,0x1,-6.044629098073146e+23,-190.3320770263672,1.7201824270216583e-38,-1.2151960482822763e-24,-100389656.0,2.4363289837028272e+35,5.583910936223103e-39,-751.6776123046875
1001971200,2122822691524,2122822.691524,0x0,0.20887349545955658,-0.003645216580480337,-0.009675678797066212,-0.9778879880905151,0.007940232753753662,0.026002755388617516,0.0063173770904541016,37.868839263916016
2806054912,5973949346873818709,5973949346873.819,0x1,2.8459128347487567e+35,-1.5472006587595062e-25,-408913.84375,-22592.1171875,4.89677271787858e-25,1.8017615394595633e-40,-1.968911145233676e-16,-7.118896188745313e-37
813710539,142217532655549397,142217532655.54938,0x0,-3.2796418818020433e-25,-1.4479173369377514e-25,-23.841455459594727,2.0461462998325658e+17,6.380255386505034e-27,-8.944664683812588e-36,-3.768557474282852e-37,829933879296.0
3212465645,4380827180760621450,4380827180760.6216,0x0,-1.4457007703672736e-31,5.703798185559334e-37,2.802596928649634e-45,0.20877514779567719,-0.003442285116761923,-0.008334758691489697,-0.9779220819473267,0.0044881850481033325
3547496508,574228937824059,574228937.824059,0x0,33317671927808.0,2.196700647189486e+19,5.5775714619704975e-34,2.78983197219466e+35,-3.5044079059792904e-17,-1309639.375,-9.586447194781803e+23,4.89677271787858e-25
1002457344,2316096169593,2316096.169593,0x0,0.2089214324951172,-0.0030228642281144857,-0.007297641597688198,-0.977900505065918,0.0033660978078842163,0.0234877560287714,0.007326960563659668,37.91676330566406
1820343505,154883909077449675,154883909077.44968,0x0,-5.551115123125783e-17,4.34256460498187e+30,8.764423214957517e-11,2.9236050689785856e+16,0.00045156088890507817,-2.6881470053404254e+38,-34423496704.0,-2.942433121581992e+23
4271996988,623706957857851,623706957.857851,0x0,10678899310592.0,4.435810733855636e+32,1.3393859535855643e-20,2.926941061115345e+35,-476101.96875,-8.604206149683511e+25,4.94996687407887e-38,1.1035529031013252e-24
1007252736,2509369748164,2509369.748164,0x0,0.20816926658153534,-0.003753685625270009,-0.010038431733846664,-0.9780340790748596,0.007208794355392456,0.029099974781274796,0.00914090871810913,37.91676330566406
2306882782,167550278089587711,167550278089.5877,0x0,-3.9134896469948633e-31,5.0337901558031045e-29,1.1670067443928593e-23,2.5077673232223437e+17,-2.539037032884928e-34,-1.4085613496233959e+32,6.114848656579852e-05,-3.485813254797826e-13
3875176508,673184971459643,673184971.459643,0x0,40540196306944.0,4.458891868591309,7.328433917570083e-38,2.7709693312632638e+35,-6.87493748550169e-31,-5916829.5,-6.554679265868206e+24,3.7235011261385334e-25
1006161024,2702643289047,2702643.289047,0x0,0.2083016335964203,-0.003330943174660206,-0.008033826015889645,-0.9780259728431702,0.003950921818614006,0.025304310023784637,0.006865143775939941,37.72507095336914
4244422522,900786846013995941,900786846013.9958,0x0,1.1035529031013252e-24,2.293224936867563e-40,-1.3328593854614215e-26,190483225640960.0,0.018766125664114952,9.273733758215782e+16,0.006248411722481251,-3.781412133312077e+25
3674225876,180216655334816757,180216655334.81677,0x0,-3.854661654497109e-22,1.2541991342712122e-32,-3.354694192147862e-31,4.805752724127744e+16,28140344705024.0,1539598188544.0,1.5074258595723957e-36,1.1503113146997285e+35
190152764,722662991493436,722662991.493436,0x0,47546361708544.0,8.401702404928346e+26,4.134656915172327e-18,2.7358300566249373e+35,-5.194444223578898e+18,-5.750688993462019e+25,-227050157768704.0,3.7235011261385334e-25
1005993472,2895916767116,2895916.767116,0x0,0.20840543508529663,-0.0034205231349915266,-0.008676893077790737,-0.9779980778694153,0.0044378601014614105,0.028129419311881065,0.00652158260345459,37.62922668457031
4194319588,192883025993546683,192883025993.5467,0x0,-3.4902897112121344e+16,-6.466740055101429e+30,-3.245958014187172e-26,8.366533384709924e+22,1.786772586480775e+27,1.8635603529668828e-23,-4202096.5,-2.9424226732308564e+23
3258688864,14140141679096421732,14140141679096.422,0xaa,2.6192683015744556e-37,2048.0,-1.438107245649193e+25,-2.765561677156401e+22,-25848860114944.0,4.501627865180693e-36,5.7823770823163565e-31,5.591050551898838e-39
3885072444,772141017959483,772141017.959483,0x0,9280887455744.0,1.9855330069320827e+18,3.436493626905773e-38,2.9557420827525305e+35,2.282434461529365e+33,-5447644672.0,-434177.875,3.7235011261385334e-25
817586925,3945006368326159260,3945006368326.159,0x1,7.757628476531756e-35,-4103.60791015625,9.062443939940299e-25,2.927835568665306e-37,-1.0339757656912846e-25,-2.412739333723272e+32,-2.8991219384796284e+28,24070.236328125
1008256448,3089190282873,3089190.282873,0x0,0.20775073766708374,-0.0031012629624456167,-0.007973793894052505,-0.9781444072723389,0.004056558012962341,0.02524922974407673,0.007836759090423584,37.77299499511719
2415934668,205549399122197473,205549399122.19748,0x0,-4.284083843231201e-08,-8.976824952407015e-28,-1.5384967934296418e+32,2.3586752048167385e+24,-3.312193300062383e-17,-3.939450834877789e-05,2.915784280688172e-11,9.0624252044938e-25
3212470720,4382417856258486518,4382417856258.4863,0x0,-1.4473147241109526e-31,-1.4321328595547959e+22,2.802596928649634e-45,0.2074580192565918,-0.0033302519004791975,-0.00838387943804264,-0.9782023429870605,0.00476657971739769
3923542076,821619054073659,821619054.073659,0x0,3400204812288.0,31294076.0,4.360892388762318e-37,3.0887946897524855e+35,-1.6407812249787327e-26,-146654128.0,-2.9836476380348416e+16,1.103552804493712e-24
1004264576,3282463874007,3282463.874007,0x0,0.20761512219905853,-0.003429936710745096,-0.008415759541094303,-0.9781683683395386,0.004663869738578796,0.026073729619383812,0.006146669387817383,37.868839263916016
385891542,218215771427584972,218215771427.58496,0x0,-1.6467471396488621e-29,-3.4762990383985335e+34,74481287168.0,1.698047003336561e+25,2.0584137624819724e-29,2789099.5,4.344860776217339e-19,0.12316106259822845
2235280139,14140181233597731875,14140181233597.732,0xaa,4.121816969867738e-37,3.851859888774472e-34,2.412726954322879e+32,-1.9000601611649164e+33,-6.936955867583698e+21,-5.1900256394557645e-18,5.470562706040797e-39,-5.582362501420024e-39
3212469347,4381312653799343972,4381312653799.344,0x0,-1.4466599737575446e-31,1.5311016668725925e-28,4.203895392974451e-45,0.20806005597114563,-0.0036963417660444975,-0.008935359306633472,-0.9780682325363159,0.005686754360795021
2299822140,871097083755579,871097083.755579,0x0,7448681250816.0,6.72375405757404e+30,9.855264388854642e-37,2.9856586369179167e+35,9.39435860191871e+17,-23618678.0,-5.454923199590665e-19,3.7235011261385334e-25
1003989120,3475737352076,3475737.352076,0x0,0.20812909305095673,-0.003286798484623432,-0.008727622218430042,-0.9780569076538086,0.005999475717544556,0.02507694438099861,0.00810849666595459,37.96468734741211
1652571328,230882151142734824,230882151142.7348,0x0,-5.316911983139664e+36,9.371129294777347e-08,-7.287377930792551e-35,1.7763053740178343e+22,2.572021262636781e-09,-1.890010938005034e-24,0.06261590868234634,-3.4858251810217233e-13
2648539196,920575100573499,920575100.573499,0x0,21005611302912.0,2.376300474304017e+22,5.973228196500269e-27,2.8462677769168206e+35,-529629413376.0,-2.777608044417961e+19,-7.563207291467423e+20,4.89677271787858e-25
1004108416,3669010918084,3669010.918084,0x0,0.2099059671163559,-0.003370081540197134,-0.009059588424861431,-0.9776737689971924,0.006412148475646973,0.02601800486445427,0.007572174072265625,37.91676330566406
3078634702,243548521801464809,243548521801.4648,0x0,-0.001068115234375,3.183116446022494e-35,-3.376895367576281e-17,43708456.0,-1.667924392601397e+25,-4.589584075490486e+19,-1.1943043887185922e-07,-3.48582490997118e-13
71017708,14140154407231999173,14140154407232.0,0xaa,6.766679259217885e-37,1.1641532182693481e-10,-1.6122445487360937e-19,4.4239947209330355e+23,-7.449331991693627e+30,-3.0934879645021862e-25,0.00071602693060413,-5.5833013713911217e-39
3212462942,4381724605585610836,4381724605585.611,0x0,-2.7319528861369236e-09,2.3464245549037698e+26,4.203895392974451e-45,0.20969262719154358,-0.0034405121114104986,-0.008254553191363811,-0.9777264595031738,0.004078373312950134
3948838972,970053110959163,970053110.959163,0x0,91012504485888.0,2.764606690843349e+33,8.889342550448126e-35,2.6648416230121564e+35,2.1158912350110227e+36,-731758919680.0,1.0359097776482439e-36,2.4555023280386426e-24
1004923904,3862284446404,3862284.446404,0x0,0.21029648184776306,-0.0038859201595187187,-0.008370190858840942,-0.9775940775871277,0.0037445779889822006,0.025705549865961075,0.007494568824768066,37.91676330566406
3699391703,256214895753444358,256214895753.44437,0x0,6.377696990966797e-06,-3.4622739350340764e+19,-1.5160702751672962e-18,3115.752685546875,1.4126381512261632e+16,35712336.0,-35249702567936.0,9.062409427275695e-25
4228284476,1019531143857211,1019531143.857211,0x0,201399606444032.0,,7.405751796082664e-33,2.5615534521055603e+35,-6.651166471323706e-39,-606848478609408.0,-6.479877810883034e+27,1.103552804493712e-24
1006398208,4055557899348,4055557.899348,0x0,0.2082165777683258,-0.0038950783200562,-0.009011195972561836,-0.9780334830284119,0.004468819126486778,0.026752453297376633,0.008005261421203613,37.868839263916016
3095411925,268881272175344647,268881272175.34464,0x0,-4.3655745685100555e-11,-2.08576331491025e-19,-3.154135180345685e+22,3.470644505234386e+24,2.547129156482697e-07,-201036414976.0,0.0002445938007440418,-3.48581271269674e-13
3701768252,1069009179971387,1069009179.971387,0x0,1883242496000.0,-1.457664473120022e-36,6.323673009186395e-28,3.1524307498839426e+35,-8.24730539344122e-32,-1.509162722250457e+19,-3293199.0,1.103552804493712e-24
1005805824,4248831515607,4248831.515607,0x0,0.20643994212150574,-0.0038704825565218925,-0.008214211091399193,-0.978417158126831,0.0034284433349967003,0.02573588490486145,0.0065735578536987305,37.91676330566406
2856336584,281547642834074626,281547642834.07465,0x0,2071986176.0,282.4869079589844,-119149523107840.0,5.938285864461199e+35,1.496630389773264e+27,-4.475330807704845e-31,9.87904965637274e-32,-3.4858116284945673e-13
3212475927,4382331961205252136,4382331961205.252,0x0,-1.4480907854813655e-31,-3.844352372071756e+30,4.203895392974451e-45,0.20625823736190796,-0.003564954036846757,-0.00879056379199028,-0.9784516096115112,0.004867421463131905
4119756860,1118487180708923,1118487180.708923,0x0,1090871361536.0,6.1395133335217475e+32,3.466145696561435e-35,3.2227600051846047e+35,-1.852917341198205e-37,-7553840640.0,-860163.75,1.4206875101670424e-24
1006555008,4442105043927,4442105.043927,0x0,0.20665243268013,-0.0034757000394165516,-0.008344060741364956,-0.9783726930618286,0.005002982914447784,0.025386419147253036,0.00608372688293457,37.91676330566406
184564943,294214019255974884,294214019255.9749,0x0,-310.0,-2.8199812590874317e+35,7.354234076307944e+23,5.0938858286283675e+31,-0.00022196574718691409,-1.7320403174391415e+25,0.015654005110263824,9.062378858915618e-25
3309029576,14140159161760796589,14140159161760.797,0xaa,1.8132959970622154e-36,-131072.0,1.5441287861641202e+34,-5.324987412819171e-12,1.0588325322267034e+17,3.1069123383682396e+34,-6.997151444920746e-07,-5.585180512631781e-39
3731947580,1167965216823099,1167965216.823099,0x0,1597593616384.0,5.935658986771998e+19,8.026819660349037e-37,3.1838177787455935e+35,7.782075977361395e+36,-599756480.0,-7.937528610229492,8.067993556867047e-25
1006286720,4635378572247,4635378.572247,0x0,0.20634467899799347,-0.002943087834864855,-0.00780619028955698,-0.9784438014030457,0.0045397719368338585,0.023629261180758476,0.006486833095550537,37.72507095336914
788544713,306880390738033609,306880390738.0336,0x0,-6.8575787409708155e-18,-1.04957143668807e+22,-1.6951215731050122e+22,1.1699627400756562e+33,5.703399826094778e-28,7.823505002350847e+27,2.847445247796364e-14,-2.9424378053256043e+23
2634645564,1217443227208763,1217443227.208763,0x0,1370765656064.0,25050.62109375,5.253685460148643e-35,3.201717005220816e+35,-2.144102837365385e-16,-3960355584.0,-0.5214879512786865,1.103552804493712e-24
1003707520,4828652050316,4828652.050316,0x0,0.20678342878818512,-0.0031677831429988146,-0.00851384736597538,-0.9783445596694946,0.006132553331553936,0.02430681511759758,0.007428228855133057,37.72507095336914
3061857484,319546763043421133,319546763043.42114,0x0,1.7705883659260706e-37,-2.264280552579492e-26,3.752339396092546e+20,3.998048895624951e+21,-3.50374478803951e+33,-2.494240869519362e-19,1.1776758922715484e-38,1.1503174548823233e+35
3538911292,1266921260106811,1266921260.106811,0x0,8588592414720.0,5.322490048335199e+22,9.55158467190033e-31,2.9589872682891148e+35,-3.0518224666126192e-12,-1122828669681664.0,-1.6906158477786175e+24,3.7235011261385334e-25
1003036928,5021925616324,5021925.616324,0x0,0.20865067839622498,-0.0035273288376629353,-0.008498908020555973,-0.977946937084198,0.005507448688149452,0.025399301201105118,0.006700098514556885,37.72507095336914
4152376522,332213139465321436,332213139465.3214,0x0,-6.74390119321418e+32,-4.369715618329395e+16,-7871856862298112.0,131795391610880.0,-2.7327273248381288e+29,1.0993333738406307e-18,-1.1827814960362202e+21,9.06241830196088e-25
3535667260,1316399270492475,1316399270.492475,0x0,41084583411712.0,5.6616265767819674e+17,1.8231564523089975e-37,2.7681297939187526e+35,-1.232196319174597e-31,-26192.115234375,-8.708078382056764e+24,2.1378907066442997e-25
1045841918,13546338872045664605,13546338872045.664,0xaa,1.933431826706613e-26,-2.1611734913555785e+20,5.58246479620792e-39,6.098497687500637e+34,-0.002961569931358099,5.605193857299268e-45,0.20916445553302765,-0.00337457237765193
1002800000,5215199144644,5215199.144644,0x0,0.20932799577713013,-0.003421539207920432,-0.008499659597873688,-0.977802574634552,0.00554597657173872,0.025203226134181023,0.0074920654296875,37.868839263916016
2315271371,344879515887221749,344879515887.22174,0x0,1.8055593228630336e-35,4.268663195269515e-14,-9.164873796132442e+20,41158688374784.0,-1.78872597292536e-28,-5.654185161768612e+34,-2.4223353509606744e+24,-1.2116592368287744e+17
3527129530,14140152160964103922,14140152160964.104,0xaa,4.84910611897961e-36,32768.0,47.58427810668945,1.2160593005382065e+35,-7.1043420871793e+24,7.5524674712196e-29,-9.519424658293967e+32,5.584755919197091e-39
3143484421,13797425537809989500,13797425537809.99,0x0,3150419200.0,5.5840818946357506e-39,-1.445708411080554e-31,-208402759680.0,5.605193857299268e-45,0.2095458209514618,-0.0032128302846103907,-0.008758233860135078
3538616380,1365877306606651,1365877306.606651,0x0,26936424267776.0,146316.96875,9.336657167246549e-32,2.821320413104329e+35,-2.0363715520943515e-05,-1311111.375,-6.758914050204944e+22,4.89677271787858e-25
1007349760,5408472635276,5408472.635276,0x0,0.20924189686775208,-0.0033629247918725014,-0.00891027506440878,-0.9778175354003906,0.0063133276998996735,0.026418741792440414,0.008054912090301514,37.62922668457031
411057363,357545889839201282,357545889839.2013,0x0,401579442176.0,-5.143229583749027e-16,1.7984246909976739e+22,58984574976.0,-2.384363108332705e-19,0.15257173776626587,2.651891616976129e-23,9.062404496895038e-25
2335950263,14140108949298141815,14140108949298.14,0xaa,5.9070510347196687e-36,1.1368683772161603e-13,-199585200.0,-5.855259418487549,1.768703872846316e-35,3.24375826984161e-19,2.43778836645634e+35,-5.588703376971094e-39
3212463991,4382768089366062290,4382768089366.062,0x0,-1.4465823911303903e-31,6.069425821650044e-39,7.006492321624085e-45,0.20931200683116913,-0.0033445660956203938,-0.007550138980150223,-0.9778140187263489,0.0032333116978406906
1019902286,4762516848435296384,4762516848435.296,0x1,7.006492321624085e-45,0.20920976996421814,-0.0034401798620820045,-0.007999653927981853,-0.977832019329071,0.004012326709926128,0.025455906987190247,0.006194114685058594
3342598204,1415355326640443,1415355326.640443,0x0,35151086092288.0,1.3814173381668372e+18,9.700128689791637e-33,2.779741473416843e+35,-1.0163140661693745e-21,-616173248.0,-5.471541442148009e-08,1.4206875101670424e-24
1006795584,5601746188721,5601746.188721,0x0,0.20836792886257172,-0.0031413815449923277,-0.008189111016690731,-0.9780111908912659,0.005004368722438812,0.02444988675415516,0.007172882556915283,37.91676330566406
1073757398,370212264614509502,370212264614.5095,0x0,4.743384504624082e-19,-3.4047034480087736e+24,12078.8271484375,3225255936000.0,-3.418802668050877e+27,623546.625,-3.644731651902822e-12,-2.9424226732308564e+23
3872423996,1464833353106491,1464833353.106491,0x0,102477919682560.0,45.26683807373047,7.036749158065787e-37,2.6541933579702393e+35,-1.0202564979826388e-29,-1115527.375,-0.024841420352458954,2.4555021308234163e-24
1005409280,5795019679353,5795019.679353,0x0,0.20922499895095825,-0.00294224894605577,-0.008354920893907547,-0.9778274297714233,0.0054646022617816925,0.025119280442595482,0.006382465362548828,37.96468734741211
3481287885,382878638566489101,382878638566.4891,0x0,-7.098843361278085e+31,-840677.3125,-252.73158264160156,117501790781440.0,-7.031409268165589e-07,3.711935032534065e-21,-3.256630234148701e-19,-3.4858235547184646e-13
3159818300,1514311376356411,1514311376.356411,0x0,28834262941696.0,4699487232.0,-4.195353994723287e+36,2.81741585118522e+35,5.680751614205372e+31,-297.5643005371094,-2.2456809072527316e-25,1.103552804493712e-24
1004556928,5988293270487,5988293.270487,0x0,0.20882096886634827,-0.003342634765431285,-0.009001106955111027,-0.9779067635536194,0.006381802260875702,0.025616634637117386,0.005677521228790283,37.91676330566406
2407546059,395545011695139775,395545011695.1398,0x0,1.8801214346646713e+28,6.526344797919137e-09,-3.882206026734785e-23,11390692352.0,-1.380991432983203e-17,-6.478679717371939e-35,-3.087205221668389e-33,4.432870778133639e+28
3325791661,14140185132354292925,14140185132354.293,0xaa,1.2249418822918932e-35,2048.0,1.6122061623857924e-19,7.247828458031485e+27,2.188710013228956e-08,-1531.8231201171875,3.378676911487058e+18,2.949922561645508
3212465647,4381067767649934652,4381067767649.935,0x0,-206353415012352.0,-1.4601948351997482e-34,7.006492321624085e-45,0.2088795304298401,-0.0032736817374825478,-0.008449527435004711,-0.9778993725776672,0.0051482003182172775
3484319804,1563789399606331,1563789399.606331,0x0,35579509080064.0,5030575104.0,4.18955443651076e-32,2.7787273529366606e+35,-5.0932551509674795e-09,-59848765440.0,-1.033580237650133e+18,4.89677271787858e-25
1003742592,6181566786244,6181566.786244,0x0,0.20864534378051758,-0.0035958439111709595,-0.008277404122054577,-0.9779497385025024,0.004008105956017971,0.02562391199171543,0.006327450275421143,37.91676330566406
83901651,408211386470448050,408211386470.44806,0x0,3.2048677980818847e-34,-0.00020145750022493303,3.902065156631627e+27,13656944279552.0,2.433874277688993e-32,-3.09521635971315e+20,4103.60498046875,-2.942435103165828e+23
1799087169,14140179254691549776,14140179254691.549,0xaa,1.6481198485879167e-35,2.465190328815662e-32,9.651236645114452e+32,7.603147946841927e+33,2.9806363478350308e+31,-1.2136347307531265e+32,1.749847342580324e-07,5.5853626814321435e-39
3212463440,4379897990357508238,4379897990357.5083,0x0,-1.4468353575146873e-31,-1.807605798376244e-07,7.006492321624085e-45,0.20948050916194916,-0.0031839259900152683,-0.00842355191707611,-0.9777713418006897,0.0058613307774066925
2390753340,1613267422856251,1613267422.856251,0x0,46553150521344.0,9.340184633226035e+16,-3.533317009182969e+33,2.7572278006863835e+35,133248667615232.0,-291882848.0,-2.2957186729399837e-07,1.4206875101670424e-24
1002192512,6374840264313,6374840.264313,0x0,0.2100217491388321,-0.003429439617320895,-0.009018804877996445,-0.9776490926742554,0.006001068279147148,0.026301972568035126,0.00702214241027832,37.91676330566406
3623894223,420877756305849310,420877756305.8493,0x0,6.458798661497034e-30,-7.047825010332344e+23,-4.38345435971584e+16,29237975187456.0,-7.223684631029654e+22,-6.75751853364632e+34,1.5287094356608577e-05,0.12316136062145233
2946433084,1662745442890043,1662745442.890043,0x0,133805411139584.0,2.1062882282499306e+21,1.0595385187377891e-32,2.610129823106306e+35,-8.297845254225563e-19,-68757708800.0,-1.8511745788139286e+25,2.1378907066442997e-25
1001727872,6568113855447,6568113.855447,0x0,0.2100706845521927,-0.003223760286346078,-0.008807235397398472,-0.977641224861145,0.006405748426914215,0.025445539504289627,0.008293569087982178,37.72507095336914
3449094144,2002900338056445526,2002900338056.4456,0x0,2.6423788543761122e+35,-2.399541173374145e-32,-1113095.375,6.026081790704222e-34,1.1035529031013252e-24,5.514641950534599e-40,6.733231641510063e-35,-5.972906566017069e+33
2944416968,433544132727749628,433544132727.74963,0x0,-2.362273447412469e-34,7.086119876843051e-16,-7.738937588299579e-33,3720084480.0,-6.0163936329355124e-24,1.1133367840730262e+27,0.0009783734567463398,-1.211662930500649e+17
3560439868,1712223459707963,1712223459.707963,0x0,56355339632640.0,11708145860608.0,-7.302800736951205e+37,2.7312663163937094e+35,-1.933881423740118e-38,-1485.2572021484375,-1.5909552330500074e+27,8.067993556867047e-25
1003983744,6761387371204,6761387.371204,0x0,0.20999675989151,-0.0033853035420179367,-0.008553978987038136,-0.9776588082313538,0.004988998174667358,0.02620317041873932,0.007310390472412109,37.91676330566406
947928271,446210507503057915,446210507503.0579,0x0,-0.107421875,5.087948208618935e-28,-0.0002703316567931324,0.2592468857765198,-3.1236672346325516e+19,-9.11670963195518e-15,-8605869056.0,-3.485807020635334e-13
3360391228,1761701492606011,1761701492.606011,0x0,1025689729892352.0,2.082941567781642e+21,2.6815429622231813e-20,2.338801888633456e+35,-2.5912641715047344e+37,-604529196269568.0,-1956.00732421875,8.067993556867047e-25
1004645632,6954660861836,6954660.861836,0x0,0.21091781556606293,-0.002980124671012163,-0.008246113546192646,-0.977464497089386,0.005219888873398304,0.024807367473840714,0.006135165691375732,37.868839263916016
704658641,458876882278366134,458876882278.36615,0x0,6.642489145195922e+32,-23118135296.0,2037612.125,8.881778512659366e-08,-1.1244189183860084e-19,2.3460804618658775e+18,-1.4784781014982984e+20,-2.942410603583855e+23
3212459399,4378901480628244160,4378901480628.244,0x0,-751.5654907226562,3.666302490325572e+24,8.407790785948902e-45,0.21057231724262238,-0.0031547080725431442,-0.007087340112775564,-0.9775475263595581,0.0016025425866246223
3908632636,1811179515855931,1811179515.855931,0x0,385619343704064.0,1.2456785925102161e+20,7.765927392032221e-36,2.4812858160991088e+35,-5.936768861342057e-31,-130036.4609375,-3.250508322133984e-20,2.4555021308234163e-24
1007206912,7147934377593,7147934.377593,0x0,0.21135851740837097,-0.002819400979205966,-0.008707025088369846,-0.9773657321929932,0.00642867386341095,0.025244025513529778,0.005721747875213623,37.72507095336914
4026547407,471543256230345656,471543256230.34564,0x0,-250181844992.0,-3.05879432026257e-12,12282340835328.0,0.04363635554909706,1.9141316708489684e+33,-0.0009621924255043268,0.0004891874268651009,1.1503044812707116e+35
3813507132,1860657539105851,1860657539.105851,0x0,208597971632128.0,142.02047729492188,3.3588104044583837e-37,2.5629225147538068e+35,-1.5194753575414259e-15,-44936.23046875,-5.811480150441639e-06,3.7235011261385334e-25
1007459712,7341207956164,7341207.956164,0x0,0.20991715788841248,-0.00289474637247622,-0.007689984980970621,-0.9776846766471863,0.003994787111878395,0.023781396448612213,0.00648266077041626,37.91676330566406
1795177677,484209629358996461,484209629358.99646,0x0,4.896909226313924e-22,0.30320996046066284,-3.943997407575206e-38,7172061659136.0,2.8339557367473844e-09,-67231048.0,6.322595541660477e-30,0.12316112965345383
842777240,14140163461023060331,14140163461023.06,0xaa,7.119100863520051e-35,1.0097419586828951e-28,-1.6905353256591732e-13,2.899578827436846e+28,-6.775931171437019e+18,4.740760289215082e+29,-5.489820750836013e-39,5.584087499829608e-39
3400859708,1910135562355771,1910135562.355771,0x0,67704790712320.0,45.97289276123047,-1.4490592098485864e+38,2.70327659114067e+35,-1.6974412497432678e-35,-679.4879760742188,-5.984835696789387e-17,1.4206875101670424e-24
1001315328,7534481446796,7534481.446796,0x0,0.20928053557872772,-0.0033736845944076777,-0.008132996968925,-0.9778159856796265,0.004483290947973728,0.02410096302628517,0.004366517066955566,37.91676330566406
343948489,496876004134304645,496876004134.3046,0x0,-534362651099136.0,1620622828371968.0,2.3470488853910003e-32,1352262265864192.0,-104201168.0,-7.887264722156006e-20,-8207.193359375,9.062382803220144e-25
3212468260,4381350780223090880,4381350780223.091,0x0,-206150159040512.0,-6.006893139745183e+28,8.407790785948902e-45,0.20838795602321625,-0.003418555948883295,-0.008880902081727982,-0.9779999256134033,0.005692364647984505
2231959612,1959613595253819,1959613595.253819,0x0,18006113517568.0,574355275776.0,2.2599482804781212e-32,2.8663473624244358e+35,-5.547257941884709e-08,-153667682304.0,-0.0034790178760886192,3.7235011261385334e-25
1000428288,7727755012804,7727755.012804,0x0,0.20939648151397705,-0.0031622156966477633,-0.008505692705512047,-0.9777886867523193,0.0056656720116734505,0.02512694150209427,0.00620722770690918,37.91676330566406
3011099447,9563041390782757893,9563041390782.76,0xaa,-51964.23046875,-1.4920645099914492e+38,8.067993556867047e-25,6.486806773144584e-40,1.0222334440240442e+34,-5.941682692731098e-13,-7.777783251450651e-38,10451158016.0
2969582798,509542374793034697,509542374793.03467,0x0,-2.4028122425079346e-07,-500210.6875,6.3588457416274835e-12,31553584.0,9.432309534124217e-13,-3199474073600.0,4.0640125614458775e+31,-3.4858162363538003e-13
3736873354,16446046100915190337,16446046100915.19,0x1,-1.4438281607800422e+17,-2.9424363641737236e+23,1.1304166679443971e-34,1.5845632502852868e+29,2.460098034457234e-24,23982.4921875,4.88271281351034e+35,-392146.125
3212461592,4381450294617213358,4381450294617.2134,0x0,-750.9935913085938,6.421980061804345e-22,9.80908925027372e-45,0.2102103978395462,-0.003270812565460801,-0.008635654114186764,-0.9776125550270081,0.0058659752830863
3541270588,2009091605639483,2009091605.639483,0x0,248438088269824.0,3641.01513671875,5.1931848092516095e-34,2.5352370256448222e+35,-4.2144353316269814e-19,-1852743.375,5.527454205221892e-32,1.1035529031013252e-24
1002509696,7921028490873,7921028.490873,0x0,0.2096962034702301,-0.0030304358806461096,-0.008405789732933044,-0.9777257442474365,0.0059498632326722145,0.02452687919139862,0.007483959197998047,37.96468734741211
1585462483,522208750391606239,522208750391.6062,0x0,-0.006744384765625,0.00026177120162174106,30699847680.0,30504992.0,-0.028899896889925003,-2.4561858216797308e-14,-0.25046396255493164,-3.485821928415206e-13
3745230466,14140127445574797969,14140127445574.797,0xaa,1.4764823196208488e-34,1.5111572745182865e+23,5.865227804953273e-31,1.936275500171802e-23,-1653800511209472.0,1531.822265625,2.21494631750252e+23,-5.582414349463204e-39
3597336636,2058569622457403,2058569622.457403,0x0,38654705664000.0,5.374057536755572e-07,-1.2036206753288416e+30,2.779842687394455e+35,1.8203682395096725e+27,-65527.23046875,-1.1601612569691113e+34,4.89677271787858e-25
1005827200,8114302069444,8114302.069444,0x0,0.2091532200574875,-0.0033114287070930004,-0.008732093498110771,-0.9778382778167725,0.0059873685240745544,0.025753773748874664,0.007803857326507568,37.77299499511719
897596617,534875125990243299,534875125990.24335,0x0,-127.5,-3690389.5,-1.4047292169305834e+24,33257478.0,-172750752.0,-1.1483770507223857e-35,-17624813535232.0,-3.485808646938593e-13
3674603580,2108047658571579,2108047658.571579,0x0,79763985137664.0,105873129472.0,8.315091529417501e-38,2.6829943796074247e+35,-4.274238955255439e-28,-1015.8942260742188,-1776818843549696.0,1.103552804493712e-24
1006765824,8307575547513,8307575.547513,0x0,0.2098531723022461,-0.0030101544689387083,-0.007599507458508015,-0.9776987433433533,0.0035258764401078224,0.02390715293586254,0.009044766426086426,37.91676330566406
1686125780,547541499118894042,547541499118.89404,0x0,5.338616419418202e+27,-177428856832.0,-59.68296432495117,16021197824.0,7.231457191713212e-20,0.25631383061408997,1.0607555108307482e-22,-3.4857991601695837e-13
2965108479,11978306244742969943,11978306244742.969,0x0,281996983009280.0,-3.4858097311407654e-13,2.3661578593112116e-34,2.350988701644575e-38,1.438129266449931e+25,-7.074747745077547e+24,-2.136669313701489e-11,8.304031758706363e-17
3158013647,14140093528218059445,14140093528218.059,0xaa,2.381204187001737e-34,-2.9802322387695312e-08,1.0565727200757217e-14,-383466.4375,7.071885365085973e-35,-2.2290963741511405e-08,-9.073392628837888e+26,5.580320809557503e-39
3212465727,4378509075243232240,4378509075243.2324,0x0,-751.5449829101562,-1.052177213326024e-17,9.80908925027372e-45,0.20890496671199799,-0.002811584621667862,-0.007609477266669273,-0.9779022932052612,0.004674739204347134
3694624828,2157525668957243,2157525668.957243,0x0,57811333545984.0,2.473779872619561e+17,2.957795152169647e-23,2.7150405867811943e+35,-7.229086695179805e+25,-5373303455744.0,-3.713417256181229e-18,1.103552804493712e-24
1004559872,8500849126084,8500849.126084,0x0,0.20996908843517303,-0.0032979713287204504,-0.009040859527885914,-0.9776606559753418,0.0062220413237810135,0.025259844958782196,0.005068063735961914,37.868839263916016
3506453697,560207869777624016,560207869777.624,0x0,-7503872.0,3.646366719510717e-19,2.6264699705147217e+28,16038918.0,-2.2738928237231448e-05,63011154821120.0,1.5806477569405424e-30,-1.2116534815725978e+17
71019462,14140107196951478286,14140107196951.479,0xaa,3.0582889330753745e-34,1.8189894035458565e-12,1.6509145951041184e-16,-23964.77734375,-4.6551955420173074e+29,1.758445722369126e-38,-1.5898964550303837e-19,5.57966219927927e-39
3212463044,4377975623123559414,4377975623123.5596,0x0,-751.791259765625,-13025323008.0,9.80908925027372e-45,0.20953497290611267,-0.0029429218266159296,-0.00783947017043829,-0.9777653217315674,0.004270373843610287
3775856700,2207003701855291,2207003701.855291,0x0,45438606508032.0,827155.875,1.6282334458667546e-35,2.7566195264686802e+35,-8.116507181196123e-23,-695043.6875,-0.0019111703149974346,8.067993556867047e-25
1005930112,8694122616716,8694122.616716,0x0,0.20963627099990845,-0.00315933208912611,-0.008511166088283062,-0.977737307548523,0.005492088384926319,0.0242728590965271,0.006024181842803955,37.91676330566406
2415934659,572874247022853030,572874247022.853,0x0,-0.00946044921875,1.0445382362625188e+25,-1.963752947631292e-05,8575644162064384.0,-9.022515955148901e-29,-2.2570587195910867e-19,7.71801121746105e-34,0.12316063791513443
3212466404,4377351409755511906,4377351409755.5117,0x0,-2.7321482853892576e-09,-1.6124506761348876e+37,9.80908925027372e-45,0.2087775617837906,-0.00294541846960783,-0.007820630446076393,-0.9779274463653564,0.0043615540489554405
2302640188,2256481721889083,2256481721.889083,0x0,19657528442880.0,957075328.0,1.4089110350478432e-36,2.861276760023523e+35,-1.2221188391510062e-22,-2049031.375,-5.958309015623184e-24,3.7235011261385334e-25
3154753819,4300232456670963429,4300232456670.9634,0x0,5.584024441398713e-39,-751.5836791992188,2.4497909781663304e-27,1.1210387714598537e-44,0.2076348513364792,-0.0033204411156475544,-0.008409935981035233,-0.9781646132469177
1002798080,8887396145036,8887396.145036,0x0,0.20749638974666595,-0.0033788757864385843,-0.008041650988161564,-0.978196918964386,0.004137556068599224,0.02508435770869255,0.005645275115966797,38.06053161621094
511720657,585540621798161335,585540621798.1613,0x0,2.1100277081131935e-10,60478.328125,6.22332487365401e+18,3.4002268853130233e+28,-5.480597645033392e-17,478639232.0,4.731133865444229e+21,-2.942433121581992e+23
1731971249,14140155075099416110,14140155075099.416,0xaa,4.973056961670828e-34,-4.547473508864641e-13,-2.4599619559510833e-24,5.3257658699790156e-12,5.47402656536633e-09,4.7407697339480475e+29,-2.217119754682689e+23,-5.587246026568196e-39
3212469724,4382590436637518428,4382590436637.5186,0x0,-3.899260287386428e+36,1.723907068528277e-13,1.1210387714598537e-44,0.20785070955753326,-0.003214032854884863,-0.008680609054863453,-0.9781167507171631,0.005574420094490051
2801893436,2305959748355131,2305959748.355131,0x0,4481261502464.0,1882151.75,6.618581338247172e-35,3.0456945693447257e+35,-8.721189569127485e-12,-442910560.0,-4.161612484626639e+22,1.103552804493712e-24
999517440,9080669673356,9080669.673356,0x0,0.20750892162322998,-0.0032299659214913845,-0.008204203099012375,-0.9781934022903442,0.005188615992665291,0.024921707808971405,0.006258964538574219,37.91676330566406
3699391691,598206989986970581,598206989986.9706,0x0,-9.015202522277832e-07,-1.3591934856039982e+30,4.028259496802189e-12,2.715065867975243e+24,-30.843494415283203,3.4861810772720843e+22,-65657.5546875,0.12316125631332397
3573743676,2355437768388923,2355437768.388923,0x0,9329474273280.0,59820564545536.0,3.458467112618362e-33,2.951989836975855e+35,-6.708652052931849e-14,-9117953024.0,3.973192429723744e-36,4.896773210916646e-25
1001820416,9273943239364,9273943.239364,0x0,0.20778484642505646,-0.0029110880568623543,-0.008010484278202057,-0.9781374335289001,0.0055498164147138596,0.02397741749882698,0.007042229175567627,37.77299499511719
2701147347,610873369702120377,610873369702.1204,0x0,7.388954609484614e+27,-31369543548928.0,2094954.25,2.789410201113053e+26,-1.554658829114766e+27,-533435.375,-9.330508587979125e-10,-3.4858034969782736e-13
3212472817,4379051254734353254,4379051254734.3535,0x0,-750.6126708984375,-2.2815456410556384e-36,1.1210387714598537e-44,0.20714296400547028,-0.003361527342349291,-0.008517731912434101,-0.9782678484916687,0.0053238822147250175
3148316732,2404915804503099,2404915804.503099,0x0,2389276884992.0,1093279496011776.0,1.471821636048407e-32,3.1254044390870767e+35,-9.978756452255766e-07,-21551222.0,-4081403268431872.0,1.4206875101670424e-24
1002683776,9467216692308,9467216.692308,0x0,0.20718379318714142,-0.003327809041365981,-0.008758367039263248,-0.9782571792602539,0.005991309881210327,0.02503266930580139,0.006401121616363525,37.868839263916016
4076879058,623539740360850429,623539740360.8505,0x0,1.5132094747964867e+18,0.41063177585601807,-1.1980928749100173e-10,1.0528997164643316e+27,1.7443085876556975e-26,-2607746033647616.0,-2.1808408000287128e-41,9.06237984499175e-25
2872819444,14140103836139572320,14140103836139.574,0xaa,1.0367411098676363e-33,-9.223372036854776e+18,13079344578560.0,-2.9553041106994853e-28,7.274897062711294e+27,-7.953693684746793e+36,-6.066955179617587e-25,-5.583773608973599e-39
3212470130,4381961820929213040,4381961820929.213,0x0,-751.8396606445312,-2.824416700519805e-09,1.1210387714598537e-44,0.20782487094402313,-0.003400755813345313,-0.008803759701550007,-0.9781205058097839,0.006226232275366783
111345724,2454393818104892,2454393818.104892,0x0,6685653467136.0,406881512194048.0,1.2911844614904275e-34,3.000718326048628e+35,-5.020516780085416e-10,-3426.014404296875,-7.723714592626442e+17,2.4555021308234163e-24
1045757413,13549181169732219675,13549181169732.219,0x1,2.2290983281436638e-08,806092603392.0,-5.584558336113621e-39,6.096788339894392e+34,-12421.724609375,1.1210387714598537e-44,0.20804502069950104,-0.003199061844497919
1005686400,9660490296004,9660490.296004,0x0,0.20815806090831757,-0.0029580635018646717,-0.009087005630135536,-0.9780485033988953,0.007388301193714142,0.024400869384407997,0.007445871829986572,37.91676330566406
1941978312,636206116782750734,636206116782.7507,0x0,-21248.0,2.4881792068481445,-5.773217014378537e+37,7.259903479952893e+23,-1.9516081162700397e-23,5.0348247838647295e+23,-3.6961939343317926e+19,9.062422246265405e-25
675001556,14140074961074439950,14140074961074.44,0xaa,1.3075750082970914e-33,-9.44473296573929e+21,1.031782744451284e-17,24545552.0,-1.4010477116244147e-06,-7.919351277230943e-23,-8.657998583883985e+20,5.582788496153179e-39
108658748,2503871831706684,2503871831.706684,0x0,13863617560576.0,390.93157958984375,1.993778743632729e-32,2.9066079454876843e+35,-777.1054077148438,-101950.4609375,-2.442041223667995e+26,8.067993556867047e-25
1006715712,9853763824324,9853763.824324,0x0,0.20794442296028137,-0.0028384868055582047,-0.007996517233550549,-0.9781038165092468,0.004391551949083805,0.024869542568922043,0.005881369113922119,37.62922668457031
1216363723,648872491558058921,648872491558.0588,0x0,0.0159912109375,-4.367375340021325e-20,-0.029386183246970177,1.5763192026096495e+28,-1.4901576663476024e+29,1.905136046042756e+28,8.689710178701255e-19,-3.485797533866325e-13
3212469522,4380975705029255936,4380975705029.2563,0x0,6.0966561278981965e+34,3.7380267790823676e-32,1.2611686178923354e-44,0.20791800320148468,-0.0032459201756864786,-0.008729083463549614,-0.978101909160614,0.00583839975297451
4214587452,2553349851740475,2553349851.740475,0x0,7429890768896.0,1060851584.0,9.287552653982474e-30,2.9825148634293507e+35,-16522431.0,-100232.4609375,-22151288.0,8.067993556867047e-25
1003936512,10047037365207,10047037.365207,0x0,0.2078053057193756,-0.003029489889740944,-0.008288855664432049,-0.9781304001808167,0.005556661635637283,0.024141915142536163,0.005770981311798096,37.91676330566406
1015037122,661538864686709703,661538864686.7097,0x0,-8.206768598029157e-13,2.7955290737148858e-33,-1.7730188119458035e-05,4.3017830238320767e+24,-1.0787602930463942e+33,104979872.0,1.1663121857186098e-10,1.150313790579807e+35
1136397986,8159330643935722087,8159330643935.723,0x1,-1.779652644598017e-15,-3.48579536546198e-13,2.145704592649794e-33,34359738368.0,-1.6508575527290767e-16,,-8.966185851022601e-05,-7.202606880176513e-35
1899736976,14140138724158918413,14140138724158.918,0xaa,2.1577416548022142e-33,-2.4758800785707605e+27,-1.6121690685051982e-19,2.7655339800186925e+22,-2.646873668897997e+16,-1.2136366650344379e+32,-5.411606236304192e+19,-5.585731222928261e-39
3842768956,2602827874990395,2602827874.990395,0x0,6654112301056.0,32421.12109375,-5.1471946795985335e+33,3.0068028508593173e+35,-3.2350053573471366e-31,-6.965604305267334,-4.0801419350219426e+24,1.103552804493712e-24
1003414656,10240310880964,10240310.880964,0x0,0.20795686542987823,-0.0031152949668467045,-0.007937323302030563,-0.9781008362770081,0.004038440063595772,0.025447633117437363,0.006309926509857178,37.72507095336914
3263184078,674205237815360437,674205237815.3604,0x0,-1.4035413225692242e-26,-38598996.0,1.9858105971062592e-28,1.3552149968243917e+17,8.230287880297807e+27,8.924646616246628e+24,4103.5986328125,-3.485822470516292e-13
3218276412,2652305911104571,2652305911.104571,0x0,2564028366848.0,5325087.0,-2.965492591372324e+19,3.1298663711294738e+35,-2.5261110323362922e+19,-3010.88916015625,1.9767674625915468e-38,4.896773210916646e-25
1001284736,10433584409284,10433584.409284,0x0,0.20793066918849945,-0.003282716264948249,-0.008687280118465424,-0.9780994653701782,0.005985338240861893,0.02498796209692955,0.0069473981857299805,37.77299499511719
1912618193,686871612590668741,686871612590.6688,0x0,-9.497994354644083e-36,1.6368359821124416e-19,4.2879355621749937e-10,5.488411232929055e+17,-1.149748726659175e+33,-2.816116830217652e-05,-2.3655638364973705e+21,-1.2116609548156928e+17
3540058172,2701783915058235,2701783915.058235,0x0,13991392837632.0,219220465942528.0,1.851929489330302e-32,2.90452899850331e+35,-1.9322127103805542,-2257806.75,-4.4972217578407313e+27,1.4206875101670424e-24
1001891456,10626857950167,10626857.950167,0x0,0.20855683088302612,-0.0032071240711957216,-0.008500688709318638,-0.9779680371284485,0.0055234432220458984,0.025626789778470993,0.007001042366027832,37.91676330566406
3808443603,699537983249398757,699537983249.3988,0x0,171008.0,-4.099579489067694e-23,-50778702086144.0,152186388480.0,-1.6933434009552002,-0.6571617126464844,-1.8592071950740813e+27,-1.2116620715071898e+17
67108924,2751261957604412,2751261957.604412,0x0,170767899688960.0,2967234674688.0,9.761164544490584e-26,2.577525849668436e+35,-426350560.0,-940719144960.0,1.159416879487221e-31,4.896773210916646e-25
1174405120,14824558488989882056,14824558488989.883,0x1,23820288.0,1346454683648.0,2.3639183675605173e+23,7.75148603579501e+25,9.062443939940299e-25,4.9654846658351205e-33,8.0,-1.4381593577012012e+25
1006262144,10820131465924,10820131.465924,0x0,0.20906664431095123,-0.0033510508947074413,-0.0076980446465313435,-0.9778653383255005,0.002850893884897232,0.025031350553035736,0.009174227714538574,37.91676330566406
1115700431,712204362964548601,712204362964.5486,0x0,-6.261583435191781e-30,1.4996722172665644e+22,0.00041719817090779543,2.5190256350960026e+17,2.2818227658855538e+26,-6.639665457441879e-07,1.1776756120118555e-38,9.062383789296276e-25
3212467266,4381846015723571964,4381846015723.572,0x0,6.100074823110687e+34,-9.385589752759926e+26,1.2611686178923354e-44,0.20839250087738037,-0.0034214332699775696,-0.008165722712874413,-0.9780052304267883,0.004902683198451996
3846832188,2800739977638203,2800739977.638203,0x0,15027016826880.0,30339100672.0,1.3270327458810619e-33,2.8952497961096394e+35,-6.606654334717632e-09,-1262951808.0,-189.00091552734375,2.4555021308234163e-24
1005541120,11013404994244,11013404.994244,0x0,0.2084357887506485,-0.002893715864047408,-0.00847903173416853,-0.9779950380325317,0.0059791794046759605,0.024331465363502502,0.006996452808380127,37.91676330566406
645938386,724870736916528083,724870736916.5281,0x0,1.0908467205009304e-30,-1.4426772051153044e-24,8.512507546121968e+21,2.7990074346090864e+21,0.5107342004776001,1.3559217134139697e-34,4406208102400.0,-3.4857969917652387e-13
3212469669,4380244826146383250,4380244826146.3833,0x0,-751.9874877929688,1.003434384656929e-23,1.401298464324817e-44,0.20804274082183838,-0.0029582802671939135,-0.008337069302797318,-0.9780797362327576,0.005373150110244751
3716284476,2850217994456123,2850217994.456123,0x0,14325326544896.0,1568.101318359375,6.7650653375608395e-28,2.8984442756222145e+35,-1.1443496432372285e+18,-19940470.0,-0.10253950953483582,1.4206875101670424e-24
1006815744,11206678484876,11206678.484876,0x0,0.20840534567832947,-0.0029975585639476776,-0.008377863094210625,-0.9780020713806152,0.005127954296767712,0.024308834224939346,0.0065670013427734375,37.96468734741211
3506453708,737537109221915600,737537109221.9156,0x0,1.4609375,1.6494046558777595e-34,4.6417432585132407e+24,8.28572699248275e+19,-6.71309965955147e-38,1.0484032427868717e-24,8.092926145185299e-28,-3.4857991601695837e-13
3170271292,2899696027354171,2899696027.354171,0x0,52950504308736.0,5.353613474776176e+27,1.1575806012601628e-21,2.72518179158302e+35,-7.947719367731858e+29,-59851690475520.0,-2.3187623866314505e-20,8.067993556867047e-25
1004192896,11399952050884,11399952.050884,0x0,0.20879584550857544,-0.0028628187719732523,-0.007772846147418022,-0.9779241681098938,0.004729675129055977,0.024225974455475807,0.004836916923522949,37.581302642822266
8404167,750203482350566345,750203482350.5664,0x0,-2.2084850300851184e+30,7.088722269671268e-22,50363.30859375,91663343026176.0,-5.2122637268793655e+23,-6.118607842608981e-09,-7.392387868663585e+19,-3.4858100021913085e-13
2302386108,14140129801364360266,14140129801364.361,0xaa,1.147171328718003e-32,3.8685626227668134e+25,2.5299949164559515e+38,1.945315219506362e+36,1.9064966756566758e+33,-1.8518605209923095e+27,1.5141075740069355e-25,-5.5805744445795456e-39
3212467420,4379530641801723714,4379530641801.724,0x0,-3.898507302929892e+36,1.537776491247799e+31,1.401298464324817e-44,0.2088356763124466,-0.0032841721549630165,-0.008497681468725204,-0.9779083132743835,0.005238435231149197
3198681148,2949174050604091,2949174050.604091,0x0,23450521436160.0,27005273767936.0,1.4751286204627601e-37,2.8425662371641542e+35,-2.672584854246352e-32,-1989127.375,-118472881209344.0,1.4206875101670424e-24
1002537728,11593225629455,11593225.629455,0x0,0.2085074484348297,-0.003503800369799137,-0.00886255968362093,-0.9779743552207947,0.005802774801850319,0.025014404207468033,0.005857884883880615,37.91676330566406
4085267654,762869856302545884,762869856302.5459,0x0,6.341934204101562e-05,2.508398562416012e-32,6743.40576171875,1072601104384.0,-2.6095260670098523e-27,8.824931205132705e+31,-5.971519811964754e-08,-3.485822199465749e-13
3212465672,4380830290319473604,4380830290319.4736,0x0,-1.4466773710739368e-31,-1.6440078965172178e-19,1.401298464324817e-44,0.20919564366340637,-0.003452213015407324,-0.009511587209999561,-0.9778214693069458,0.007025057449936867
3265462332,2998652073854011,2998652073.854011,0x0,39400956231680.0,396976128000.0,-6.79931819804281e+33,2.775532675353679e+35,1347889452285952.0,-966414016.0,-1.7413793959576227e+22,4.89677271787858e-25
1001340288,11786499057273,11786499.057273,0x0,0.20870639383792877,-0.00308183953166008,-0.00842207483947277,-0.9779372215270996,0.005908777005970478,0.025351278483867645,0.006508529186248779,37.72507095336914
2013281486,775536232724446143,775536232724.446,0x0,-3.873816255479006e+21,7.27932955226268e+36,-2.950227366267674e+32,472206018609152.0,-6.509843768081096e-22,-1.3343366938711049e-13,8.092925182220327e-28,-3.4858213863141196e-13
3624337468,3048130109968187,3048130109.968187,0x0,24234352967680.0,65523207372800.0,6.969859117456556e-26,2.8297883191138536e+35,-4.259837555895173e+17,-362305912832.0,2.888912548996116e-32,1.1035529031013252e-24
1004043008,11979772635844,11979772.635844,0x0,0.20888613164424896,-0.002952979411929846,-0.00792140793055296,-0.977903425693512,0.004615516401827335,0.024587731808423996,0.007284045219421387,37.96468734741211
3087023314,788202605029833715,788202605029.8337,0x0,150633093005312.0,-397810.65625,3.3460909300106264e+38,1.1005683684014555e+19,2394913280.0,1.2773308243473801e-33,-1.884281876049986e-37,-1.2116598381241958e+17
3794862140,3097608120353851,3097608120.353851,0x0,29840359030784.0,8426.560546875,-7.819291097789555e+31,2.814322783720663e+35,3.2858934902802036e+20,-3837.326904296875,-2.2549408042093613e+23,1.103552804493712e-24
1003923456,12173046126476,12173046.126476,0x0,0.20910464227199554,-0.0037540714256465435,-0.008362558670341969,-0.9778503179550171,0.004164556972682476,0.02481618896126747,0.007370173931121826,37.96468734741211
2277522642,800868978158484489,800868978158.4845,0x0,-1.689721757151795e+22,1.7284118437805628e+22,3.380382822586891e-35,502992243523584.0,1.1565957663628372e+22,-2.101497372522237e-32,-1.804783053491405e+16,-1.211659580426158e+17
3090911194,14140128130622083521,14140128130622.084,0xaa,3.1249785571377127e-32,-2.4178516392292583e+24,-209276475801600.0,3.249932805018946e-16,4.655589954065957e+29,0.001460860250517726,2.794623014779063e-06,5.5853584775367505e-39
3808559164,3147086153251899,3147086153.251899,0x0,67586679111680.0,9.2005799854447e+17,4.1469387345799755e-21,2.6884706302004106e+35,-1.159624195474308e+28,-1.0879730907611136e+16,-1.5134058450883003e-09,2.4555021308234163e-24
1003610880,12366319730172,12366319.730172,0x0,0.20947960019111633,-0.0037781130522489548,-0.009471423923969269,-0.977759838104248,0.005708212032914162,0.02746959589421749,0.006494581699371338,37.868839263916016
3376430306,813535352110464012,813535352110.464,0x0,84934656.0,-1.2829332345011482e+26,8.981256791505081e+24,210168233984.0,2.180385734569622e-27,1.8455604314804077,-5.20194226835092e+33,-3.4858167784548866e-13
2218496777,14140106466807046514,14140106466807.047,0xaa,3.991647032111969e-32,0.0,3.4289273416554906e+18,-95951.3984375,1.2499403043984648e+38,7.953661993481787e+36,-8.820941464008175e-36,-5.5922444581904426e-39
3212460222,4388580490082467440,4388580490082.4673,0x0,-206781636673536.0,3334495535104.0,1.5414283107572988e-44,0.21042387187480927,-0.003569606924429536,-0.009048081003129482,-0.9775618314743042,0.00453014113008976
4000383036,3196564157205563,3196564157.205563,0x0,274272316555264.0,1.8460487671331977e+30,4.632559088077159e-27,2.511557312432559e+35,-1.1459834733093978e-33,-1.2452771599353058e+22,-769658624.0,8.067993556867047e-25
1004688128,12559593233367,12559593.233367,0x0,0.20966291427612305,-0.0037078717723488808,-0.009389085695147514,-0.977721631526947,0.0061238668859004974,0.02730090171098709,0.0051476359367370605,37.96468734741211
2843753689,826201726062443468,826201726062.4435,0x0,-1.1112095035116937e-38,8.419097134582338e-37,-9.896840152115374e-30,8.983420372009277,-295169856.0,6.092122957822526e+31,134466960.0,-1.211656488049705e+17
37470850,14140161901949935242,14140161901949.936,0xaa,4.858315507086225e-32,-2.6469779601696886e-23,6.176945452614136e+34,-4.6193576417822835e-30,-1615766487040.0,-4.311690867858473e+17,806665191424.0,5.589263896356824e-39
4025385020,3246042193319739,3246042193.319739,0x0,62872952504320.0,7.141374817619998e+21,4.5524154014125597e-29,2.7065726807716697e+35,-1.2570801447284428e-22,-6.69732895433708e+19,-0.0004310625372454524,1.103552804493712e-24
1045809291,13550194202195148048,13550194202195.148,0x0,0.023373769596219063,1.1173734492331278e-05,-5.590847363621511e-39,-751.1498413085938,-1.5678662260264515e-25,1.5414283107572988e-44,0.2071732133626938,-0.003324770135805011
1002169344,12752866736561,12752866.736561,0x0,0.20717120170593262,-0.003899956587702036,-0.009956995956599712,-0.97824627161026,0.005779910832643509,0.029822248965501785,0.005294620990753174,37.96468734741211
2751479026,838868100014422965,838868100014.4229,0x0,-2.2648936145993894e-31,-5.67151118957554e-07,-7.241637706756592,5.090144984074716e+24,4.813601296474747e-36,-5.751583808179507e+34,3.3944350022200835e-21,-1.2116582060366234e+17
2925330492,3295520216569659,3295520216.569659,0x0,1461228404736.0,5.229479696579195e+28,1.5363660733086515e-24,3.1846290751297396e+35,-0.00015238205378409475,-1.6600896047627108e+19,-0.0009956429712474346,3.089771542170077e-24
1002974720,12946140277444,12946140.277444,0x0,0.2069336324930191,-0.003709420096129179,-0.009530855342745781,-0.9783015251159668,0.006065530702471733,0.027742899954319,0.005885481834411621,37.77299499511719
872430814,851534474789731240,851534474789.7312,0x0,-27380416512.0,-4.6396696099474516e+30,4.3351219341398945e-27,1.8756056131580828e+31,-8.166726894726443e-25,-3.8417368928379813e-26,0.5009289383888245,-1.2116573470431642e+17
4080795708,3344998246251579,3344998246.251579,0x0,1054498357248.0,2.7850111476871444e+22,6.493961310630774e-18,3.2155597497753084e+35,-1.199212245725124e+33,-2.2487866803545558e+22,2.522982333079489e-31,1.1035529031013252e-24
1001434752,13139413805764,13139413.805764,0x0,0.2066163569688797,-0.004030358046293259,-0.009335393086075783,-0.9783691763877869,0.0051268357783555984,0.028284572064876556,0.0062493085861206055,37.96468734741211
2223291283,13191253840846502939,13191253840846.504,0xaa,-1.6160449726467748e+37,-9.865411568113681e+35,1.103552804493712e-24,1.1006835099670714e-39,1.0688911191349159e-32,-3.673005094296859e-29,-1.2405844671777997e+18,1.261155247814047e+21
2592095482,864200847918382026,864200847918.3821,0x0,-1.641456037759781e-08,9.836790582085086e-08,5.0039872926933735e-29,1.1415597514093227e+24,-23.093494415283203,9.675072624465015e+30,4202106.5,-3.485817862657059e-13
2453385921,14140148714252856533,14140148714252.857,0xaa,1.0111761097510678e-31,0.0078125,-1.1344457561790477e-05,-3.4894441114374786e-07,24070.345703125,2.8257205357988345e+22,-196649424.0,-5.592677459415919e-39
3212471931,4390453095825142896,4390453095825.1426,0x0,-750.9490966796875,5.840756841102434e-34,1.6815581571897805e-44,0.20728878676891327,-0.003646182594820857,-0.00994888972491026,-0.9782224297523499,0.006661323830485344
3193864252,3394476237340987,3394476237.340987,0x0,3319405740032.0,3.0828570705125457e+31,4.176516338371785e-19,3.076067477726194e+35,-9.290916547977544e+17,-3.872142884915801e+28,-2.1617383764494647e+20,8.067993556867047e-25
1004232064,13332687346647,13332687.346647,0x0,0.2070004791021347,-0.003822100115939975,-0.008733252063393593,-0.9782943725585938,0.005251123569905758,0.027634380385279655,0.007994294166564941,38.06053161621094
1820343521,876867221870361594,876867221870.3616,0x0,1.2202692127637526e-30,-3.3528908106543467e+38,9.958086968195166e+36,2.3859393976952998e+29,-5.842534456235171e-09,1.8016873266928927e-37,1.1122856822006188e-16,-3.4858162363538003e-13
1580971661,14140076861597476302,14140076861597.477,0xaa,1.3578434997407703e-31,-137438953472.0,-2.470632203156222e+35,2.8336158863775703e+25,-1.9453784817015094e-23,-1.758448945355594e-38,-5.677461875849818e+25,-5.5948032291863e-39
3212470787,4389455692750393056,4389455692750.393,0x0,-206650136854528.0,7.230534606605943e-07,1.6815581571897805e-44,0.20743918418884277,-0.0036314220633357763,-0.00940129067748785,-0.9781960248947144,0.005655542016029358
3889725500,3443954286319419,3443954286.319419,0x0,2391961239552.0,1.5198515667815e+30,2.6908982249413663e-24,3.117697123437689e+35,-1.8836216213458101e-06,-3.0356869973381316e+24,-8.156972421651576e+19,8.067993556867047e-25
1757379193,9240511325815951760,9240511325815.951,0x0,-3.4858094600902223e-13,1.527325334846847e-31,2.9802322387695312e-08,5.752257889045488e+25,-4.7315072056439534e-27,7.076265918252709e-35,6579146981376.0,1.7494009796337195e-07
1003772416,13525960812153,13525960.812153,0x0,0.2063422054052353,-0.0032362935598939657,-0.008692572824656963,-0.9784359335899353,0.004932494834065437,0.027315320447087288,0.006641805171966553,37.72507095336914
1023425772,889533594999012361,889533594999.0123,0x0,1.5592328829759061e-30,-7.959401422140932e-28,-4889957376.0,10014807818240.0,26836724.0,-679604453376.0,3.859020761587391e-34,-1.2116612984130765e+17
171679310,14140128968140713595,14140128968140.715,0xaa,1.7045108897304727e-31,-1.7014118346046923e+38,-47.583831787109375,1.8049604084912897e-32,4.657503834754134e+29,1.1524156314603035e-33,-0.04583147540688515,-5.597328369019013e-39
3212467457,4388985617169739004,4388985617169.739,0x0,-1.4474059424725764e-31,8.950830372217474e+20,1.6815581571897805e-44,0.20842956006526947,-0.0035259793512523174,-0.009014538489282131,-0.9779894948005676,0.004748836159706116
4025909308,3493432303137083,3493432303.137083,0x0,6915836870656.0,5.702867122865008e+32,3.6853352723574074e-34,2.9943293670234778e+35,1.0266707451728817e+23,-8.282621303142841e+21,-1.078616233923838e+18,1.103552804493712e-24
1006004736,13719234353036,13719234.353036,0x0,0.20803503692150116,-0.0032324669882655144,-0.009646538645029068,-0.978068470954895,0.007454218342900276,0.027182485908269882,0.006676733493804932,37.96468734741211
2885696724,902199970597649403,902199970597.6494,0x0,-3.7181718523570815e+19,-5.601516983937972e+29,8.544776275057705e+17,6.1017276256607925e+22,2.009347627025832e+24,23250900992.0,-1.0018565654754639,-2.9424309598541707e+23
3143766270,13797453996263071053,13797453996263.072,0xaa,-1.6663089636402562e-13,-5.588423117278229e-39,-751.7451782226562,-2.392374002115557e-30,1.6815581571897805e-44,0.20790879428386688,-0.00353631773032248,-0.008685444481670856
4154753084,3542910332819259,3542910332.819259,0x0,6898388566016.0,1.8034301605085194e+21,1.7658362654436623e-29,2.992098301967076e+35,-3.124579129818484e-26,-2.922899405851853e+16,-2.398802684266954e-11,1.103552804493712e-24
1005153408,13912507956732,13912507.956732,0x0,0.20686939358711243,-0.0033289012499153614,-0.008079888299107552,-0.9783295392990112,0.003568032756447792,0.026091840118169785,0.005951046943664551,37.91676330566406
805321954,914866343726300116,914866343726.3002,0x0,-3.9308531091497294e-35,118.1217269897461,-4.471080673161823e+30,4.882679079644269e+33,3485662.5,-4.32540218919808e-11,4.143588047096188e-25,-3.485806478534248e-13
515641509,18175308561389681274,18175308561389.68,0x1,-563995308195840.0,-3.4858051232815324e-13,2.808131636812128e-31,-0.00048828125,8.949088571854073e-36,1.05475806855168e+17,5.345280208041148e-12,-1.3931886755358391e-09
3392911819,14140135092764073003,14140135092764.074,0xaa,2.8235390763672257e-31,5.764607523034235e+17,5.723775937245827e-39,-1.9369594425766287e-23,8.967049507191405e-05,-0.37398120760917664,2.1128976507548467e+17,-5.5882535601640456e-39
4214784060,3592388352853051,3592388352.853051,0x0,1999475048448.0,1.0736286976177986e+29,1.5678508509349267e-18,3.136559764369085e+35,-5.942696448605523e+26,-4.602254407684325e+19,-852554940416.0,1.103552804493712e-24
1004470016,14105781447364,14105781.447364,0x0,0.20685510337352753,-0.003567800624296069,-0.009535236284136772,-0.9783186316490173,0.006682915613055229,0.027344174683094025,0.004723846912384033,37.868839263916016
3850386655,927532718501608402,927532718501.6084,0x0,4.680009764860983e-32,2.9473718313965946e-05,-1.924161853085424e-20,2.8563568015184036e+29,1.795543585809784e-36,-7.918427685704927e-16,1.6574340355471175e-24,-3.4858162363538003e-13
3212474573,4385090584340723180,4385090584340.723,0x0,-206457316311040.0,-1.4665266454456013e+25,1.6815581571897805e-44,0.20645995438098907,-0.003627852303907275,-0.008702458813786507,-0.9784096479415894,0.004849974997341633
3251634236,3641866379319099,3641866379.319099,0x0,2192782131200.0,3.327601563949306e+30,5.0294817821662565e-22,3.123984670414821e+35,-22328.373046875,-2.0404537644720985e+22,-7404555075584.0,1.103552804493712e-24
3155928530,4311504692828596108,4311504692828.596,0x0,-5.5921141374332604e-39,-751.2933959960938,-2.579931020196526e+38,1.6815581571897805e-44,0.20779411494731903,-0.003653943305835128,-0.009410104714334011,-0.9781205058097839
1003515264,14299054937996,14299054.937996,0x0,0.2075451910495758,-0.003545659827068448,-0.009129720740020275,-0.9781764149665833,0.0060132090002298355,0.027449853718280792,0.007393956184387207,37.91676330566406
3179298016,940199091630259114,940199091630.259,0x0,5.756421182677018e+28,6.597618164333557e-34,1.0452758510597773e-22,1.2012780762228303e+26,-3.629359178855475e+21,3.308372190921483e-20,-64.11890411376953,-3.485811357444024e-13
3611022290,56140896219,56140.896219,0xaa,-9.60921945708612e-27,-1.127849085225064e-33,-6018.384765625,-3.2437662831537942e-19,-5.4099340990206706e+19,-5.589811804056375e-39,-3.900557410863111e+36,2.449819289336513e-27
3212469602,4390143823822123388,4390143823822.1235,0x0,-206499947216896.0,1.567872265742757e-25,1.8216880036222622e-44,0.2075958549976349,-0.003738190047442913,-0.00923944916576147,-0.9781638979911804,0.005170786753296852
3126100028,3691344409001019,3691344409.001019,0x0,5873636212736.0,4.1809959105857205e+34,1.6100772362925029e-24,3.0076143453138697e+35,-2.5393205807934353e-14,-2.3585474230676184e+27,-1.3789025637590903e+21,2.4555021308234163e-24
1000956032,14492328466316,14492328.466316,0x0,0.20959267020225525,-0.003942310810089111,-0.009991013444960117,-0.9777297973632812,0.00622674822807312,0.030207663774490356,0.006395280361175537,37.91676330566406
738213104,952865464758909875,952865464758.9098,0x0,5.816308432049452e-32,-1.3387197239525376e+16,9.997479963264803e+31,31326.056640625,-5.622094591930042e-20,7.402761720489836e-31,5.058099303746471e-29,-3.485808917989136e-13
3258697218,14140177360610977346,14140177360610.979,0xaa,5.862782306505822e-31,-32768.0,2.291126100815973e-33,3.1134898227867966e+37,1.1590143902214994e-30,-1.267093074156879e-21,2.435201368879843e+35,5.590875389590797e-39
3212462608,4385796273240436536,4385796273240.4365,0x0,-750.85302734375,194.09243774414062,1.8216880036222622e-44,0.2098829597234726,-0.00358354183845222,-0.009282833896577358,-0.9776758551597595,0.005538558587431908
2158690364,3740822412954683,3740822412.954683,0x0,102617506119680.0,1.2991891971318038e+25,1.572033507017798e-25,2.6437479170243587e+35,-2.1387729301903906e-14,-2.969153921112353e+20,-4.2684353893432854e+30,1.103552804493712e-24
1003497728,14685602019761,14685602.019761,0x0,0.2092714011669159,-0.00370320794172585,-0.009153198450803757,-0.9778077602386475,0.005363857373595238,0.026881162077188492,0.007397115230560303,37.91676330566406
1224752354,965531839534218238,965531839534.2183,0x0,1.075234411034706e+17,2.4356665989655468e-11,-8.24798597086671e-16,33384595456.0,-65918.953125,-298284064.0,-1.9378740453760625e+25,0.12316117435693741
4132372540,3790300455500859,3790300455.500859,0x0,83141976915968.0,9963016309178368.0,3.7626633774340765e-30,2.6727517627575806e+35,-2.644180817171956e-23,-3.150002682165461e+18,-1.6670040153642693e+24,1.103552804493712e-24
1004601984,14878875560644,14878875.560644,0x0,0.20936714112758636,-0.0036283135414123535,-0.0087490975856781,-0.9777912497520447,0.004359814338386059,0.027543682605028152,0.007381558418273926,37.91676330566406
4135599327,978198213486197725,978198213486.1978,0x0,9.918539213594265e-33,2.446693179081194e-05,0.16770726442337036,16955468677120.0,3.0958902108579878e-09,1931327360.0,-1.1122847557583327e-16,-1.2116555431568998e+17
3212468458,4387278591002113304,4387278591002.114,0x0,-206636966739968.0,-2.5688019201929332e-21,1.8216880036222622e-44,0.20618951320648193,-0.0035974737256765366,-0.009452546946704388,-0.9784597754478455,0.0027321241796016693
3555033148,3839778478750779,3839778478.750779,0x0,233299771392.0,1.8764556693481448e+30,5.881073499006245e-17,3.493415292557709e+35,-1.5987104152551424e+16,-1.1638599073337227e+27,-0.00024509604554623365,1.103552804493712e-24
1004900608,15072149088964,15072149.088964,0x0,0.20478568971157074,-0.004065320827066898,-0.009502588771283627,-0.9787522554397583,0.005156535655260086,0.028878681361675262,0.006866514682769775,37.868839263916016
2441100519,990864584968256470,990864584968.2565,0x0,-3.3434723633598562e+19,5.2719375497706e-36,5.69828474875548e-27,-6.401321877798324e-31,9.367393267859826e-15,-1.5078159810648637e-37,-0.1252322793006897,-3.4857945523103506e-13
3865608252,3889256479488315,3889256479.488315,0x0,67313336320.0,5.673521587111843e+35,3.524135945717762e-26,3.810632178758821e+35,-3.296860421734159e-19,-6.656346197728009e+19,-1.2684348878319249e-14,4.89677271787858e-25
1003134976,15265422654972,15265422.654972,0x0,0.20461733639240265,-0.0034642433747649193,-0.009240152314305305,-0.9787923097610474,0.0064167845994234085,0.026493117213249207,0.004345118999481201,37.91676330566406
45595502,5512616476941728791,5512616476941.729,0xaa,-5.779391489531004e+22,-3.742201805114746,4.89677271787858e-25,1.2782560513663122e-39,1.2150280781497713e-12,3.0280625833129784e+23,-7133003838914560.0,-2.2597756664795427e-33
3028303069,1003530961390156727,1003530961390.1566,0x0,-4398046511104000.0,-2.4328837065074835e+26,,-3.8144972240115516e-30,-10543.869140625,8.976078654553565e-28,-2.3101250572480676e+18,1.4637353913245365e-37
540775749,14140146446510122557,14140146446510.123,0xaa,1.4930312040472004e-30,8192.0,12772086784.0,1.0552013091766272e+17,-25240887296.0,2.8135275050868763e-37,-5.91906931312715e-28,-5.591124820717447e-39
3187867708,3938734515602491,3938734515.602491,0x0,127886426112.0,1.5098715868966647e+23,1.2888739783037314e-30,3.6627734127482e+35,-3.004827873688704e-17,-478418386812928.0,-385877888.0,1.103552804493712e-24
482310792,4628818078723706613,4628818078723.707,0x0,-1.211661813809152e+17,1.6795115338221e-30,-9.4039548065783e-38,4.327384284241731e-11,4.6408591929539524e+29,-6018.09228515625,-3.2437750719478026e-19,2.3218687848862956e+29
1004592512,15458696158167,15458696.158167,0x0,0.20559556782245636,-0.003838031319901347,-0.009586093947291374,-0.9785825610160828,0.005952935665845871,0.028299082070589066,0.005950570106506348,37.72507095336914
805321953,1016197332872215526,1016197332872.2156,0x0,-4.880130290985107e-07,1460170.25,15534.8583984375,-1.4600721729310371e-37,-8.15106074345321e+20,-2.8463174742490716e-13,3.251215465144374e+32,-1.2116612984130765e+17
3212475656,4387901129337683488,4387901129337.6836,0x0,6.092439208948375e+34,4.2086440023440715e-17,1.961817850054744e-44,0.20592956244945526,-0.003708819393068552,-0.009127442725002766,-0.9785172343254089,0.005287846550345421
3386802236,3988212542068539,3988212542.068539,0x0,204124192768.0,3.767046039611773e+25,1.213882227215057e-28,3.550713099688025e+35,-4.125094532403907e-22,-1.6200036930482934e+23,-31.18761444091797,1.103552804493712e-24
1001823744,15651969686487,15651969.686487,0x0,0.20574145019054413,-0.00352917006239295,-0.00820108037441969,-0.9785656332969666,0.0038562091067433357,0.026394933462142944,0.00638502836227417,37.96468734741211
184564954,1028863706824195014,1028863706824.1951,0x0,-9.38598532229662e-10,57778970624.0,-0.08092384785413742,-1.9650551858189657e-37,1.2719006628708352e+16,3829126656.0,3.175013591522778e+29,1.1503148799670416e+35
742109160,14140143375608500405,14140143375608.5,0xaa,2.517676245619425e-30,-0.001953125,-1.6120713577953404e-19,-95931.8125,1504.1162109375,1.3931911180264933e-09,0.011422253213822842,5.575882897320986e-39
3058827324,4037690558886203,4037690558.886203,0x0,373855092736.0,8429308477440.0,9.634946799655222e-26,3.395349842124053e+35,-3.988230610144461e+16,-133041401888768.0,-1.2209041539334144e+16,4.89677271787858e-25
1003917440,15845243164556,15845243.164556,0x0,0.20616939663887024,-0.003546467749401927,-0.009535403922200203,-0.9784634113311768,0.007065905258059502,0.027290452271699905,0.007897436618804932,38.108455657958984
2793422040,1041530086539344861,1041530086539.3448,0x0,-2457600.0,-2.491223915525309e-13,5.556362592251674e-10,-5.096303351669539e-38,-7.329432492042542e-07,-2.2187158776887372e-07,-0.0009783757850527763,-2.9424356435977832e+23
3212475994,4382106947871981494,4382106947871.9814,0x0,-751.3041381835938,6.449827550491315e+37,1.961817850054744e-44,0.20630531013011932,-0.0033054817467927933,-0.009011207148432732,-0.9784405827522278,0.006382288411259651
4059627580,4087168585352251,4087168585.352251,0x0,1003629838336.0,1.3082230946637763e+34,1.4120835296518362e-28,3.2315828533621932e+35,-4.367733012553424e-25,-6040198802571264.0,4.084869774037964e-37,1.1035529031013252e-24
3271557120,14320170438355735389,14320170438355.734,0xaa,1.6403403718713446e+35,0.030364740639925003,2.4889118048152557e-32,8404176.0,-3.4858192179097747e-13,3.482282584084983e-30,-2.710505431213761e-20,-837065101017088.0
1003285504,16038516680313,16038516.680313,0x0,0.20669373869895935,-0.003579051000997424,-0.009628141298890114,-0.9783517718315125,0.007838400080800056,0.027340717613697052,0.007718324661254883,37.91676330566406
4185930965,1054196457198074889,1054196457198.0748,0x0,-3.903127820947816e-17,2.2224222984075696e-31,8.723703783093513e+23,8.555859328178225e+32,8.26406409928107e+24,-6.501864233483341e+21,-1.8842816518422317e-37,9.06241928803701e-25
3212473073,4383200373533962012,4383200373533.9624,0x0,-752.0498657226562,-6.89554858525343e-13,1.961817850054744e-44,0.20694120228290558,-0.003402901813387871,-0.008904805406928062,-0.9783069491386414,0.006066134199500084
3787849788,4136646608602171,4136646608.602171,0x0,4865661075456.0,2.597061642160144e+32,3.249537963582678e-24,3.027744636845494e+35,-373331936.0,-4.591365995574067e+16,-5222711689216.0,1.4206875101670424e-24
1005525504,16231790246321,16231790.246321,0x0,0.20737017691135406,-0.0031132411677390337,-0.008280137553811073,-0.9782225489616394,0.005142823792994022,0.02447860687971115,0.006382107734680176,37.868839263916016
2273328345,1066862833619975122,1066862833619.9752,0x0,-1.42227395548986e+38,8.40679386154521e+33,-4.4183626484069205e-13,6.151421695029087e+21,2.040037601962628e+26,4571239424.0,-65657.6171875,-3.4857964496641525e-13
2084282679,14140076926021979520,14140076926021.98,0xaa,5.2079158142559465e-30,1.4757395258967641e+20,-2.579477540643524e-18,-1.2104156498042501e-24,-1.0582511654535168e+17,6274354.0,786491392.0,-5.583462520714519e-39
3212468456,4384982346875851052,4384982346875.851,0x0,-751.9170532226562,-853627568652288.0,1.961817850054744e-44,0.20834241807460785,-0.0035942960530519485,-0.009359495714306831,-0.9780045747756958,0.006311524659395218
41746492,4186124641500220,4186124641.50022,0x0,10369661665280.0,8.16810523801682e+16,1.2300843651541948e-36,2.943826167110385e+35,599246654930944.0,-332056416.0,-3.6893623255407924e+22,1.103552804493712e-24
1005816704,16425063824892,16425063.824892,0x0,0.20556271076202393,-0.004199167247861624,-0.008239277638494968,-0.978600263595581,0.001948363147675991,0.027108918875455856,0.006518661975860596,37.62922668457031
2961194219,1079529205925362667,1079529205925.3627,0x0,4569845202944.0,-5.107961987960152e-05,-1.924475671559214e+28,1.4001979296217496e+35,3.0254849569985123e+30,1.6956370206845686e-18,-1.9295096920274744e-34,-1.211658549634007e+17
3138486332,4235602642237755,4235602642.237755,0x0,213034672848896.0,2.3706749029174854e+27,3.056076888609558e-36,2.557547676208839e+35,1455.8983154296875,-13194816512.0,-5.331467124129632e-25,1.4206875101670424e-24
1004540032,16618337353212,16618337.353212,0x0,0.21036013960838318,-0.0034115673042833805,-0.008689649403095245,-0.9775794148445129,0.005483528599143028,0.025462787598371506,0.005423247814178467,37.91676330566406
1191197904,1092195579877342177,1092195579877.3422,0x0,8.926118914756793e-26,-2.5419303030167375e-36,-10.545737266540527,58044.0234375,-1.6088407051029208e-07,-5.094490088051781e+35,5.561415837857783e-17,0.12316104024648666
2688271844,14140139555235090105,14140139555235.09,0xaa,8.54228697861199e-30,2.842170943040401e-14,9.840426847708766e-24,-1.7695550861623557e+24,1.4012058500156854e-06,3.566547661648656e-07,2.2687667138325044e+26,-5.584838595806486e-39
3212460333,4381122966567914934,4381122966567.915,0x0,-751.581787109375,1.129766680207922e-08,2.1019476964872256e-44,0.21040618419647217,-0.0032964032143354416,-0.008203052915632725,-0.9775740504264832,0.00433607492595911
3249537084,4285080678351931,4285080678.351931,0x0,217720482168832.0,7.088650501242428e+22,2.5747715578914067e-31,2.5513615412797253e+35,-5.034386652418068e-27,-22138705920.0,-0.07885786890983582,1.103552804493712e-24
1004895104,16811610881532,16811610.881532,0x0,0.21053729951381683,-0.003368683625012636,-0.008485205471515656,-0.9775431752204895,0.004794866777956486,0.025051549077033997,0.006575405597686768,38.06053161621094
3472899280,1104861949712743347,1104861949712.7434,0x0,185597952.0,2.139214780102287e+28,-8.590374044210079e-34,479.46929931640625,-1.1061572374925622e+27,1.9954715268952883e+17,1.618586192002032e-27,-1.374173179649324e-19
3103391804,4334558704817979,4334558704.817979,0x0,277493542027264.0,1.3100350311853405e+20,3.5127596261187526e-31,2.513484141344906e+35,-1.0302235710351675e-18,-5230327296.0,-9.326727846863078e+22,6.735227355600055e-24
1002145792,17004884409852,17004884.409852,0x0,0.21083460748195648,-0.0035784936044365168,-0.008742952719330788,-0.9774761199951172,0.005268172360956669,0.025636032223701477,0.0068923234939575195,37.72507095336914
3607117010,1117528329427893182,1117528329427.893,0x0,4.4874167704222595e-32,-84013752.0,1.0083894166015508e-26,126840.03125,-3.2025747293081956e+37,6.997950056875688e+18,1.0607568992259413e-22,0.12316123396158218
3008102460,4384036724851771,4384036724.851771,0x0,459432651653120.0,4.238506686718935e+17,1.3463352631094262e-32,2.4556285679504894e+35,-1.0061006715245124e-11,-11023477760.0,-7.0245471648663615e+22,3.089771542170077e-24
935026266,8268461874052075170,8268461874052.075,0x1,11079865335808.0,-6.114843563409522e-05,-3.4858116284945673e-13,1.540824453362933e-29,-1.862645149230957e-09,3.579930450273037e-35,-1.1825343710668763e-27,0.00035874644527211785
1000940288,17198157900484,17198157.900484,0x0,0.21100786328315735,-0.0031962727662175894,-0.008300326764583588,-0.9774438738822937,0.004867564886808395,0.024948976933956146,0.006566941738128662,37.96468734741211
3825220822,1130194701733280704,1130194701733.2808,0x0,4.8871510800252123e-26,-4.605492875953132e-09,2.902641434151912e-26,0.00021909196220804006,7.477076839253783e+30,-1.9704255009855842e-06,-4.143582623677465e-25,-2.9424324010060515e+23
2151399803,14140122882172051588,14140122882172.05,0xaa,1.7774827249292365e-29,2.596148429267414e+33,3.5799964570359005e-35,6440244215808.0,-1.1593150346566657e-30,7.953658190529987e+36,12602703872.0,5.589951933902807e-39
4008607804,4433514751317819,4433514751.317819,0x0,746671474475008.0,1.1713173760191658e+24,2.4788524136179583e-24,2.3864655512020372e+35,-1.3111445262836696e-08,-8.457505736894838e+23,3.554712136042127e-35,1.1035529031013252e-24
1003250560,17391431378553,17391431.378553,0x0,0.21003949642181396,-0.0035833457950502634,-0.009268157184123993,-0.9776424169540405,0.0053250957280397415,0.029027260839939117,0.007460653781890869,37.91676330566406
1988115698,1142861074861931532,1142861074861.9316,0x0,-1.7784383169890095e-22,2.5267521365154866e-13,3.257561660197951e-15,209437056.0,2.2478155475496277e+25,1.0095731104403577e-17,0.015654047951102257,-1.2116624151045734e+17
4002709564,4482992774567739,4482992774.567739,0x0,36167919599616.0,163.29000854492188,-1.2828524147036753e+25,2.787195060875779e+35,1.9873219350004131e-25,-299345.84375,-5.3034600318147494e+20,1.103552804493712e-24
1004294656,17584704957124,17584704.957124,0x0,0.2094857096672058,-0.0031279767863452435,-0.009257321245968342,-0.9777628779411316,0.0065384916961193085,0.026108674705028534,0.0070269107818603516,37.91676330566406
2608872676,1155527449637239800,1155527449637.2397,0x0,-292.0,-3.4184143479439976e-24,8962579376373760.0,7167504.0,1.3365942044841187e+34,39254429696.0,2.18350326711093e-41,-1.211658635533353e+17
4097555853,14140118297294463478,14140118297294.463,0xaa,2.805547589898512e-29,-1.7014118346046923e+38,-3348494211350528.0,2.900129927605397e+28,-1.1871644992461777e-27,-1.851858159809068e+27,-8.868668530203076e+23,-5.593833530648987e-39
3212462922,4385622460209374532,4385622460209.3745,0x0,-206623410749440.0,2.449800415223058e-27,2.2420775429197073e-44,0.20959711074829102,-0.003394376253709197,-0.008614523336291313,-0.9777439832687378,0.004558436572551727
4017750076,4532470804249659,4532470804.249659,0x0,78460462563328.0,1.750154758347796e+20,2.37595864668429e-30,2.678481543470612e+35,-2.2372463124687273e-27,-3727635133759488.0,-6.751542107974901e+21,1.4206875101670424e-24
1005245184,17777978485444,17777978.485444,0x0,0.2088804394006729,-0.003709963522851467,-0.009233645163476467,-0.9778905510902405,0.004546221345663071,0.028752492740750313,0.006484687328338623,37.91676330566406
3766500599,1168193825235811339,1168193825235.8113,0x0,-3.470987982972452e-28,5.120555792347425e-37,-2.633501715878709e+29,3.5710005218902016e+16,1.3808014825298552e-26,-339162293075968.0,4.844700677880469e+24,-1.21165743294251e+17
3955818556,4581948814635323,4581948814.635323,0x0,15197204905984.0,3.220181369600999e+22,1.6768654666510403e-32,2.8918524925010277e+35,2.8703501276509814e+37,-1.5693420722711953e+19,-15.906307220458984,1.103552804493712e-24
1006535296,17971252026327,17971252.026327,0x0,0.20815660059452057,-0.0032640942372381687,-0.009951871819794178,-0.9780394434928894,0.007609713822603226,0.027922941371798515,0.0063838958740234375,37.77299499511719
75513047,1180860191778028545,1180860191778.0286,0x0,-1.454028420503369e-26,3.0019502508804585e-12,-522.9271240234375,9.472490703884205e+24,31.593494415283203,2.152508792256111e-25,1.5139631972301234e+23,-3.4858189468592315e-13
3212471317,4385458547075524436,4385458547075.5244,0x0,-751.3749389648438,3.7542937500933855e+27,2.2420775429197073e-44,0.2073211669921875,-0.0034794327802956104,-0.008746123872697353,-0.9782276749610901,0.004255106672644615
3364323388,4631426831453243,4631426831.453243,0x0,3639850565632.0,2.2325181731476023e+30,5.930306721462941e-25,3.068258750028788e+35,-0.06713246554136276,-5.995953917455048e+20,-5.960486305411905e-05,2.4555021308234163e-24
1004833536,18164525579772,18164525.579772,0x0,0.2071380764245987,-0.0035436979960650206,-0.008933625183999538,-0.9782645106315613,0.004902428016066551,0.02766314521431923,0.0056168437004089355,37.91676330566406
3749723366,1193526571493178290,1193526571493.1785,0x0,-8519680.0,1.2930140791988709e-20,6118836.0,3.6719816130909177e+31,-1.6150133683325409e-15,-4.823660929043933e-21,-2.422344574332711e+24,-1.2116589791307366e+17
2352736322,14140121108350561278,14140121108350.56,0xaa,5.887196496624378e-29,-8388608.0,-1.3714547182831403e+19,-1.7287549899246708e+21,403999784960.0,25699782656.0,3227052408832.0,5.593738242353413e-39
3212471769,4387271916630459532,4387271916630.4595,0x0,-1.4465384276416696e-31,-4.013691153606489e-23,2.2420775429197073e-44,0.20724894106388092,-0.0037552944850176573,-0.009787204675376415,-0.9782320857048035,0.006239213049411774
3563257916,4680904861135163,4680904861.135163,0x0,6805509898240.0,2.0647351232382902e+33,1.0671835281397235e-22,2.9875347598062545e+35,-10.716002464294434,-8.412690777290844e+22,-1.2270652409320707e+26,1.103552804493712e-24
1002738304,18357799057841,18357799.057841,0x0,0.2085322141647339,-0.003754301695153117,-0.0100711015984416,-0.9779564142227173,0.007695399224758148,0.027656666934490204,0.0069449543952941895,37.96468734741211
864042193,1206192945445157819,1206192945445.158,0x0,1.1098534535118194e+35,-3.4955113906221315e-29,-2.4988626936333845e-30,5.443381077810872e+17,-250621.90625,7.915175269769884e-14,8.48605620354949e-22,0.12316127121448517
2480406588,4730382897249339,4730382897.249339,0x0,14560744439808.0,16756879917056.0,2.3621970402796655e-31,2.8980386274301415e+35,-1.1274031400680542,-526485344.0,-281020288.0,4.89677271787858e-25
1001099776,18551072648975,18551072.648975,0x0,0.20829355716705322,-0.0031905772630125284,-0.00834848452359438,-0.978025496006012,0.005662528797984123,0.024062063544988632,0.006690561771392822,37.91676330566406
2076196042,1218859321043729409,1218859321043.7295,0x0,-1.7734375,-1.4098703533269639e+26,1.561981852099543e+17,4129494554116096.0,-1.56933070758689e+33,1.1642841518970692e+36,-422734806908928.0,1.1503175539175265e+35
4260626492,4779860897986875,4779860897.986875,0x0,58801323507712.0,-2.1070828637448358e-08,5.708608022146888e-28,2.7083473916119893e+35,2.8231799857981963e+30,-5.047248352586789e+33,2.354764246559303e-28,2.4555023280386426e-24
1113154,15252353103093825536,15252353103093.826,0xaa,4.9154287456470565e-30,2.7299481578398783e+35,129295179776.0,-4.403831943127596e+27,6.763351847539961e-34,1.1035529031013252e-24,1.5602197231638946e-39,2.6445252304070013e+23
1004527744,18744346139607,18744346.139607,0x0,0.20966817438602448,-0.003911662381142378,-0.008333536796271801,-0.9777292609214783,0.0032420093193650246,0.027073822915554047,0.008043050765991211,37.91676330566406
151010558,1231525692525788111,1231525692525.788,0x0,-1.2924697071141057e-24,0.012221891433000565,5.250921483535503e+27,5.014572132369241e+24,7035086176256.0,7.357179310218953e-10,-5.201956504661371e+33,1.1503119089109473e+35
3212468175,4384908619464307084,4384908619464.307,0x0,-206563549642752.0,6.576132915693909e-19,2.382207389352189e-44,0.20810240507125854,-0.0037801796570420265,-0.008752623572945595,-0.9780606031417847,0.004805675707757473
3970596924,4829338924452923,4829338924.452923,0x0,25224342929408.0,1.090165631683239e+30,4.750612194650301e-23,2.8212190010563108e+35,-5006523904.0,-5.274492569911296e+16,6.435858475682539e-37,4.896773210916646e-25
1004772224,18937619667927,18937619.667927,0x0,0.20942522585391998,-0.0035137333907186985,-0.008615978062152863,-0.9777804017066956,0.005306539125740528,0.0258609838783741,0.00786358118057251,37.91676330566406
2566929611,1244192066477767678,1244192066477.7676,0x0,6081673691136.0,-8.77439507818434e-26,3.937701760328359e-25,132464492544.0,-12894074.0,4.107842813039541e+37,-1.9108870219497476e-06,0.12316080927848816
37863484,4878816960567100,4878816960.5671,0x0,26033944264704.0,1.724447464640177e+24,-5.454206652734836e+31,2.832069892123858e+35,5.3003598038392497e-11,-166040.921875,-7.419809888000897e+25,1.103552804493712e-24
1006797312,19130893196247,19130893.196247,0x0,0.20929288864135742,-0.003677061526104808,-0.008221518248319626,-0.9778115153312683,0.003308556042611599,0.025158723816275597,0.007242321968078613,37.91676330566406
3909106900,1256858437959826411,1256858437959.8264,0x0,-3025855999639552.0,13057622.0,-5.4824601018290546e-33,2289412.5,-5.867072334264854e-29,-1.2103311848118847e+26,8605884416.0,0.1231609582901001
3212449386,4382424083951511000,4382424083951.511,0x0,-206703723282432.0,1.0077894369442312e+36,2.382207389352189e-44,0.2133217453956604,-0.003670572303235531,-0.007313079666346312,-0.9769477248191833,0.001065252348780632
3739320380,4928294980600891,4928294980.600891,0x0,1.0048436766244864e+16,-8.237899996817352e-35,1.0724867078242698e-35,2.0517550867177756e+35,-5.069393861949565e+33,-3.613450956441649e+18,-0.0002326974063180387,1.103552804493712e-24
1007070784,19324166724567,19324166.724567,0x0,0.21262675523757935,-0.004382569808512926,-0.009110026061534882,-0.9770811796188354,0.003670699894428253,0.028368499130010605,0.00710141658782959,37.91676330566406
3204463842,1269524814381726696,1269524814381.7268,0x0,4.161241275040837e-29,-2.541546001225008e+28,8.5871408232439e+28,2.6302317936817162e-21,855031.625,7.306101910880477e-29,-550777257984.0,-2.942431500286126e+23
3045425213,4977773003850939,4977773003.850939,0x0,1.1529204050952192e+16,-2.6813905412030793e-31,1.5483987747223434e-29,2.0316247951861513e+35,0.30234333872795105,-1.0095329706735427e+27,3.937514305114746,1.4206875101670424e-24
1005287040,19517440227761,19517440.227761,0x0,0.21196407079696655,-0.0038647737819701433,-0.008085030131042004,-0.9772363901138306,0.002872081473469734,0.025751575827598572,0.006142020225524902,37.96468734741211
511720668,1282191189157034914,1282191189157.035,0x0,1.2578125,-1.054786547459739e-20,0.00027033279184252024,3.5468203623666844e-14,4.5655816024797485e-35,3.968614456966076e+28,-9023927078617088.0,0.12316086143255234
3314188348,5027251027100731,5027251027.100731,0x0,1076026746601472.0,5.2927623466505474e+32,3.8754384687420436e-33,2.340120245257693e+35,8.431642946299502e+26,-46083099066368.0,-6.496017590507108e-08,4.89677271787858e-25
1000224640,19710713781207,19710713.781207,0x0,0.21074354648590088,-0.003534517949447036,-0.007584843784570694,-0.9775055646896362,0.0024134069681167603,0.02560986578464508,0.005328059196472168,37.77299499511719
595606735,1294857564755606491,1294857564755.6064,0x0,-1761607680.0,-451398368.0,3.333918539700343e+21,0.03557973727583885,9.811482477709889e-15,-1.0558601082656543e-23,-9.921905667592474e+27,0.12316133826971054
2634842172,5076729050350651,5076729050.350651,0x0,81926501171200.0,7.181426995438066e+24,-1.3938899999618708e+33,2.6819293550328267e+35,4.252525163421739e-30,-24840886272.0,-75591927726080.0,1.4206875101670424e-24
1001890432,19903987296964,19903987.296964,0x0,0.20949120819568634,-0.003878107061609626,-0.008487007580697536,-0.9777659773826599,0.004351639188826084,0.02584914118051529,0.007437407970428467,37.77299499511719
352337109,1307523936237665233,1307523936237.6653,0x0,-2.342858351767063e-09,-5.873864548159393e+29,4.211413932430491e-15,63369272.0,2.906038930338082e+29,1.9934136119559298e-08,-9.689363309351285e+24,-1.2116619856078438e+17
3644558372,14140115172705751732,14140115172705.752,0xaa,5.372400357685152e-28,-1.0339757656912846e-25,0.1858791559934616,-95992.203125,1.2499815791020082e+38,25699692544.0,1.5895768272718144e-19,5.58622027609231e-39
3212462961,4381191424050387204,4381191424050.3877,0x0,-3.8972323633387126e+36,1.7652808381729557e-10,2.5223372357846707e-44,0.20952431857585907,-0.0033862281125038862,-0.00808696635067463,-0.9777641296386719,0.004141390323638916
2909765692,5126207063952443,5126207063.952443,0x0,105181601595392.0,1.8351392226325561e+19,6.994244872385573e-32,2.6459282760567512e+35,-5.335341787028948e-26,-65291266555904.0,-7.969047483038055e+22,2.4555021308234163e-24
1003713280,20097260812721,20097260.812721,0x0,0.20954284071922302,-0.003199916100129485,-0.00842472817748785,-0.9777579307556152,0.004940779879689217,0.02596248686313629,0.0073645710945129395,37.77299499511719
3766500575,1320190311012973562,1320190311012.9736,0x0,-1.2148457940403582e-28,1.940671659294037e-25,149229.9375,1.3729286193847656,-4.017562819154819e-15,-2255916271403008.0,0.06261610984802246,-3.485821928415206e-13
2084275650,14140116347379305850,14140116347379.307,0xaa,6.792349987082973e-28,-137438953472.0,12181.87109375,1.216111690160669e+35,-2.1378039963271256e-11,7.953666430258888e+36,1.4117343918208782e-34,5.5861095735136286e-39
3212460124,4382136600324173460,4382136600324.1733,0x0,-751.7431030273438,2.1852865757498573e+17,2.5223372357846707e-44,0.21058112382888794,-0.0034641933161765337,-0.008714520372450352,-0.9775314331054688,0.004836259409785271
3277979708,5175685112930875,5175685112.930875,0x0,403580896935936.0,6.665037776980302e+23,5.2620573418206646e-36,2.47540391731405e+35,-1.3484506202950286e-33,-64137452.0,-4.503625397174272e+16,1.4206875101670424e-24
1003305984,20290534353604,20290534.353604,0x0,0.21056920289993286,-0.0032575333025306463,-0.008061409927904606,-0.9775403141975403,0.004379068501293659,0.02502249926328659,0.007292270660400391,38.108455657958984
3372235974,1332856684141624295,1332856684141.6243,0x0,-2.362554596402333e-13,-3.9100546836853027,5.884367126895995e-08,416775392.0,-7.745241489916191e+32,-9.647007778653742e-35,-9.689344862607211e+24,-3.4858034969782736e-13
3353837628,5225163123316539,5225163123.316539,0x0,159794258247680.0,207984831496192.0,6.065014814344042e-37,2.592839068919193e+35,-3.773391680451312e-35,-1403.5384521484375,-0.0017891000024974346,1.4206875101670424e-24
1007246016,20483807919612,20483807.919612,0x0,0.20967480540275574,-0.003318021073937416,-0.007792528718709946,-0.9777345061302185,0.0035927314311265945,0.02525901049375534,0.007162511348724365,37.91676330566406
1241529543,1345523058916932608,1345523058916.9326,0x0,1.4519706221356895e-34,1.3005437502695763e+33,-7.097755040608259e-26,128888.0859375,1.3097020365606228e-15,1.7119695938649926e-10,-3.768561510022429e-37,-2.942427717262439e+23
4001660988,5274641152998459,5274641152.998459,0x0,256010115612672.0,8773174296576.0,-3.591181577449711e+36,2.534070589022206e+35,4319444992000.0,-77826520.0,-2.7287921966490103e-07,1.4206875101670424e-24
1007002752,20677081410244,20677081.410244,0x0,0.21001596748828888,-0.003340131137520075,-0.008569067344069481,-0.9776546955108643,0.005403486080467701,0.024961814284324646,0.006638884544372559,37.91676330566406
58735822,1358189432868912042,1358189432868.912,0x0,-3.21875,-8.618756122373416e+28,-2.915446857098026e-38,0.0941087156534195,1.645593730725814e-11,285702080.0,7.90325100984396e-31,0.12316037714481354
3961913404,5324119169816379,5324119169.816379,0x0,241282672754688.0,3.205320546474429e+25,2.4001543227473785e-28,2.5338679629965758e+35,-2.3581551208268214e-12,-411715424.0,-32.75022888183594,1.4206875101670424e-24
1005327104,20870354900876,20870354.900876,0x0,0.2093563675880432,-0.003449586220085621,-0.008816145360469818,-0.9777935743331909,0.005603482946753502,0.02569618821144104,0.0057334303855896,38.06053161621094
3623894216,1370855805997562814,1370855805997.563,0x0,-7.786474579846832e-35,-1.1672353263654664e-35,3.005025363059951e-18,3401318400.0,-5.523314146544181e-14,-2.037355759198291e-31,845469345382400.0,0.12316134572029114
3795564154,14140172824051766936,14140172824051.768,0xaa,1.757685134084439e-27,1.0339757656912846e-25,3.843891469185366e-26,1.055276642902999e+17,376.1898193359375,-3.2437572358658444e-19,-46.943572998046875,-5.586801814955005e-39
3212462674,4381710122956371716,4381710122956.372,0x0,-206343986216960.0,3.827813148786028e-29,2.6624670822171524e-44,0.2099621444940567,-0.003344534896314144,-0.00786290131509304,-0.9776721596717834,0.003594251349568367
2533064764,5373597193066299,5373597193.066299,0x0,139796890517504.0,5.192361014082123e+21,-2.406871715195536e+37,2.607442205763416e+35,1.0750055155836448e+22,-25289676800.0,-91.75045776367188,1.4206875101670424e-24
1002476800,21063628466884,21063628.466884,0x0,0.2101355642080307,-0.0036599866580218077,-0.008486289530992508,-0.9776285886764526,0.004556645639240742,0.026103615760803223,0.0068846940994262695,37.91676330566406
3783277777,1383522182419463149,1383522182419.4631,0x0,4.255901647865119e+17,464529402101760.0,-1.1487714800750837e-05,209.7345733642578,-67309641728.0,7.0008725752072464e-15,-275388137472.0,-1.2116632740980326e+17
2856042420,14140181517065574757,14140181517065.574,0xaa,2.3256649858435675e-27,-2.407412430484045e-35,-0.7435204386711121,1.3005518572687899e-15,0.022956887260079384,-9.13036274141632e-05,-1.4116916883151648e-34,5.5856219216480436e-39
3264839740,5423075222748219,5423075222.748219,0x0,202005196832768.0,5.7675435068210065e+26,3.510950685412921e-34,2.5631253388498433e+35,,-25615308685312.0,-4.2554365939178055e+27,1.103552804493712e-24
1002088704,21256901944953,21256901.944953,0x0,0.2102585732936859,-0.003328545717522502,-0.007935580797493458,-0.9776079654693604,0.00392319168895483,0.024615582078695297,0.00728917121887207,37.72507095336914
